0,░з│ю,,aий chиоu
1,░о┤ў,,идi dидi
2,░з║ш▒щ╥░,,ибi hиоng biидn yиз
3,░о─╜,,aим mи┤
4,░┤▓┐╛═░р,,идn bи┤ jiи┤ bибn
5,░┤▐р,,идn nид
6,░▓╞╢└╓╡└,,ибn pикn lии dидo
7,ўЎ╚╗╩з╔л,,идn rивn shий sии
8,░▓╚╗╬▐эж,,ибn rивn wи▓ yидng
9,░┤═╝╦ўцў,,идn tи▓ suип jим
10,░▓╥▌,,ибn yим
11,░▓╓о╚Ї╦╪,,ибn zhий ruи░ sи┤
12,░║╣є,,ибng guим
13,░┴┬¤,,ибo mидn
14,ўщ╒╜,,ивo zhидn
15,░╞,,bиб
16,░╧ьш,,bив hи┤
17,░▐╣┘╥░╩╖,,bидi guибn yиз shил
18,░┘р╣─к▒ч,,bигi huим mи░ biидn
19,░╫═╖┘╔└╧,,bивi tиоu xiиж lигo
20,░┌═╤,,bигi tи▒o
21,░▌┌╦,,bидi yии
22,░┘╒█▓╗─╙,,bигi zhиж bи┤ nивo
23,░▀▓╡┬╜└ы,,bибn bио lи┤ lик
24,░▀Ёп,,bибn jiи▒
25,░ы╔╬,,bидn shигng
26,░№▒╙,,bибo bим
27,░№╕д,,bибo fu
28,▒з║▐╓╒╠ь,,bидo hииn zhинng tiибn
29,▒е╛н▓╫╔г,,bигo jийng cибng sибng
30,▒йьхэзюб,,bидo lим zим suий
31,▒й┬╢,,bидo lи┤
32,░№┬▐═Є╧є,,bибo luио wидn xiидng
33,▒йщх╠ь╬я,,bидo tiигn tiибn wи┤
34,▒йщх╠ь╬я,,bидo tiигn tiибn wи┤
35,▒з═╖╩є┤▄,,bидo tиоu shи│ cuидn
36,▒з╘╣,,bидo yuидn
37,░№╘·,,bибo zиб
38,▒│╡└╢°│█,,bииi dидo ижr chик
39,▒п╖▀╠ют▀,,bиеi fииn tiивn yийng
40,▒░╣к╟№╧е,,bиеi gинng qи▒ xий
41,▒н┼╠└╟╜х,,bиеi pивn lивng jик
42,▒н┼╠└╟╜х,,bиеi pивn lивng jик
43,▒┐╫╛,,bииn zhuио
44,▒╧╣з▒╧╛┤,,bим gинng bим jимng
45,▒╚╝ч╜╙їр,,bил  jiибn jiие zhипng
46,▒═┬щ,,bим mив
47,▒╒─┐╚√╠¤,,bим mи┤ sии tийng
48,▌й▄∙,,bик qi
49,▒╧╨д,,bим xiидo
50,▒╫╥┬╩ш╩│,,bим yий shи▒ shик
51,▒╒╘┬╨▀╗и,,bим yuии xiи▒ huиб
52,єў╫╙,,bим zi
53,▒ц▒Ё,,biидn biиж
54,▒▐▓▀,,biибn cии
55,▒▀┌я,,biибn chи▓i
56,▒ф╗├─к▓т,,biидn huидn mи░ cии
57,▒▐▒┘╚ы└я,,biибn pим rи┤ lил
58,▒щ╠х┴█╔╦,,biидn tил lикn shибng
59,▒ш╫╙,,biидn zi
60,▒ы▒■╟з╣┼,,biибo bилng qiибn gи│
61,▒ъ╨┬┴в╥ь,,biибo xийn lим yим
62,▒э╒├,,biигo zhибng
63,▒Ё╛▀╥╗╕ё,,biиж jи┤ yий gиж
64,▒Є▒Є╙╨└ё,,bийn bийn yипu lил
65,▒Ї┴┘,,bийn lикn
66,▒ў╞·,,bилn qим
67,▒°▓╗╤с╒й,,bийng bи┤ yидn zhид
68,▐Ё│¤,,bимng chи▓
69,▒∙╝д┴ш,,bийng jий lикng
70,▓б╚ы╕ры┴,,bимng rи┤ gибo huибng
71,▒√═щ,,bилng wивn
72,▓в╨╨▓╗уг,,bимng xикng bи┤ bииi
73,▓и└╜,,bин lивn
74,▓ж└╦╣─,,bин lang gи│
75,▓к╚╗┤є┼н,,bио rивn dид nи┤
76,▓й╬┼╟┐╝╟,,bио wижn qiивng jим
77,▓╗▒░▓╗┐║,,bи┤ bиеi bи┤ kидng
78,▓╣│е,,bи│  chивng
79,▓╗│╔╠х═│,,bи┤ chижng tил  tипng
80,▓╗╝┘╦╝╦ў,,bи┤ jiиг  sий suип
81,▓╗╜т╓о╘╡,,bи┤ jiиз zhий yuивn
82,▓╗╛╠╝╚═∙,,bи┤ jiи┤ jим wигng
83,▓╗╛°╚ч┬╞,,bи┤ juиж rи▓ lи╖
84,▓╗┐╔├√╫┤,,bи┤ kиз mикng zhuидng
85,▓╗┐╔╞є╝░,,bи┤ kиз qил  jик
86,▓╗┴▀╓╕╜╠,,bи┤ lимn zhил jiидo
87,▓╜┬─╬м╝ш,,bи┤ lи╖ wижi jiибn
88,▓╗╞л▓╗╥╨,,bи┤ piибn bи┤ yил
89,▓╗╞┌╢°╙Ў,,bи┤ qий ижr yи┤
90,▓╗╟щ╓о╟ы,,bи┤ qикng zhий qилng
91,▓╗╟№▓╗─╙,,bи┤ qu bи┤ nивo
92,▓╗═м╖▓╧ь,,bи┤ tиоng fивn xiигng
93,▓╗╨д╫╙╦я,,bи┤ xiидo zил sи▒n
94,▓╗с▀╦╜╟щ,,bи┤ xи┤n sий qикng
95,▓╗╥┼╙р┴ж,,bи┤ yик yи▓ lим
96,▓┬╢╚,,cибi duио
97,▓┼╗к║с╥ч,,cивi huив hижng yим
98,▓├╛Ў,,cивi juиж
99,▓┼╩ш╤з╟│,,cивi shи▒ xuиж qiигn
100,▓╥▓╗╚╠╢├,,cигn bи┤ rизn dи│
101,▓╥╡н╛н╙к,,cигn dидn jийng yикng
102,▓╥╛°╚╦х╛,,cигn juиж rижn huивn
103,▓╨┐с,,cивn kи┤
104,▓╤└в,,cивn kuим
105,▓╨╘л╢╧▒┌,,cивn yuивn duидn bим
106,▓╨╘№╙р─ї,,cивn zhиб yи▓ niии
107,▓╘┤ф,,cибng cuим
108,▓╫║г╔г╠я,,cибng hигi sибng tiивn
109,▓╫║г╥╗╦┌,,cибng hигi yий sи┤
110,▓╪╬█─╔╣╕,,cивng wи▒ nид gи░u
111,▓▌▌╤╚╦├№,,cигo jiибn rижn mимng
112,▓▌│д▌║╖╔,,cигo zhигng yийng fиеi
113,▓█╫╙╕т,,cивo zi gибo
114,▓╬▓ю▓╗╞ы,,cиеn cий bи┤ qик
115,▓у┬═╡■с╓,,cижng luивn diиж zhидng
116,▓х┐╞┤Є┌╗,,chиб kие dиг  hи┤n
117,▓ю╟┐╚╦╥т,,chиб qiивng rижn yим
118,▓я╥ь,,chид yим
119,▓№▓№╬б╬б,,chидn chan wиеi wиеi
120,є╕Є▄,,chивn chи▓
121,▓№╢п,,chидn dи░ng
122,▓№╢╢,,chидn dипu
123,▓ї═╔,,chивn tuим
124,О,,f╤╥  chивn yивn
125,▓■т▒,,chибng juиж
126,│д╞к└█ы╣,,chивng piибn lизi dи▓
127,тъ╚╗╚Ї╩з,,chидng rивn ruи░ shий
128,│д═╛░╧╔ц,,chивng tи▓ bив shии
129,│д╙ї╢╠╠╛,,chивng xи▒ duигn tидn
130,│пъю,,chивo jимn
131,│╣═╖│╣╬▓,,chии tиоu chии wизi
132,│┴Ёт,,chижn kие
133,│┴ф╧,,chижn miигn
134,│┴─м╣╤╤╘,,chижn mи░ guид yивn
135,│╞╨─╚ч╥т,,chииn xийn rи▓ yим
136,│┴╥ў▓╗╛Ў,,chижn yикn bи┤ juиж
137,│┴╘й─к░╫,,chижn yuибn mи░ bивi
138,юк─┐╜с╔р,,chиеng mи┤ jiиж shиж
139,│═╟░▒╤║є,,chижng qiивn bим hи░u
140,│╨╟░╞Ї║є,,chижng qiивn qил hи░u
141,│╦╚╦╓о╬г,,chижng rижn zhий wиеi
142,│╦╧╢╢°╚ы,,chижng xим ижr rи┤
143,│р│╧,,chим chижng
144,ї╪їщ▓╗╟░,,chик chи▓ bи┤ qiивn
145,ў╬ў╚ў═ў╦,,chий mииi wигng liигng
146,│▄╚ш,,chик rи│
147,│╘╥╗╟╡│д╥╗╓╟,,chий yий qiидnгмzhигng yий zhим
148,Є┐╙╚,,chий yиоu
149,▀│▀х╖ч╘╞,,chим zhид fиеng yи▓n
150,р═╓о╥╘▒╟,,chий zhий yил bик
151,╓╪╡╕╕▓╒▐,,chиоng dигo fи┤ zhиж
152,│ч╕▀,,chиоng gибo
153,у┐у╜,,chинng jилng
154,│ф┼ц,,chинng pииi
155,│ч╤є├─═т,,chиоng yивng mииi wидi
156,│цїЇ,,chиоng zhим
157,у░тъ,,chиоu chидng
158,│ю│ж░┘╜с,,chиоu chивng bигi jiиж
159,│ь│∙,,chиоu chи▓
160,│ь│∙┬·╓╛,,chиоu chи▓ mигn zhим
161,│э├▄,,chипu mим
162,│Ї├√╒╤╓°,,chи░u mикng zhибo zhи┤
163,│ї│Ў├й┬о,,chи▒ chи▒ mивo lи▓
164,│¤╢ё╬ё╛б,,chи▓ ии wи┤ jимn
165,┤е└р┼╘═и,,chи┤ lииi pивng tинng
166,┤е─┐╛к╨─,,chи┤ mи┤ jийng xийn
167,┤ж╨─╗¤┬╟,,chи│  xийn jий lи╕
168,│№╓▌,,chи▓ zhинu
169,┤з▓т,,chuигi cии
170,┤з╢╚,,chuигi duио
171,┤й╦є,,chuибn suин
172,┤й╘ф╕╜╗с,,chuибn zивo fи┤ huим
173,┤пЁш,,chuибng jiиб
174,┤░├ў╝╕╛╗,,chuибng mикng jий jимng
175,┤пЁъ┬·─┐,,chuибng yик mигn mи┤
176,┤╡├л╟є┤├,,chuий mивo qiи▓ cий
177,┤╣╧╤,,chuик xiивn
178,┤╣╧╤╚¤│▀,,chuик xiивn sибn chил
179,┤╖╨╪╢┘╫у,,chuик xiинng dи┤n zи▓
180,┤╜╜╣╔р▒╓,,chи▓n jiибo shиж bим
181,┤╜═Ў│▌║о,,chи▓n wивng chил hивn
182,┤║╥т░╗╚╗,,chи▒n yим идng rивn
183,ъб╤з,,chuи░ xuиж
184,Ї┘Ї╬,,cик bиб
185,┤╩▓╗┤я╥т,,cик bи┤ dив yим
186,┤╟╛╔╙н╨┬,,cик jiи┤ yикng xийn
187,┤╚╧щ,,cик xiивng
188,┤╙╔╞╚ч┴ў,,cиоng shидn rи▓ liи▓
189,┤╒║╧,,cи░u he
190,ї╛╢ю,,cи┤ иж
191,тз╚╗,,cи┤ rивn
192,┤╪╙╡,,cи┤ yинng
193,┤╓╓╞└─╘ь,,cи▒ zhим lидn zидo
194,шнш▓,,cuил  cидn
195,┤▌┐▌└н╨р,,cuий kи▒ lиб xiи│
196,┤р╚ї,,cuим ruи░
197,тт╢╚,,cи│n duио
198,ёх┴╤,,cи▒n liии
199,с╧╢ы,,cuио иж
200,╪╚╗Ё╗¤╨╜,,cuи░ huип jий xийn
201,їуї╔╦ъ╘┬,,cuин tuио suим yuии
202,ў▓ў░,,dив dив
203,┤ю╡╡,,dиб dидng
204,┤є╖в└╫Ўк,,dид fиб lижi tикng
205,┤є╖┼╪╩┤╩,,dид fидng juиж cик
206,┤є╗є▓╗╜т,,dид huи░ bи┤ jiиз
207,┤є╝╥╖ч╖╢,,dид jiиб fиеng fидn
208,┤Є╜┴,,dиг  jiигo
209,┤є├√╢ж╢ж,,dид mикng dилng dилng
210,┤є├¤▓╗╚╗,,dид miи┤ bи┤ rивn
211,┤є╞°░їэч,,dид qим pивng bио
212,┤є╔▒╖ч╛░,,dид shиб fиеng jилng
213,┤ю┌и,,dиб shидn
214,┤я╬╙╢√╫х,,dив wи░ изr zи▓
215,┤є╤╘▓╗▓╤,,dид yивn bи┤ cивn
216,┤є╙э╓╬╦о,,dид yи╖  zhим shuил
217,чщшг,,dидi mидo
218,с╖╫┌,,dидi zинng
219,╡н▓┤├ў╓╛,,dидn bио mикng zhим
220,╡в╕щ,,dибn gие
221,щщ╛л╜▀┬╟,,dибn jийng jiиж lи╕
222,╡и╟╙,,dигn qiии
223,єь╩│╞░╥√,,dибn shик piивo yилn
224,╡в╬є,,dибn wи┤
225,╡┤╞°╗╪│ж,,dидng qим huик chивng
226,╡│═м╖е╥ь,,dигng tиоng fив yим
227,╡┤╤·,,dидng yидng
228,╡└├▓░╢╚╗,,dидo mидo идn rивn
229,╡└╟╕,,dидo qiидn
230,╡├┬д═√╩ё,,dиж lипng wидng shи│
231,╡╟╖х╘ь╝л,,dиеng fиеng zидo jик
232,╡╚║Є,,dизng hи░u
233,╡╞╨╛╚▐,,dиеng xийn rиоng
234,╡╓╡▓,,dил  dигng
235,┌о╗┘,,dик huик
236,╡═┴╙,,dий liии
237,р╟╔∙р╟╞°,,diиг  shиеng diиг  qим
238,╡ч╖╣ь╥,,diидn fидn bибo
239,╡▀┼ц┴ў└ы,,diибn pииi lикu lик
240,╡▀╟╤,,diибn qiиж
241,╡Є▒╓,,diибo bим
242,рйрй▓╗╨▌,,diиж diиж bи┤ xiи▒
243,╢е└ё─д░▌,,dилng lил mио bидi
244,╢ж┴ж╧р╓·,,dилng lим xiибng zhи┤
245,╢ж╩в,,dилng shииng
246,╢к┐°╨╢╝╫,,diи▒ kuий xiии jiиг
247,╢к╚¤┬ф╦─,,dийu sибn lид sил
248,╢┤╚Ї╣█╗Ё,,dи░ng ruи░ guибn huип
249,╢л╩й╨зЄн,,dинng shий xiидo pикn
250,╢пщ№╡├╛╠,,dи░ng zhиж dиж jiи┤
251,╢╣▐в,,dи░u kи░u
252,╢╣▐в─ъ╗к,,dи░u kи░u niивn huив
253,╢╕╟═,,dипu qiидo
254,╢╜┤┘,,dи▒ cи┤
255,╢╝╜н╤▀,,dи▒ jiибng yидn
256,╢└╛▀╜│╨─,,dи▓ jи┤ jiидng xийn
257,р╜рь,,dи▒ nang
258,╢└▒┘їш╛╢,,dи▓ pим xий jимng
259,╢└╒╝ўб═╖,,dи▓ zhидn ивo tиоu
260,╢┼╫л,,dи┤ zhuидn
261,╢╦─▀,,duибn nик
262,╢╦─▀┐╔▓ь,,duибn nик kиз chив
263,╢╦╧ъ,,duибn xiивng
264,╢╘╓┼,,duим zhим
265,╢╒▓╝,,dи▒n bи┤
266,╢█╞ў,,dи┤n qим
267,╢у▒▄,,duип  bим
268,▀═▀═▒╞╚╦,,duин duин bий rижn
269,╢р╢р╥ц╔╞,,duин duин yим shидn
270,╢р─▒╔╞╢╧,,duин mиоu shидn duидn
271,╢ё╣с┬·╙п,,ии guидn mигn yикng
272,ыё┴╤,,ии liии
273,╢Ўщш/╢Ў▌│,,ии piигo
274,╢Ўщш▒щ╥░,,ии piигo biидn yиз
275,╢є═є,,ии wидn
276,░в┌─╖ю│╨,,ие yи▓ fииng cheng
277,╖б,,ииr
278,╢·ў▐╪╦─е,,изr bимn sий mио
279,Ё╣Ё┼,,ижr miивo
280,╢·хж─┐╚╛,,изr rи│  mи┤ rигn
281,╢·╩ь─▄╧ъ,,изr shи▓ nижng xiивng
282,╢√╙▌╬╥╒й,,изr yи▓ wип  zhид
283,╖в╜═,,fиб jiидo
284,╖╢│ы,,fидn chиоu
285,╖┤█╗,,fигn chи▓
286,╖┤┤╜╧р╗№,,fигn chи▓n xiибng jий
287,╖┤╣к╫╘╬╩,,fигn gинng zим wииn
288,╖╡╞╙╣щ╒ц,,fигn pи▓ guий zhиеn
289,╖н╚╗╗┌╬Є,,fибn rивn huил wи┤
290,╖м╩п┴ё,,fибn shик liu
291,╖▒╬─ч╚╜┌,,fивn wижn rи┤ jiиж
292,╖┼└╦╨╬║б,,fидng lидng xикng hивi
293,╖└╬в╢┼╜е,,fивng wиеi dи┤ jiидn
294,╖╜╨╦╬┤░м,,fибng xийng wииi идi
295,╖┐щ▄,,fивng yивn
296,╖└╙∙,,fивng yи┤
297,╖╠░∙,,fизi bидng
298,╖╧╟▐═№╩│,,fииi qилn wидng shик
299,╖╔╤я░╧ьш,,fиеi yивng bив hи┤
300,╖╦╥─╦∙╦╝,,fизi yик suип sий
301,╖╓▒└└ы╬Ў,,fиеn bиеng lик xий
302,╖╓╡└╤яяЁ,,fиеn dидo yивng biибo
303,╖▀эп,,fииn mииn
304,╖█╩╬╠л╞╜,,fизn shим tидi pикng
305,╖╫╓┴э│└┤,,fиеn zhим tид lивi
306,╖ч▓═┬╢╦▐,,fиеng cибn lи┤ sи┤
307,╖ч│█╡ч│╕,,fиеng chик diидn chии
308,╖ч┴ў┘├┘╬,,fиеng liи▓ tим tигng
309,╖х┬═╡■с╓,,fиеng luивn diиж zhидng
310,╖я├лўы╜╟,,fииng mивo lикn jiигo
311,╖ч├╥╥╗╩▒,,fиеng mил  yий shик
312,╖ч╟х▒╫╛°,,fиеng qийng bим juиж
313,╖ю╬к╣чЇл,,fииng wижi guий niии
314,╖э╥╗╚░░┘,,fизng yий quидn bигi
315,╖ч╙ъ╚ч╗▐,,fиеng yи│  rи▓ huим
316,╖ч╘╧,,fиеng yи┤n
317,╖ч╘╞╝╩╗с,,fиеng yи▓n jим huим
318,╖ч╫╦┤┬╘╝,,fиеng zий chuи░ yuие
319,╕к╡╫│щ╨╜,,fи│  dил  chинu xийn
320,╕б╣т┬╙╙░,,fи▓ guибng lи╣ии yилng
321,╖Ў╪└,,fи▓ jий
322,╕з╜ё╫╖╬Ї,,fи│ jийn zhuий xий
323,╕║╛г╟ы╫я,,fи┤ jийng qилng zuим
324,╖Ў└╧╨п╙╫,,fи▓ lигo xiиж yи░u
325,╖Ї╟│,,fи▒ qiигn
326,▄╜╚╪,,fи▓ rиоng
327,╕й╩░╜╘╩╟,,fи│ shик jiие shим
328,┘ь╦о,,fи▓ shuик
329,╕▓╦о─╤╩╒,,fи┤ shuил nивn shинu
330,╕░╠└╡╕╗Ё,,fи┤ tибng dигo huип
331,╖ў╧■,,fи▓ xiигo
332,╕║╨╜╛╚╗Ё,,fи┤ xийn jiи┤ huип
333,╖є╤▄,,fи▒ yидn
334,╖є╤▄╠┬╚√,,fи▒ yигn tивng sии
335,╖Ў╥б╓▒╔╧,,fи▓ yивo zhик shидng
336,Ёе╙Ї,,fи┤ yи┤
337,╕люс,,fи│  yuии
338,╕┬р╘┤р,,gиб bиеng cuим
339,┘д┬э╡╢,,gиб mиг  dибo
340,╕╞╗п,,gидi huид
341,╕┼└и,,gидi kuи░
342,╕┼─к─▄═т,,gидi mи░ nижng wидi
343,╕─╫╢,,gигi zhuий
344,╕╔▒ё,,gибn biиз
345,╕╨╢ў┤ў╡┬,,gигn иеn dидi dиж
346,▐╧▐╬,,gибn gид
347,█с█Ў,,gибn guин
348,╕╨╝д╠щ┴у,,gигn jий tим lикng
349,▀ж├ц╒╚,,gигn miидn zhидng
350,╕╔▀▄,,gибn yue
351,╕┘╛┘─┐╒┼,,gибng jи│ mи┤ zhибng
352,╕╒╒¤▓╗░в,,gибng zhииng bи┤ ие
353,╕ц╜ф,,gидo jiии
354,╕▀┴╗,,gибo liивng
355,╕цє└,,gидo qимng
356,╕▀╬▌╜иъ▓,,gибo wи▒ jiидn lикng
357,╕▐╠╒,,gибo yивo
358,╕▀╒░╘╢╓ї,,gибo zhибn yuигn zhи│
359,╕я╣╩╢ж╨┬,,gиж gи┤ dилng xийn
360,╪ю└╨╫х,,gие lигo zи▓
361,╕ў╩у╝║╝√,,gии shи▒ jил jiидn
362,╕ё╬я╓┬╓к,,gиж wи┤ zhим zhий
363,╕ў╓┤╝║╝√,,gии zhик jил jiидn
364,╕∙╔ю╡┘╣╠,,gиеn shиеn dим gи┤
365,╣г╕┼,,gизng gидi
366,╣ж░▄┤╣│╔,,gинng bидi chuик chижng
367,╣е│╟┬╘╡╪,,gинng chижng lи╣ии dим
368,Ўб│я╜╗┤э,,gинng chиоu jiибo cuи░
369,╣м╡ю,,gинng diидn
370,ы┼╣╟,,gинng gи│
371,╣ж┐ў╥╗єё,,gинng kuий yий kuим
372,╣╖╣╢╙м╙к,,gипu gипu yикng yикng
373,╣╡█╓,,gинu hии
374,╣╢╟╥═╡░▓,,gипu qiиз tинu ибn
375,╣╖╬▓╨°її,,gипu wизi xи┤ diибo
376,╣╢╤╙▓╨┤н,,gипu yивn cивn chuигn
377,╣┬╖╝╫╘╔═,,gи▒ fибng zим shигng
378,╣╟ў└,,gи│  gиж
379,╣╦╝╔,,gи┤ jим
380,╣╩╝┐╓╪╤▌,,gи┤ jим chиоng yигn
381,╣┬┐р┴ц╪ъ,,gи▒ kи│ lикng dийng
382,╣┬┬к╣╤╬┼,,gи▒ lи░u guиг wижn
383,╣┴├√╡Ў╙■,,gи▒ mикng diидo yи┤
384,╣╩╠м╕┤├╚,,gи┤ tидi fи┤ mижng
385,╣╦╙░╫╘┴п,,gи┤ yилng zим liивn
386,╣┬╫в╥╗╓└,,gи▒ zhи┤ yий zhим
387,╣╧╕Ё,,guиб gиж
388,╣╤┴о╧╩│▄,,guиг liивn xiигn chил
389,╣╬─┐╧р┐┤,,guиб mи┤ xiибng kидn
390,╣╧╚┐,,guиб rивng
391,╣╬ЁЁ,,guиб shиб
392,╣╧╩ь╡┘┬ф,,guиб shи▓ dим luи░
393,╣╓ё▒,,guидi pил
394,╣╒═ф─и╜╟,,guигi wибn mи░ jiигo
395,ўд╣╤╣┬╢└,,guибn guиг gи▒ dи▓
396,╣▄┐·є╗▓т,,guигn kuим lик cии
397,╣┌├с╠├╗╩,,guибn miигn tивng huивng
398,╣▐═╖,,guидn tou
399,ю┬╧┤╩╥,,guидn xил  shим
400,╣▄╓╨┐·▒к,,guигn zhинng kuий bидo
401,╣т╨ў,,guибng xи┤
402,╣т╫┌╥л╫ц,,guибng zинng yидo zи│
403,╣х▒ж,,guий bигo
404,╣щ╕∙╜с╡┘,,guий gиеn jiиж dим
405,╣э╣э╦ю╦ю,,guил guил suим suим
406,╣ю╝╞╢р╢╦,,guил jим duин duибn
407,╣ю┌▄,,guил  juиж
408,ўм╙у,,guим yи▓
409,╣√▓╗╞ф╚╗,,guип bи┤ qик rивn
410,╣¤─┐│╔╦╨,,guи░ mи┤ chижng sи░ng
411,╣¤╙╠▓╗╝░,,guи░ yиоu bи┤ jик
412,╣■╟╖,,hиб qian
413,║г╩╨Є╫┬е,,hигi shим shииn lиоu
414,║и│й┴▄└ь,,hибn chидng lикn lик
415,║оэ╫,,hивn chen
416,║╣┴ўфд▒│,,hидn liи▓ jiиб bииi
417,║й╠м┐╔▐ф,,hибn tидi kиз jи▒
418,║╗╩╡,,hибng shик
419,Ёй│▌╢ъ├╝,,hидo chил иж mижi
420,║├╕▀цЁ╘╢,,hидo gибo wи┤ yuигn
421,║─╜▀,,hидo jiиж
422,║└╟щ╥▌╓┬,,hивo qикng yим zhим
423,║├╥▌╢ё└═,,hидo yим wи┤ lивo
424,║═░к,,hие  игi
425,║═░к┐╔╟╫,,hиж игi kиз qийn
426,║╔╢√├╔,,hиж изr mижng
427,║╫╖в═п╤╒,,hии fид tиоng yивn
428,║╦▄╒╦с,,hиж gибn suибn
429,║╧┬г,,hиж lипng
430,║═─└,,hиж mи┤
431,║═╤╒╘├╔л,,hиж yивn yuиз sии
432,║═╓╘╣▓╝├,,hиж zhинng gи░ng jим
433,║ш├┼╤ч,,Hиоng mижn yидn
434,║ч╬№,,hиоng xий
435,у╚╓╨╦┴═т,,hиоng zhинng sим wидi
436,║є╣╦╓о╙╟,,hи░u gи┤ zhий yинu
437,║ё╤╒╬▐│▄,,hи░u yивn wи▓ chил
438,тя╢ё▓╗ук,,hи┤ ии bи┤ quибn
439,║№╝┘╗в═■,,hи▓ jiиг hи│ wиеi
440,║·╜┴┬∙▓°,,hи▓ jiигo mивn chивn
441,╗в╛с┴·┼╠,,hи│ jи┤ lиоng pивn
442,║№┼є╣╖╙╤,,hи▓ pижng gипu yипu
443,╗в╩╙эёэё,,hи│ shим dибn dибn
444,╗з╩р▓╗є╝,,hи┤ shи▒ bи┤ dи┤
445,тйс°,,hи▓ sи▒n
446,фяу√║╙,,hи▒ tuио hиж
447,║№╥╔▓╗╛Ў,,hи▓ yик bи┤ juиж
448,╗н╢░╡ё┴║,,huид dи░ng diибo liивng
449,╗к╢√╫╚,,huив изr zий
450,╗мь╓,,huив liи▒
451,╗п╧╒╬к╥─,,huид xiигn wижi yик
452,╗й╓┌╚б│ш,,huив zhи░ng qи│ chипng
453,╗│шк╬╒шд,,huивi jилn wи░ yи▓
454,╗╢║Ї╚╕╘╛,,huибn hи▒ quии yuии
455,╗╢╨└╣─╬ш,,huибn xийn gи│ wи│
456,╗┐╤°,,huидn yигng
457,╗╞Ёу,,huивng dигn
458,╗─╡о╬▐╗№,,huибng dидn wи▓ jий
459,╗╨╚╗,,huигng hивn
460,╗╠┐╓,,huивng kипng
461,╗╠┐╓▓╗░▓,,huивng kипng bи┤ ибn
462,╗─├¤,,huибng mимu
463,╗╞▄╬,,huивng qик
464,╗╨╚ч╕Ї╩└,,huигng rи▓ gиж shим
465,╗╪│ж╡┤╞°,,huик chивng dидng qим
466,╗╓║ы,,huий hиоng
467,╗ф╝▓╝╔╥╜,,huим jик jим yий
468,╗▀┬╕,,huим lи┤
469,╗ф─к╚ч╔ю,,huим mи░ rи▓ shиеn
470,╗х╚╦▓╗╛ы,,huим rижn bи┤ juидn
471,╗▐╔м,,huим sии
472,╗ц╔∙╗ц╔л,,huим shиеng huим sии
473,┌╢╨│,,huий xiиж
474,╗ы╗ы╪м╪м,,hи▓n hи▓n ии ии
475,╗ъ╟г├╬▌╙,,hи▓n qiибn mииng yикng
476,╗ы╚╗╥╗╠х,,hи▓n rивn yий tил
477,╗ы╠ь╥╟,,hи▓n tiибn yик
478,╗ь╧¤╩╙╠¤,,hи┤n xiивo shим tийng
479,╗Ў╣·╤ъ├ё,,huи░ guио yибng mикn
480,║═├ц,,huио miидn
481,╗Ў╞Ё╧Ї╟╜,,huи░ qил xiибo qiивng
482,╗э╚╗┐к└╩,,huи░ rивn kибi lигng
483,▐╜╧у,,huи░ xiибng
484,▄∙▓╦,,jим cидi
485,╝в│жъдъд,,jий chивng lи┤ lи┤
486,╝╡╢╩,,jим dи┤
487,╝▓╢ё╚ч│Ё,,jик ии rи▓ chиоu
488,╝о╣с,,jик guидn
489,сзсз┐╔╬г,,jик jик kиз wиеi
490,я·┐╡,,jий kибng
491,╝└їк,,jим lииi
492,╝е┌╜,,jий qiидo
493,╝╞╟ю┴ж╜▀,,jим qiиоng lим jiиж
494,╝╞╚╒│╠╣ж,,jим rим chижng gинng
495,╗¤╔││╔╦■,,jий shиб chижng tиг
496,╝╚═∙▓╗╛╠,,jим wигng bи┤ jiи┤
497,╝▓╤╘└ў╔л,,jик yивn lим sии
498,╝╚╥к,,jим yидo
499,╝п╥╕│╔Ї├,,jик yии chижng qiи▓
500,╗¤╓╪─╤╖╡,,jий zhи░ng nивn fигn
501,╝д╫╟╤я╟х,,jий zhuио yивng qийng
502,╝┘╣л╝├╦╜,,jiиг gинng jим sий
503,╝▐╗Ў╙┌╚╦,,jiид huи░ yи▓ rижn
504,╝█┴о╬я├└,,jiид liивn wи┤ mизi
505,╝╬┴ъ╜н,,jiиб lикng jiибng
506,ъй╚╗,,jiив rивn
507,┘дВЬ╟┘,,jiиб yие qикn
508,╜г░╬хє╒┼,,jiидn bив nи│ zhибng
509,╝с▒┌╟х╥░,,jiибn bим qийng yиз
510,╝с│╓▓╗╨╕,,jiибn chик bи┤ xiии
511,╝ш┐р╫┐╛°,,jiибn kи│ zhuио juиж
512,ыь╟╩╤╫,,jiидn qiидo yивn
513,╝ц╚▌▓в░№,,jiибn rиоng bимng bибo
514,╝ь╦ў,,jiигn suип
515,╝√╬в╓к╓°,,jiидn wиеi zhий zhи┤
516,╝ф╨к,,jiидn xiие
517,┘╘╘╜,,jiидn yuии
518,ыж╫╙,,jiидn zi
519,╝¤я▀,,jiидn zи▓
520,Ї°╢╣,,jiибng dи░u
521,╜л╣ж╩ъ╫я,,jiибng gинng shи▓ zuим
522,╜н└╔▓┼╛б,,jiибng lивng cивi jимn
523,╜╡┬ф,,jiидng luид
524,╜н╨─▓╣┬й,,jiибng xийn bи│  lи░u
525,╜╗╛э,,jiибo juигn
526,╜├╚р╘ь╫ў,,jiигo rиоu zидo zuи░
527,╜╣╠┐,,jiибo tидn
528,╜├═ў╣¤╒¤,,jiигo wигng guи░ zhииng
529,шюцё▓╗╤▒,,jiиж идo bи┤ xи┤n
530,╜╒╕╤,,jiие gигn
531,╜█╣г,,jiиж gизng
532,╜┘║є╙р╔·,,jiиж hи░u yи▓ shиеng
533,╜▀╛б╚л┴ж,,jикe jимn quивn lим
534,▐╫╛▌,,jiиж jи▒
535,р╡└┤╓о╩│,,jiие lивi zhий shик
536,╜╙їр╢°╓┴,,jiие zhипng ижr zhим
537,шюц√,,jiиж zhи░u
538,╜▌╫у╧╚╡╟,,jiиж zи▓ xiибn dиеng
539,╜Ё▒╠╗╘╗═,,jийn bим huий huивng
540,╜Ё▓ї═╤┐╟,,jийn chивn tuин qiидo
541,╜√я└,,jимn gи┤
542,╜Ї╣┐╓ф,,jилn gи▒ zhи░u
543,╛б╣▄,,jилn guигn
544,╜Є╜Є└╓╡└,,jийn jийn lии dидo
545,╜Ё┐╞╙ё┬╔,,jийn kие yи┤ lи╕
546,╜ЁЎ╟╡ю,,jийn luивn diидn
547,╜ї─╥├ю╝╞,,jилn nивng miидo jим
548,╜Ї╟╬,,jилn qiидo
549,рф╚Ї║о▓ї,,jимn ruи░ hивn chивn
550,╜ў╔ў,,jилn shииn
551,╜°═╦╬м╣╚,,jимn tuим wижi gи│
552,╜Ё╪г╩ї,,jийn wи┤ zhи▓
553,╜ў╤╘╔ў╨╨,,jилn yивn shииn xикng
554,╜Ё╙ё╞ф═тгм░▄╨ї╞ф╓╨,,jийn yи┤ qик wидiгмbидi xи┤ qик zhинng
555,╜№╘┌хы│▀,,jимn zидi zhил chил
556,╜■╫╒,,jимn zим
557,╛к╗┼╩з┤ы,,jийng huибng shий cuи░
558,╛в┬├,,jимng lи╖
559,╛╖┬╬,,jийng luивn
560,ыц┬┌,,jийng lи▓n
561,╛м├╫,,jийng mил
562,╛┤┼х,,jимng pииi
563,╛о╚╗╙╨╨Є,,jилng rивn yипu xи┤
564,╛л╔ё╢╢╦╙,,jийng shижn dипu sипu
565,╛л╔ё╗╨у▒,,jийng shижn huигng hи▒
566,╛п╠ш,,jилng tим
567,╛╝╛╝╙╨╔ё,,jiипng jiипng yипu shижn
568,╛┴,,jiи│
569,╛╩│▌,,jiи┤ chил
570,ЇёЇё╬ф╖Є,,jiи▒ jiи▒ wи│  fи▒
571,╛┼╩б═исщ,,jiи│  shизng tинng qи▓
572,Ёп╒╝╚╡│▓,,jiи▒ zhидn quии chивo
573,╛┘░╕╞ы├╝,,jи│ идn qик mижi
574,╛╧╣к╛б┤с,,jи╡  gинng jимn cuим
575,╛█╝п,,jи┤ jик
576,╛▄┌╔╩╬╖╟,,jи┤ jiидn shим fиеi
577,╛╨╜ў,,jи▒ jилn
578,╛█╛л╗с╔ё,,jи┤ jийng huим shижn
579,╛╙╨─╪╧▓т,,jи▒ xийn pип cии
580,щ┘╫╙,,jи▓ zi
581,╛┘▓╜╬м╝ш,,jи│  bи┤   wижi  jiибn
582,я╘┐╠,,juибn kии
583,╛эр∙║╞╖▒,,juидn zhим hидo fивn
584,╛ў╟╧,,jи▓e qiидo
585,╛Ё╚б,,juиж qи│
586,╛■╟═,,jи┤n qiидo
587,┐м─г,,kигi mио
588,┐к▒┘,,kибi pим
589,┘й┘й╢°╠╕,,kигn kигn ижr tивn
590,┐▒╠╜,,kибn tидn
591,┐╢┐о,,kибng kигi
592,┐╢┐о│┬┤╩,,kибng kигi chижn cик
593,┐╡╬ї,,Kибngxий
594,┐╝х■,,kигo bил
595,┐╛Їя,,kигo fи▒
596,┐╛т╬,,kигo nивng
597,ъ√╔═,,kидo shигng
598,┐─░э,,kие bидn
599,┐╦╡╨╓╞╩д,,kии dик zhим shииng
600,ЄЄЄ╜,,kие dипu
601,┐╠╣╟├·╨─,,kии gи│ mикng xийn
602,уб╩╪▓╗╙х,,kии shипu bи┤ yи▓
603,┐╚╦╘,,kиж sи░u
604,┐╒╣╚╫у╥Ї,,kинng gи│ zи▓ yийn
605,┐╒┐╒╚ч╥▓,,kинng kинng rи▓ yиз
606,┐┌┐╩,,kипu kиз
607,┐┌├█╕╣╜г,,kипu mим fи┤ jiидn
608,┐┌╓я▒╩╖е,,kипu zhи▒ bил  fив
609,┐▀┴■,,kи▒ long
610,┐р╨─╣┬╥ш,,kи│ xийn gи▒ yим
611,┐ц░№,,kuид bибo
612,┐ч╘╜,,kuид yuии
613,ы┌╓╦╚╦┐┌,,kuидi zhим rижn kипu
614,ў┼╣╪╜┌,,kuибn guибn jiиж
615,┐э╦б,,kuибn shи┤
616,┐є▓╪,,kuидng cивng
617,┐ї╣┼╬┤╬┼,,kuидng gи│ wииi wижi
618,┌┐╙я,,kuивng yи│
619,┐■└▄,,kuил  lизi
620,┐∙╚╗▓╗╢п,,kuий rивn bи┤ dи░ng
621,└г╔в,,kuим sидn
622,┐¤╬р,,kuик wи▓
623,└з╗є,,kи┤n huи░
624,└з╩▐╙╠╢╖,,kи┤n shи░u yиоu dи░u
625,└о┬я,,lиг  ma
626,ххх▌,,lиб ta
627,┬ф╧┬,,lид xiид
628,ёо╕Єєб,,lидi hив ma
629,ф╡╘┤,,lивi yuивn
630,ё▄ё┌,,lивn lи╖
631,└╗╔║,,lивn shибn
632,└╗╬▓╤╫,,lивn wизi yивn
633,└─є─│ф╩¤,,lидn yи▓ chинng shи┤
634,└╟▒╖╬к╝щ,,lивng bииi wижi jiибn
635,я╢юї╚ы╙№,,lивng dибng rи┤ yи┤
636,└╦╝г╠ь╤─,,lидng jим tiибn yив
637,└╙▒¤,,lидo bилng
638,└═╢┘,,lивo dи┤n
639,└╧цў╖№ш└,,lигo jим fи▓ lим
640,ї▓╘у,,lивo zибo
641,┬ф╒э,,lидo zhизn
642,└╓▓╗╦╝╩ё,,lии bи┤ sий shи│
643,└╒╦ў,,lие suип
644,└▐╣─,,lижi gи│
645,└╒╜Ї,,lиеi jилn
646,└█┬╤╓о╬г,,lизi luигn zhий wиеi
647,┘·╚ї,,lижi ruи░
648,┤а╩п,,lижi shик
649,└╫Ўк═Є╛√,,lижi tикng wидn jи▒n
650,└ф│░╚╚╖э,,lизng chивo rии fизng
651,└т╜╟,,lижng jiигo
652,└ў▒°яў┬э,,lим bийng mи░ mиг
653,┴в╕═╝√╙░,,lим gибn jiидn yилng
654,┴в╣ж╩ъ╫я,,lим gинng shи▓ zuим
655,└√║ж╪№╣╪,,lим hидi yинu guибn
656,└чю№,,lик huив
657,└°╛л═╝╓╬,,lим jийng tи▓ zhим
658,┴д└╘,,lим lидo
659,└·└·╘┌─┐,,lим lим zидi mи┤
660,└√┴ю╓╟╗ш,,lим lимng zhим hи▒n
661,└ш├ё,,lик mикn
662,┴┘─б,,lик mио
663,└э╟№┤╩╟ю,,lил qи▒ cик qiиоng
664,└№╦█╫х,,lим sи┤ zи▓
665,┴ж═ь┐ё└╜,,lим wигn kuивng lивn
666,└√╙√╤м╨─,,lим yи┤ xи▒n xийn
667,┴в╫╢╓о╡╪,,lим zhuий zhий dим
668,└ы╛н┼╤╡└,,lик   jийng  pидn  dидo
669,┴кё╟,,liивn mииi
670,┴о╞─,,liивn pин
671,┴╝▌м▓╗╞ы,,liивng yипu bи┤ qик
672,▐═їъ╫╙,,liидo juиз zi
673,р┌┴┴,,liивo liидng
674,ч╘╚╞,,liивo rидo
675,┴╚╚Ї│┐╨╟,,liивo ruи░ chижn xийng
676,┴─╩д╙┌╬▐,,liивo shииng yи▓ wи▓
677,┴╠╠Ї╫╙,,liидo tiибo zi
678,▓,,t═√  liивo wидng
679,┴─╥╘╫╘╬┐,,liивo yил zим wииi
680,┴╟╘н,,liивo yuивn
681,└ю┤єю╚,,Lилdидzhибo
682,┴╙╝г╒╤╓°,,liии jим zhибo zhи┤
683,ЇєЇЄ,,liии qie
684,┴█┤╬ш╬▒╚,,lикn cим zhим bил
685,┴▄└ь╛б╓┬,,lикn lик jимn zhим
686,┴▌┘¤,,lилn liии
687,┴▀╪─,,lимn sии
688,щ▌╠ї,,lилn tiивo
689,┴┘╬г╩┌├№,,lикn wиеi shи░u mимng
690,▌■╧р╚ч,,lимn xiидng rи▓
691,хр╤б,,lикn xuигn
692,┴┘╘и╧█╙у,,lикn yuибn xiидn yи▓
693,┴ш│┐,,lикng chижn
694,┴т╜╟,,lикng jiигo
695,┴счч╠▐═╕,,lикng lиоng tий tи░u
696,┴ш╧Ў╗и,,lикng xiибo huиб
697,┴ц╤└└■│▌,,lикng yив lим chил
698,┬╜,,lимu
699,┴ў┴м═№╖╡,,liи▓ liивn wидng fигn
700,┴ў╦о▓╗╕пгм╗з╩р▓╗є╝,,liи▓ shuил  bи┤ fи│гмhи┤ shи▒ bu dи┤
701,┴ў╤╘Єу╙я,,liи▓ yивn fиеi yи│
702,┴·╥ў╗в╨е,,lиоng yийn hи│  xiидo
703,┬пєы╫╙,,lи▓ bим zi
704,┬╛┴ж═м╨─,,lи┤ lим tиоng xийn
705,┬лє╧,,lи▓ shиеng
706,┬┼╩╘▓╗╦м,,lи╖ shим bи┤ shuигng
707,┬╢╦о,,lи┤ shuил
708,┬╓ь▒,,lи▓n gи│
709,▐█╗в╨ы,,luин hи│  xи▒
710,┬х╤Ї╓╜╣є,,luи░ yивng zhил  guим
711,┬ч╥я▓╗╛°,,luи░ yим bи┤ juиж
712,┬щ▒╘┤є╥т,,mив bим dид yим
713,┬э╣╙,,mиг  guиг
714,┬э╩╫╩╟╒░,,mиг  shипu shим zhибn
715,┬Ї╣┘хў╛Ї,,mидi guибn yи┤ juиж
716,┬■▓╗╛н╨─,,mидn bи┤ jийng xийn
717,┬·╕╣╛н┬┌,,mигn fи┤ jийng lи▓n
718,┬∙║с,,mивn hииng
719,┬∙║с╬▐└э,,mивn hииng wи▓ lил
720,┬·─┐┤пЁъ,,mигn mи┤ chuибng yик
721,┬¤╠ї╦╣└э,,mидn tiивo sий lил
722,├в┤╠╘┌▒│,,mивng cим zидi bииi
723,├ж┬╡,,mивng lи┤
724,├л╣╟уд╚╗,,mивo gи│  sипng rивn
725,├п├▄,,mидo mим
726,├й╚√╢┘┐к,,mивo sии dи┤n kибi
727,├л╦ь╫╘╝Ў,,Mивo Suим zим jiидn
728,├░╠ь╧┬╓о┤є▓╗ш╕,,mидo tiибn xiид zhий dид bи┤ wижi
729,├┐┐Ў╙·╧┬,,mизi kuидng yи┤ xiид
730,├└┬╓├└█╝,,mизi lи▓n mизi huидn
731,├┼╝ў/├┼┐▓,,mижn kигn
732,├┼┐╔┬▐╚╕,,mижn kиз luио quии
733,├┼═е╚Ї╩╨,,mижn tикng ruи░ shим
734,├╔├┴╬▐╓к,,mижng mииi wи▓ zhий
735,├╬ў╩,,mииng yигn
736,ти║я,,mик hиоu
737,├╘╗є,,mик huи░
738,├╓╠ь┤є╗╤,,mик tiибn dид huигng
739,├х╡щ,,miигn diидn
740,├ц├ц╧ръя,,miидn miидn xiибng qи┤
741,├ц╩┌╗·╥╦,,miидn shи░u jий yик
742,├у╬к╞ф─╤,,miигn wижi qик nивn
743,├р╤╙╞Ё╖№,,miивn yивn qил  fи▓
744,├ю╚д║с╔·,,miидo qи┤ hижng shиеng
745,├ъ╩╙,,miигo shим
746,├ь╬▐╥Ї╤╢,,miигo wи▓ yийn xи┤n
747,├я╩╙,,miии shим
748,├ё╔·╡Є▒╓,,mикn shиеng diибo bим
749,├√▓╗╕▒╩╡,,mикng bи┤ fи┤ shик
750,├√╕▒╞ф╩╡,,mикng bи┤ fи┤ shик
751,├ў▓ь╟я║┴,,mикng chив qiи▒ hивo
752,├ў╗Ё╓┤╒╠,,mикng huип zhик zhидng
753,├·╝╟▓╗═№,,mикng jим bи┤ wидng
754,├√ч╓└√╦°,,mикng jiибng lим suип
755,├°Є╚,,mикng lикng
756,├√┬ф╦я╔╜,,mикng luи░ sи▒n shибn
757,┌д═ч▓╗┴щ,,mикng wивn bи┤ lикng
758,├ў╒▄▒г╔э,,mикng zhиж bигo shиеn
759,├¤╓╓┴ў┤л,,miи┤ zhипng liи▓ chuивn
760,─еш╞│╔╒ы,,mио chи│ chижng zhиеn
761,─ж╝ч╜╙їр,,mио jiибn jiие zhипng
762,─к┐╔├√╫┤,,mи░ kиз mикng zhuидng
763,─г└т┴╜┐╔,,mио lижng liивng kиз
764,─л┬╠,,mи░ lи╕
765,─к├√╞ф├ю,,mи░ mикng qик miидo
766,─к├ў╞ф├ю,,mи░ mикng qик miидo
767,ц╓ц╓,,mио mo
768,─к─ц╓о╜╗,,mи░ nим zhий jiибo
769,▌ы╚╗╗╪╩╫,,mи░ rивn huик shипu
770,─й╔╥,,mи░ shибo
771,─к╓╘╥╗╩╟,,mи░ zhинng yий shим
772,─║Ў░,,mи┤  игi
773,─┐▓╗╧╛╜╙,,mи┤ bи┤ xiив jiие
774,ух║я╢°╣┌,,mи┤ hиоu ижr guидn
775,─г╛▀,,mи▓ jи┤
776,─╛щ╙╫╙,,mи┤ juиж zi
777,─╗┴┼,,mи┤ liивo
778,─└┴┌,,mи┤ lикn
779,─║─ъ,,mи┤ niивn
780,▄┘▐г,,mи┤ xu
781,─╧┐┬╥╗├╬,,nивn kие yий mииng
782,─╧╘п▒▒╒▐,,nивn yuивn bизi zhиж
783,Є═│ц,,nивo chиоng
784,─┌╕є,,nииi gиж
785,─▐║ч╡╞,,nик hиоng dиеng
786,─ц└┤╦│╩▄,,nим lивi shи┤n shи░u
787,─ф╙░▓╪╨╬,,nим yилng cивng xикng
788,Ёд│э,,niивn chиоu
789,─щ╟с┼┬╓╪,,niибn qийng pид zhи░ng
790,─ы╘■,,niигn yид
791,їц╩╓їц╜┼,,niии   shипu niии jiигo
792,─°▒╥,,niии bим
793,╪·│╝,,nимng chижn
794,┼ж┐█,,niи│  kи░u
795,┼кш░╓о╧▓,,nи░ng zhибng zhий xил
796,цх┬э,,nи│  mиг
797,┼л╤╒ц╛╧е,,nи▓ yивn bим xий
798,┘╨╧╖,,nuио xим
799,┼║╢╧╦┐┴м,,ипu duидn sий liивn
800,┼║╖█,,ипu fизn
801,тц╞°,,и░u qим
802,┼╗╨─┴д╤к,,ипu xийn lим xuии
803,┼┼╙╟╜т─╤,,pивi yинu jiиз nидn
804,┼╠╗╕,,pивn huивn
805,їчї╟,,pивn shибn
806,┼╩╠╕,,pибn tивn
807,є┤╠╥,,pивn tивo
808,┼╓╢╒╢╒,,pидng dи▒n dи▒n
809,┼╘├┼╫є╡└,,pивng mижn zuип dидo
810,┼╙╚╗┤є╬я,,pивng rивn dид wи┤
811,фшу√,,pибng tuио
812,┼╙╘╙,,pивng zив
813,┼┘╕∙╬╩╡╫,,pивo gиеn wииn dил
814,┼█є╦╡╟│б,,pивo hи┤ dиеng chигng
815,┼╫╚Ў,,pибo sиг
816,┼╫═╖┬╢├ц,,pибo tиоu lи┤ miидn
817,┼┌╒╠,,pидo zhang
818,┼у│─,,pижi chииn
819,┼ч╠ч,,pиеn tим
820,┼ю▄ъ╔·╗╘,,pижng bим shиеng huий
821,┼ю▓к,,pиеng bио
822,┼ь┼╚,,pижng pидi
823,┼Є╒═,,pижng zhидng
824,┼√╕╬┴д╡и,,pий gибn lим dигn
825,▄▒╣─,,pик gи│
826,┼√╛г╒╢╝м,,pий jийng zhигn jик
827,┼∙Ўи,,pий lим
828,ц╟├└,,pим mизi
829,┼¤┼├,,pик pa
830,█п╧╪╢╣░ъ,,pик xiидn dи░u bидn
831,ї∙їў,,pик xiи▒
832,╞й╙ў,,pим yи┤
833,╞л▓ю,,piибn chиб
834,╞к╖∙,,piибn fи▓
835,╞л╞з,,piибn pим
836,ЇцЇц╞Ё╬ш,,piибn piибn qил  wи│
837,╞л╠╗,,piибn tигn
838,╞п┴ў,,piибo lикu
839,╞░╞├,,piивo pин
840,╪т╟╘,,piивo qiии
841,╞о╚ў,,piибo sиг
842,╞╢ёд,,pикn jик
843,╞╖═╤,,pилn tuин
844,╞╛┐╒─є╘ь,,pикng kинng niие zидo
845,╞╛╓д,,pикng zhииng
846,╞╚▓╗╝░┤¤,,pи░ bи┤ jик dидi
847,╞╞╕к│┴╓█,,pи░ fи│  chижn zhинu
848,╞┼ц╢,,pио suин
849,╞╞╠щ╬к╨ж,,pи░ tим wижi xiидo
850,╞╚╘┌├╝╜▐,,pи░ zидi mижi jiиж
851,╞╞╒└░┘│Ў,,pи░ zhидn bигi chи▒
852,╞╦╢√├Ї,,pи▒ изr mилn
853,╞╒╗▌╓╞,,pи│  huим zhим
854,╞╤╔╚,,pи▓ shидn
855,╞╦╠┌,,pи▒ teng
856,ш▒╙ё,,pи▓ yи┤
857,╞╠╒┼,,pи▒ zhибng
858,╞т,,qий
859,╞Ё│╨╫к║╧,,qил chижng zhuигn hиж
860,я╞╢°▓╗╔с,,qим ижr bи┤ shиз
861,╞с║┌,,qий hиеi
862,ск╗╞,,qик huивng
863,╞·╛╔═╝╨┬,,qим jiи┤ tи▓ xийn
864,їшї╬,,qий qiигo
865,╞щсл,,qик qи▒
866,ш╜╚╦╙╟╠ь,,qил rижn yинu tiибn
867,╞°╧в╤┘╤┘,,qим xий yибn yибn
868,╞°╙ю╨∙░║,,qим yи│  xuибn ивng
869,┐и┐╟,,qiиг  kиж
870,╟││вщ№╓╣,,qiигn chивng zhиж zhил
871,╟░│╡╓о╝°,,qiивn chие zhий jiидn
872,Єп│╧,,qiивn chижng
873,╟з╡╢═Є╣╨,,qiибn dибo wидn guиг
874,╟░╕░║є╝╠,,qiивn fи┤ hи░u jим
875,╟░┘╞║є╣з,,qiивn jи┤ hи░u gинng
876,╟з└я╠Ў╠Ў,,qiибn lил tiивo tiивo
877,╟н┬┐╝╝╟ю,,qiивn lи╢ jим qiиоng
878,┌ф─░,,qiибn mи░
879,╟г╟┐╕╜╗с,,qiибn qiивng fи┤ huим
880,ч╫ч╣,,qiигn quигn
881,╟▒╥╞─м╗п,,qiивn yик mи░ huид
882,╟┤╘Ё,,qiигn zиж
883,ё▀ё┘,,qiигng bигo
884,╟╝╡╤,,qiибng dик
885,ъи├ц┬°═╖,,qiидng miидn mивn tou
886,╟┐хє╓о─й,,qiивng nи│ zhий mи░
887,яъ╦о,,qiибng shuил
888,╟м┬б,,Qiивnlиоng
889,╟╠│■,,qiивo chи│
890,у╛у▓,,qiивo cuим
891,╟╔╔р╚ч╗╔,,qiигo shиж rи▓ huивng
892,╟╔╤╘┴ю╔л,,qiигo yивn lимng sии
893,╟╨┤ш╫┴─е,,qiие cuин zhuио mио
894,╟╘╛▌╥к╜Є,,qiии jи┤ yидo jийn
895,╟╪шэ,,qикn huим
896,╟┌─▄▓╣╫╛,,qикn nижng bи│ zhuин
897,╟╫╞▌,,qийn qi
898,╟▀╚╦╨─╞в,,qимn rижn xийn pик
899,╟▐╩│▓╗░▓,,qилn shик bи┤ ибn
900,╟у│▓╢°│Ў,,qийng chивo ижr chи▒
901,╟х│║,,qийng chии
902,╟с│╡╝Є┤╙,,qийng chие jiигn cиоng
903,╟у│╟╟у╣·,,qийng chижng qийng guио
904,╟╫╝╥,,qимng jiиб
905,╟щ╛░╜╗╚┌,,qикng jилng jiибo rиоng
906,╟х┘¤,,qийng liии
907,╟р├цт▓╤└,,qийng miидn liивo yив
908,╟ф╟ф╬╥╬╥,,qийng qийng wип  wип
909,╟с┘м,,qийng tiибo
910,╟х╬·,,qийng xий
911,╟ы╛¤╚ы╬═,,qилngjи╡nrи┤wииng
912,є└╓ё─╤╩щ,,qимngzhи▓nивnshи▒
913,╟ю▒°ўЄ╬ф,,qiиоng bийng dи▓ wи│
914,╟ю┐▄╬Ё╫╖,,qiиоng kи░u wи┤ zhuий
915,╟ю└з┴╩╡╣,,qiиоng kи┤n liивo dигo
916,▄ф▄фц▌┴вгм╨╬╙░╧р╡ї,,qiиоng qiиоng jiиж lим  гмxикng yилn g xiибng diидo
917,╟ю╧ч╞з╚└,,qiиоng xiибng pим rигng
918,╟Ё┴ъ,,qийu lикng
919,Ї├╞д,,qiи▓ pик
920,Ї▄╩┬,,qiи│  shим
921,Є╟Є╛,,qiи▒ yилn
922,╞ў╙ю╨∙░║/╞°╙ю╨∙░║,,qимyи│xuибn ивng
923,╚г│▌,,qи│  chил
924,╟■╡└,,qи▓ dидo
925,╟·╕▀║═╣╤,,qи│  gибo hиж guиг
926,╟·╛╢═и╙─,,qи▒ jимng tинng yинu
927,╟¤╔в,,qи▒ sидn
928,Ў─╠┴╧┐,,qи▓ tивng xiив
929,╟ў╤╫╕╜╩╞,,qи▒ yивn fи┤ shим
930,╟№╓╕┐╔╩¤,,qи▒ zhил kиз shи│
931,╚л╛№╕▓├╗,,quивn jи▒n fи┤ mи░
932,Єщ╦ї,,quигn suин
933,╚┤╓о▓╗╣з,,quии zhий bи┤ gинng
934,ь№╜т,,rивng jiиз
935,╚─╦б,,rивo shи┤
936,╚─╙╨╖ч╚д,,rивo yипu fиеng qи┤
937,╚╚│└,,rии chижn
938,╚╦▓┼╝├╝├,,rижn cивi jик jим
939,╚╦╕б╙┌╩┬,,rижn fи▓ yи▓ shим
940,╚╠┐б▓╗╜√,,rизn jи┤n bи┤ jийn
941,╚╦─к╙ш╢╛,,rижn mи░ yи▓ dи▓
942,▄є▄█,,rизn rигn
943,╚╬╚╦╬и╧═,,rииn rижn wижi xiивn
944,╚╦╨─╪╧▓т,,rижn xийn pип cии
945,╚╩╓┴╥х╛б,,rижn zhим yим jимn
946,╚╦╓╨цыцў,,rижn zhинng qик jим
947,╚╒▒б╬ў╔╜,,rим bио xий shибn
948,╚╒чэ,,rим изr
949,╚╒ъ╨,,rим guил
950,╚╒├с,,rим miигn
951,╚╒─║═╛╟ю,,rим mи┤ tи▓ qiиоng
952,╚╒╒щ═ъ╔╞,,rим zhиеn wивn shидn
953,╚▌╣т╗└╖в,,rиоng guибng huидn fиб
954,╚┌╗с╣с═и,,rиоng huим guидn tинng
955,╚╓┬э┘┼┘╠,,rиоng mиг  kипng zипng
956,╚р┤ъ,,rиоu cuo
957,╚с║═,,rиоu hиж
958,їхїя,,rиоu lимn
959,╚с╚═,,rиоu rииn
960,╚ы▓╗╖є│Ў,,rи┤ bи┤ fи▒ chи▒
961,╚щ│Ї╬┤╕╔,,rи│ chou wииi gибn
962,╚ч│Ў╥╗╒▐,,rи▓ chи▒ yий zhиж
963,╚ч╢щ╤╠║г,,rи▓ duи░ yибn hигi
964,╚ч╖и┼┌╓╞,,rи▓ fиг pивo zhим
965,╚ч╗Ё╚ч▌▒,,rи▓ huип rи▓ tи▓
966,╚у┐р║м╨┴,,rи▓ kи│ hивn xийn
967,╚ч└╫╣с╢·,,rи▓ lижi guидn изr
968,╚ч┬─▒б▒∙,,rи▓ lи╖ bио bийng
969,╚ч╞№╚ч╦▀,,rи▓ qим rи▓ sи┤
970,╚ч╩═╓╪╕║,,rи▓ shим zhи░ng fи┤
971,╚ч╫°╒ы╠║,,rи▓ zuи░ zhие zhибn
972,╚Є─ъ,,rи┤n niивn
973,╚ї▓╗╜√╖ч,,ruи░ bи┤ jийn fиеng
974,╚Ў╜┐,,sиб jiибo
975,╚ў┬ф,,sиг  luи░
976,╚Ў╞°,,sиб qим
977,╚■,,sибn
978,╚¤╣╦├й┬о,,sибn gи┤ mивo lи▓
979,╚¤╛█╟ш░╖,,sибn jи┤ qикng идn
980,╔в┬╥,,sигn luидn
981,╔г╙▄─║╛░,,sибng yи▓ mи┤ jилng
982,╔з╚┼,,sибo rигo
983,ч╥╦┐,,sибo sий
984,╔и╓у,,sидo zhou
985,╔л└ў─┌▄є,,sии lим nииi rизn
986,╔╖░╫,,shид bивi
987,╔╖╖╤┐р╨─,,shид fииi kи│  xийn
988,╔▒╝ж┘╙║я,,shиб jий jилng hиоu
989,╔▒╚╦╘╜╗ї,,shиб rижn yuии huи░
990,╔▒╥╗┘╙░┘,,shиб yий jилng bигi
991,╔╖╙╨╜щ╩┬,,shид yипu jiии shим
992,яб╙Ё╢°╣щ,,shиб yи│  ижr guий
993,╔├│д,,shидn chивng
994,╔╛╖▒╛═╝Є,,shибn fивn jiи┤ jiигn
995,╔├└ы╓░╩╪,,shидn lик zhик shипu
996,╔╜├╦║г╩─,,shибn mижng hигi shим
997,╔┐╟щ,,shибn qикng
998,ф·╚╗,,shибn rивn
999,ы■╨╚,,shибn xийng
1000,╔─╤°,,shидn yигng
1001,╔├╫╘,,shидn zим
1002,╔╧Єж/╔╧ыё,,shидng ии
1003,╔╨╖╜▒ж╜г,,shидng fибng bигo jiидn
1004,╔╠╚╢,,shибng quии
1005,╔╧╨╨╧┬╨з,,shидng xикng xiид xiидo
1006,╔╠ц√═ї,,shибng zhи░u wивng
1007,╔┘░▓╬у╘ъ,,shибo ибn wи┤ zидo
1008,╔┘▓╗╕№╩┬,,shидo bи┤ gиеng shим
1009,╔╙╨┼,,shибo xимn
1010,╔╘╨э,,shибo xи│
1011,╔с▒╛╓Ё─й,,shиз bизn zhи▓ mи░
1012,╔▌│▐,,shие chил
1013,╔чЁв,,shии jим
1014,╔ц├▄,,shии mим
1015,╔ё▓╔▐╚▐╚,,shижn cигi yим yим
1016,╔ю╛╙╝Є│Ў,,shиеn jи▒ jiигn chи▒
1017,╔ёэш,,shижn kибn
1018,╔є╩▒╢╚╩╞,,shизn shик duио shим
1019,╔ї╧∙│╛╔╧,,shииn xiибo chижn shидng
1020,╔э╨─╜╗┤с,,shиеn xийn jiибo cuим
1021,╩д▓╗╜╛гм░▄▓╗─┘,,shииng bи┤ jiибoгмbидi bи┤ nизi
1022,╔·┴щ═┐╠┐,,shиеng lикng tи▓ tидn
1023,╔∙├√└╟╜х,,shиеng mикng lивng jик
1024,╔∙╔л╛у└ў,,shиеng sии jи┤ lим
1025,╔∙╔л╚о┬э,,shиеng sии quигn mиг
1026,╩в╦е╚┘╚ш,,shииng shuибi rиоng rи│
1027,╔·╦└╪№╣╪,,shиеng sил  yинu guибn
1028,╔·╥т░╗╚╗,,shиеng yим идng rивn
1029,╩░,,shик
1030,╩┬▒╪╣к╟╫,,shим bим gинng qийn
1031,╩│▓╗╣√╕╣,,shик bи┤ guип fи┤
1032,╩╞▓╗┐╔╡▒,,shим bи┤ kиз dибng
1033,╩╤▓┼░┴╬я,,shим cивi идo wи┤
1034,╩╤▓┼ёц╝║,,shим cивi jийn jил
1035,╩╩╡├╞ф╖┤,,shим dиж qик fигn
1036,╩░╢▐,,shик duo
1037,╩о╢ё▓╗╔т,,shик ии bи┤ shии
1038,╩▒╣╘├№х┐,,shик guибi mимng jiигn
1039,╩░╜Ё▓╗├┴,,shик jийn bи┤ mииi
1040,╩╟┐╔╚╠гм╩ы▓╗┐╔╚╠,,shим kиз rизnгмshи▓ bи┤ kиз rизn
1041,╩╕┐┌╡╓└╡,,shил  kипu dил  lидi
1042,╩╕┴┐,,shил  liидng
1043,╩├─┐╥╘┤¤,,shим mи┤ yил dидi
1044,╩░╚╦╤└╗█,,shик rижn yив huим
1045,╩│╚т╟▐╞д,,shик rи░u qилn pик
1046,╩╙╚ч▓▌╜ц,,shим rи▓ cигo jiии
1047,╩╙╚ч┐▄│Ё,,shим rи▓ kи░u chиоu
1048,╩╙╚Ї╬▐╢├,,shим ruи░ wи▓ dи│
1049,╩╚╔▒│╔╨╘,,shим shиб chижng xимng
1050,╩╕╓╛▓╗╥╞,,shил  zhим bи┤ yик
1051,╩╡╓┴├√╣щ,,shик zhим mикng guий
1052,╩╝╓╒▓╗╙х,,shил zhинng bи┤ yи▓
1053,╩н╫╙,,shий zi
1054,╩╝╫ў┘╕╒▀,,shил  zuи░ yипng zhиз
1055,╩▄│ш╚Ї╛к,,shи░u chипng ruи░ jийng
1056,╩▌╣╟с╫с╛,,shи░u gи│ lикn xи▓n
1057,╩╓┴ё╡п,,shипu liи▓ dидn
1058,╩╒┬г,,shинu lипng
1059,╩╓▓╗╩═╛э,,shипu bи┤  shим  juидn
1060,я°╜╒,,shи▓ jie
1061,╩°╩╓╬▐▓▀,,shи┤ shипu wи▓ cии
1062,╦о▒├,,shuил  bииng
1063,╦оєг,,shuил  xий
1064,╦╢╣√╜Ў┤ц,,shuи░ guип jилn cи▓n
1065,╦╕╩п┴ў╜Ё,,shuи░ shик liи▓ jийn
1066,╦┴,,sим
1067,╦╛┐╒╝√╣▀,,sий kинng jiидn guидn
1068,╦╛┬э▄▓,,sий mиг  yим
1069,╦─├ц│■╕ш,,sим miидn Chи│  gие
1070,╦╞╩╟╢°╖╟,,sим shим ижr fиеi
1071,╦╣╬─╔и╡╪,,sий wижn sигo dим
1072,╦┴╬▐╝╔╡м,,sим wи▓ jим dидn
1073,╦└╨─╦·╡╪,,sил  xийn tиб dим
1074,╦╗╤╞,,sий yиг
1075,╦└╙╨╙р╣╝,,sил yипu yи▓ gи▒
1076,╦╨╢┴,,sи░ng dи▓
1077,╦╪├┴╞╜╔·,,sи┤ mииi pикng shиеng
1078,╦р╚╗╞Ё╛┤,,sи┤ rивn qил jимng
1079,┘э╨╦╥╣├┬,,sи┤ xийng yии mииi
1080,╦╒фн,,sи▒ xи▓n
1081,╦╓╙═,,sи▒ yиоu
1082,╦ч╛╕,,suик jимng
1083,ь▌╩п,,suим shик
1084,╦хь╛╡█,,suик yивng dим
1085,╦хь╛╡█,,Suикyивngdим
1086,╦∙╧Є┼√├╥,,suип xiидng pий mил
1087,╠ж▐║,,tивi xiигn
1088,╡п╣┌╧р╟ь,,tивn guибn xiибng qимng
1089,ъ╝╗и╥╗╧╓,,tивn huиб yий xiидn
1090,ъ╝╗и╥╗╧╓,,tивn huиб yий xiидn
1091,╠┐╛╥╕╦╛·,,tидn jи▒ gигn jи▒n
1092,╠о╦·,,tибn tиб
1093,ь■ь¤,,tигn tии
1094,ь■ь¤▓╗░▓,,tигn tии bи┤ ибn
1095,╠░╘▀═ў╖и,,tибn zибng wигng fиг
1096,╠╢ш╧╦┬,,tивn zhии sим
1097,╠┬┤╔,,tивng cик
1098,╠╟╜м,,tивng jiибng
1099,ш║╣т╤°╗▐,,tибo guибng yигng huим
1100,╠╧╠╧▓╗╛°,,tибo tибo bи┤ juиж
1101,╠╒█ў,,tивo xи▒n
1102,╠╙╓о╪▓╪▓,,tивo zhий yибo yибo
1103,╠с╕┘ъ№┴ь,,tик gибng qiии lилng
1104,їоїн╣р╢е,,tик hи▓ guидn dилng
1105,╠ф╝в║┼║о,,tик jий hидo hивn
1106,╠ь╕│╥ь┘ў,,tiибn fи┤ yим bилng
1107,╠ь╗и┬╥╫╣,,tiибn huиб luидn zhuим
1108,╠ь═°╗╓╗╓,,tiибn wигng huий huий
1109,╠Ї▓ж└ы╝ф,,tiигo bин lик jiидn
1110,╠ї╖╓┬╞╬Ў,,tiивo fиеn lи╖ xий
1111,╠ў═√,,tiидo wидng
1112,є╘╓у,,tiивo zhou
1113,ю·╢°╫▀╧╒,,tилng ижr zипu xiигn
1114,═м│Ё╡╨тщ,,tиоng chиоu dик kидi
1115,═м╩╥▓┘╕ъ,,tиоng shим chибo gие
1116,═и╧№┤я╡й,,tинng xiибo dив dидn
1117,═╢╗·╡╣░╤,,tиоu jий dигo bиг
1118,═╢╩є╝╔╞ў,,tиоu shи│ jим qим
1119,═╢╠╥▒и└ю,,tиоu tивo bидo lил
1120,═╢╜╡,,tиоu xiивng
1121,ў╗╫╙,,tиоu zi
1122,╓╥╒ъ▓╗╙х,,true to the core
1123,═┴█┘ИЩ,,tи│  gие da
1124,═┬╣╩─╔╨┬,,tи│ gи┤ nид xийn
1125,═║Ё╒,,tи▒ jiи┤
1126,═╝├╟╜н,,tи▓ mижn jiибng
1127,═╝╟ю╪░╝√,,tи▓ qiиоng bил xiидn
1128,═├╦└╣╖┼ы,,tи┤ sил  gипu pиеng
1129,═─╝▒,,tuибn jик
1130,═╦▒▄╚¤╔с,,tuим bим sибn shии
1131,═╔▒ф,,tuим biидn
1132,═╞│ч▒╕╓┴,,tuий chиоng bииi zhим
1133,═╩╔л,,tuим sии
1134,═╟╠╞,,tuик tивng
1135,═╞╨╢,,tuий xiии
1136,╢┌╗¤╛╙╞ц,,tи▓n jий jи▒ qик
1137,═╪╞╦╤з,,tuи░ pи▒ xuиж
1138,═┘╩╓┐╔╡├,,tuи░ shипu kиз dиж
1139,═╤╙▒╢°│Ў,,tuин yилng ижr chи▒
1140,═╓╘▓,,tuип  yuивn
1141,с╦╜┼,,wигi jiигo
1142,╨░├┼═с╡└,,wибi mижn xiиж dидo
1143,═ъш╡╣щ╒╘,,wивn bим guий zhидo
1144,▌╕╢√╥╗╨ж,,wигn изr yий xiидo
1145,═ц║Ў╓░╩╪,,wивn hи▒ zhик shипu
1146,═Є╜┘▓╗╕┤,,wидn jiиж bи▓ fи┤
1147,ц¤чл╫╙╡▄,,wивn kи┤ zил  dим
1148,═ЄЇе╛у╝┼,,wидn lидi jи┤ jим
1149,═Є┬э╞ыр│,,wидn mиг  qик yийn
1150,╪р╚т▓╣┤п,,wибn rи░u bи│  chuибng
1151,═ц╩└▓╗╣з,,wивn shим bи┤ gинng
1152,═Є╩┬║р═и,,wидn shим hиеng tинng
1153,═ц╬я╔е╓╛,,wивn wи┤ sидng zhим
1154,═ў╖ис▀╦╜,,wигng fиг xи┤n sий
1155,═√╖ч┼√├╥,,wидng fиеng pий mик
1156,уп╚╗╚Ї╩з,,wигng rивn ruи░ shий
1157,═Ў╤Є▓╣└╬,,wивng yивng bи│ lивo
1158,═¤╫╘╖╞▒б,,wидng zим fиеi bио
1159,═¤╫╘╫Ё┤є,,wидng zим zи▒n dид
1160,╬к┤╘╟¤╚╕,,wииi cиоng qи▒ quии
1161,═■╖ч┴▌┴▌,,wиеi fиеng lилn lилn
1162,╬к╗в╫ў╪Ў,,wииi hи│  zuи░ chибng
1163,╬╖╛х,,wииi jи┤
1164,╬о├╥▓╗╒ё,,wизi mик bи┤ zhииn
1165,╬й├ю╬й╨д,,wижi miидo wижi xiидo
1166,╬п╟·╟є╚л,,wизi qи▒ qiи▓ quивn
1167,╬╡╚╗│╔╖ч,,wииi rивn chижng fиеng
1168,╬б╚╗╥┘┴в,,wиеi rивn yим lим
1169,╬г╚ч└█┬╤,,wиеi rи▓ lизi luигn
1170,╬╢═м╜└└п,,wииi tиоng jiивo lид
1171,ц╕ц╕,,wизi wизi
1172,ц╕ц╕╢п╠¤,,wизi wизi dи░ng tийng
1173,╬з╬║╛╚╒╘,,wижi wииi jiи┤ zhидo
1174,╬г╤╘╦╩╠¤,,wиеi yивn sипng tийng
1175,╬┤╙ъ│ёч╤,,wииi yи│  chиоu mиоu
1176,╬к╘и╟¤╙у,,wииi yuибn qи▒ yи▓
1177,╬╩╡└╙┌├д,,wииn dидo yи▓ mивng
1178,╬─╣¤╩╬╖╟,,wижn guи░ shим fиеi
1179,╬┼╣¤╘Є╧▓,,wижn guи░ zиж xi
1180,╬┼╝ж╞Ё╬ш,,wижn jий qил wи│
1181,╬┬╚с╢╪║ё,,wиеn rиоu dи▒n hи░u
1182,╬─╠ё╬фц╥,,wижn tiивn wи│  xий
1183,╬─╥╘╘╪╡└,,wижn yил  zидi dидo
1184,╬─╓╩▒Є▒Є,,wижn zhим bийn bийn
1185,╬╠═м¤Ш,,wиеng tиоng hиж
1186,╬═╓╨╫╜▒ю,,wииng zhинng zhuин biие
1187,╬╘╨╜│в╡и,,wи░ xийn chивng dигn
1188,╬╧╨╨┼г▓╜,,wин xикng niи▓ bи┤
1189,╬╥╨╨╬╥╦╪,,wип xикng wип sи┤
1190,╬╙╨¤,,wи░ xuивn
1191,╬щ,,wи│
1192,Є┌Є╝,,wи▓ gинng
1193,╬╪║Ї░з╘╒,,wи▒ hи▒ ибi zибi
1194,╬▐╗№╓о╠╕,,wи▓ jий zhий tивn
1195,╬▐┐╔╓├╥╔,,wи▓ kиз zhим yик
1196,╬▐─╬,,wи▓ nидi
1197,╬ъ╚ш,,wи▒ rи│
1198,╬я╩╟╚╦╖╟,,wи┤ shим rижn fиеi
1199,╬э┌б,,wи┤ sинng
1200,╬р═й,,wи▓ tиоng
1201,╬▐╨╕┐╔╗ў,,wи▓ xiии kиз jий
1202,╬┌╤╠╒╬╞°,,wи▒ yибn zhидng qим
1203,╬▐╙╣╗ф╤╘/╬у╙╣╗ф╤╘,,wи▓ yинng huим yивn
1204,╬▐╙╣╫╕╩Ў,,wи▓ yинng zhuим shи┤
1205,ц─╘┤,,wи┤ yuивn
1206,╧┤╢·╣з╠¤,,xил изr gинng tийng
1207,╬∙╖╬▓б,,xий fииi bимng
1208,╬°╣─,,xий gи│
1209,▐╔┬ф,,xий luи░
1210,╧з─л╚ч╜Ё,,xий mи░ rи▓ jийn
1211,ц╥╞д╨ж┴│,,xий pик xiидo liигn
1212,╧б╩ш,,xий shи▒
1213,╧д╠¤╫Ё▒у,,xий tийng zи▒n biидn
1214,ф└ф└┴д┴д,,xий xий lим lим
1215,╬ї╬ї╚┴╚┴,,xий xий rигng rигng
1216,╧д╨─,,xий xийn
1217,ЄсЄц,,xий yим
1218,шж▓╗╤┌шд,,xiив bи┤ yигn yи▓
1219,х┌х╟╬┼├√,,xiив изr wижn mикnи└
1220,╧┬└я░═╚╦,,xiид lил  bиб rижn
1221,▄╚▓╦,,xiидn cидi
1222,╧╧┤░,,xiивn chuибng
1223,Ї╠╡╛,,xiибn dидo
1224,╧╚╢├╬к┐ь,,xiибn dи│ wижi kuидi
1225,╧╘┬╢,,xiигn lи┤
1226,╧█─╜,,xiидn mи┤
1227,╧╙╞·,,xiивn qим
1228,╧╨╟щ╥▌╓┬,,xiивn qикng yим zhим
1229,╧р░▓╬▐╩┬,,xiибng ибn wи▓ shим
1230,╧р╡├╥ц╒├,,xiибng dиж yим zhибng
1231,╧ь╢Ї╨╨╘╞,,xiигng ии xикng yи▓n
1232,╧х╖о,,xiибng fивn
1233,╧р╕и╧р│╔,,xiибng fи│ xiибng chижng
1234,╧р╨╬╝√чй,,xiибng xикng jiидn chи┤
1235,╧Є╙ч╢°╞№,,xiидng yи▓ ижr qим
1236,╧√хЇ,,xiибo mил
1237,╧Ў╚└╓о▒Ё,,xiибo rигng zhий biиж
1238,╧√╚▄,,xiибo rиоng
1239,╨ж╚▌┐╔▐ф,,xiидo rиоng kиз jи▒
1240,╧Ї╔к,,xiибo sии
1241,╧·╔∙─ф╝г,,xiибo shиеng nим jим
1242,ш╔╩╫╩╛╓┌,,xiибo shипu shим zhи░ng
1243,╧Ї╠ї,,xiибo tiивo
1244,╨б╫н,,xiигo zhuидn
1245,╨о│╓/╨▓│╓,,xiиж chик
1246,┘Їф┬,,xiии dи▓
1247,хтх╦╧р╙Ў,,xiии hи░u xiибng yи┤
1248,╨к╧в,,xiие xий
1249,╨─╗│╪╧▓т,,xийn huивi pип  cии
1250,╨┬╗щ╤р╢√,,xийn hи▒n yидn изr
1251,╨┼└╡,,xимn lидi
1252,╨─┴ж╜╗┤с,,xийn lим jiибo cuим
1253,╨┼╩─╡й╡й,,xимn shим dидn dидn
1254,╨┼╩╓─щ└┤,,xимn shипu niибn lивi
1255,╨─╙╨┴щ╧м,,xийn yипu lикng xий
1256,╨─╙╨╙р╝┬,,xийn yипu yи▓ jим
1257,╨─╘│╥т┬э,,xийn yuивn yим mиг
1258,╨─╘├│╧╖■,,xийn yuии chижng fи▓
1259,╨╨│╔╙┌╦╝,,xикng chижng yи▓ sий
1260,╨╬╡е╙░╓╗,,xикng dибn yилng zhий
1261,╨╦└√│¤▒╫,,xийng lим chи▓ bим
1262,╨╦╬╢╦ў╚╗,,xимng wииi suип  rивn
1263,╨╬╙░╧р╡ї,,xикng yилng xiибng diидo
1264,╨╥╘╓└╓╗Ў,,xимng zибi lии huи░
1265,╨╦╓┬▓к▓к,,xимng zhим bио bио
1266,╨╓╡▄у╥╟╜,,xiинng dим xим qiивng
1267,╨╪╜є,,xiинng jийng
1268,╨╫╧р▒╧┬╢,,xiинng xiидng bим lи┤
1269,╨┌╙┐┼ь┼╚,,xiинng yипng pижng pидi
1270,╨▌╞▌╙ы╣▓,,xийu qим yи│  gи░ng
1271,╨у═т╗█╓╨,,xiи┤ wидi huим zhинng
1272,╬ў▓╪,,Xийzидng
1273,╨ї▀╢,,xи┤ dao
1274,╨ъ║о╬╩┼п,,xи▒ hивn wииn nuигn
1275,╨щ╗│╚Ї╣╚,,xи▒ huивi ruи░ gи│
1276,╨я╛╞,,xи╕  jiи│
1277,╨щ╬╗╥╘┤¤,,xи▒ wииi yил dидi
1278,╨щ╬▐ч╬ч┐,,xи▒ wи▓ piибo miигo
1279,шЄшЄ╚ч╔·,,xи│  xи│  rи▓ shиеng
1280,╨·▒Ў╢с╓ў,,xuибn bийn duио zhи│
1281,Я@║╒╥╗╩▒,,xuибn gии yий shик
1282,╨№║ї,,xuивn hu
1283,╨№║°╝├╩└,,xuивn hи▓ jим shим
1284,╤в╜ъ╓о╝▓,,xuигn jiии zhий jик
1285,╨∙╚╗┤є▓и,,xuибn rивn dид bин
1286,╨·╧∙,,xuибn xiибo
1287,╨№╤┬╟═▒┌,,xuивn yив qiидo bим
1288,╧ў╝ї,,xuии jiигn
1289,ўи╙у,,xuиз yи▓
1290,╧ў╫у╩╩┬─,,xuие zи▓ shим lи╖
1291,╤░╕∙╛┐╡╫,,xи▓n gиеn jiи▒ dил]
1292,с▀╦╜╬ш▒╫,,xи┤n sий wи│ bим
1293,╤м╠╒,,xи▒n tивo
1294,╤н╨Є╜е╜°,,xи▓n xи┤ jiидn jимn
1295,╤н╤н╔╞╙╒,,xи▓n xи▓n shидn yи░u
1296,╤░╫┘├┘╝г,,xи▓n zинng mим jим
1297,╤╝└ц,,yиб lик
1298,▐ы├ч╓·│д,,yид miивo zhи┤ zhигng
1299,╤╞╚╗╩з╨ж,,yиг rивn shий xiидo
1300,╤╣╓с,,yиб zhи░u
1301,╤╘▓╗╝░╥х,,yивn bи┤ jик yим
1302,╤╘▓╗╙╔╓╘,,yивn bи┤ yиоu zhинng
1303,╤╧│═▓╗┤√,,yивn chижng bи┤ dидi
1304,╤╘┤л╔э╜╠,,yивn chuивn shиеn jiидo
1305,╤╘╣щ╒¤┤л,,yивn guий zhииng zhuидn
1306,╤█╗ич╘┬╥,,yигn huиб liивo luидn
1307,╤╘╝Є╥тър,,yивn jiигn yим gибi
1308,╤╘╜№╓╝╘╢,,yивn jимn zhил yuигn
1309,╤с╛ы,,yидn juидn
1310,╪═╞╖,,yидn pилn
1311,┘╚╞ь╧в╣─,,yигn qик xий gи│
1312,ў·╩є,,yигn shи│
1313,╤т╠и,,yидn tивi
1314,╤┘╤┘╥╗╧в,,yигn yигn yий xий
1315,╤ш╙я,,yидn yи│
1316,╤╘╓о╘ф╘ф,,yивn zhий zивo zивo
1317,┘Ё╓▌,,yигn zhинu
1318,╤Ї╖ю╥ї╬е,,yивng fииng yийn wижi
1319,╤°╗в╥┼╗╝,,yигng hи│ yик huидn
1320,╤°╛л╨ю╚ё,,yигng jийng xи┤ ruим
1321,╤Ў─╜,,yигng mи┤
1322,╤Ў╚╦▒╟╧в,,yигng rижn bик xий
1323,╤є╤є╚ў╚ў,,yивng yивng sиг sиг
1324,╤°╫Ё┤ж╙┼,,yигng zи▒n chи│ yинu
1325,╥б┤╜╣─╔р,,yивo chи▓n gи│ shиж
1326,▀║║╚,,yибo he
1327,╤¤─ї,,yибo niии
1328,ш├╚╗,,yигo rивn
1329,ш├╚ч╗╞║╫,,yигo rи▓ huивng hии
1330,╥в╦┤,,yивo shи┤n
1331,╥б╬▓╞Є┴п,,yивo wизi qил liивn
1332,╥з╬─╜└╫╓,,yигo wижn jiивo zим
1333,ш├╬▐╥Ї╨┼,,yигo wи▓ yийn xимn
1334,╥к╨о,,yибo xiиж
1335,╤¤╤╘╗є╓┌,,yибo yивn huи░ zhи░ng
1336,╥г╘╢,,yивo yuигn
1337,╥╝,,yий
1338,╥╗їэ╢°╛═,,yий cи┤ ижr jiи┤
1339,╥╘╡┬▒и╘╣,,yил  dиж bидo yuидn
1340,╥╔ё╝┤╘╔·,,yик dи░u cиоng shиеng
1341,╥х╖▀╠ют▀,,yим fииn tiивn yийng
1342,╥╗╣─╫ў╞°,,yий gи│  zuи░ qим
1343,╥┬╣┌│■│■,,yий guибn chи│  chи│
1344,╥┬╣┌╟▌╩▐,,yий guибn qикn shи░u
1345,╥╗╛Ў┤╞╨█,,yий jижu cик cиоng
1346,╥╗╝√╓╙╟щ,,yий jiидng zhинng qикng
1347,╥╗їъ▓╗╒ё,,yий juиж bи┤ zhииn
1348,╥╨┐┐,,yил  kидo
1349,╥╨└╧┬Ї└╧,,yил lигo mидi lигo
1350,╥╗┴█░ы╫ж,,yий lикn bидn zhигo
1351,╥╗╞╪╩о║о,,yий pи┤ shик hивn
1352,╥╗╟Ё╓о║╤,,yий qийu zhий hии
1353,т∙╚╗╫╘╡├,,yик rивn zим dиж
1354,╥┬╔└ё▄ё┌,,yий shибn lивn lи╖
1355,╥╘╩█╞ф╝щ,,yил  shи░u qик jiибn
1356,╥╗╦·║¤═┐,,yий tиб hи▓ tи▓
1357,ъ▌╨ж┤є╖╜,,yик xiидo dид fибng
1358,╥╓╤я╢┘┤ь,,yим yивng dи┤n cuи░
1359,╥▐╥╡,,yим yии
1360,╥└╥└▓╗╔с,,yий yий bи┤ shиз
1361,ь┌ь┌╔·╗╘,,yим yим shиеng huий
1362,╥╓╙Ї,,yим yи┤
1363,цф╒╛,,yим zhидn
1364,╥╗╒┼╥╗│┌,,yий zhибng yий chик
1365,╥╗╒э╗╞┴╗,,yий zhизn hижng liивng
1366,ёп╓в,,yим zhииng
1367,╥х╒¤┤╟╤╧,,yим zhииng cик yивn
1368,╥├╓╕╞°╩╣,,yик zhил qим shил
1369,╥╗╝¤╦л╡ё,,yийjiидnshuибngdiибo
1370,╥Є▓─╩й╜╠,,yийn cивi shий jiидo
1371,╥·│╘├о┴╕,,yикn chий mигo liивng
1372,╥Є╡╪╓╞╥╦,,yийn dим zhим yик
1373,╥■╢ё╤я╔╞,,yилn ии yивng shидn
1374,╥¤┐╘╕▀╕ш,,yилn hивng gибo gие
1375,╥■╗▐╟·╒█,,yилn huим qи▒ zhиж
1376,╥є╝°▓╗╘╢,,yийn jiидn bи┤ yuигn
1377,╥Є┬к╛═╝Є,,yийn lи░u jiи┤ jiигn
1378,╥є╟╨,,yийn qiии
1379,╥Є╤н╩╪╛╔,,yийn xи▓n shипu jiи┤
1380,╥Є╥н╖╧╩│,,yийn yие fииi shик
1381,╥√Ё▓╓╣┐╩,,yилn zhииn zhил kиз
1382,╙ж╜╙▓╗╧╛,,yимng jiие bи┤ xiив
1383,╙к╦╜╬ш▒╫,,yикng sий wи│ bим
1384,╙в╫╦╗└╖в,,yийng zий huидn fиб
1385,╙╕╛╥,,yинng jи▒
1386,╙╣╚╦╫╘╚┼,,yинng rижn zим rигo
1387,╙╗╘╛,,yипng yuии
1388,╙║╒¤,,Yинngzhииng
1389,╙╨░╕┐╔╗№,,yипu идn kиз jий
1390,╙╨─┐╣▓╢├,,yипu mи┤ gи░ng dи│
1391,╙═─х,,yиоu nим
1392,╙╨╩╤╬▐┐╓,,yипu shим wи▓ kипng
1393,╙╨╠ї▓╗╬╔,,yипu tiивo bи┤ wизn
1394,╦└▓╗юи─┐,,yипu xим kиз chииng
1395,╙╟╨─тчтч,,yинu xийn chинng chинng
1396,╙╟╨─╚ч╖┘,,yинu xийn rи▓ fижn
1397,▀╧▀╧┬╣├∙,,yинu yинu lи┤ mикng
1398,╙╠╘е▓╗╛Ў,,yиоu yи┤ bи┤ juиж
1399,рє╙┌│╔╝√,,yи░u yи▓ chижng jiидn
1400,╙╨╘Є╕─╓огм╬▐╘Є╝╙├у,,yипu zиж gигi zhийгмwи▓ zиж jiиб miигn
1401,╙═╫╒,,yиоu zим
1402,╙═╫ь╗м╔р,,yиоu zuил  huив   shиж
1403,Ё╓░Ў╧р╒∙гм╙ц╬╠╡├└√,,"yи┤ bидng xiибng zhиеng,yи▓ wиеng dиж lим"
1404,Ёї▒╨,,yи│  bим
1405,╙√╕╟├╓╒├,,yи┤ gидi mик zhибng
1406,╙у╣с╢°╨╨,,yи▓ guидn ижr xикng
1407,╙√█╓─╤╠ю,,yи┤ hии nивn tiивn
1408,╙┘╗¤,,yи▒ jий
1409,╙р╜¤,,yи▓ jимn
1410,╙▐├┴╬▐╓к,,yи▓ mииi wи▓ zhий
1411,╙у─┐╗ь╓щ,,yи▓ mи┤ hи┤n zhи▒
1412,╙т╞┌,,yи▓ qий
1413,╙√╚б╣├╙ш,,yи┤ qи│ gи▒ yи│
1414,╙ёчЇ,,yи┤ xил
1415,╙я╤╔▓╗╧ъ,,yи│ yибn bи┤ xiивng
1416,╙р╙┬┐╔╝╓,,yи▓ yипng kиз gи│
1417,╙Ї╙Ї╣╤╗╢,,yи┤ yи┤ guиг huибn
1418,╘и▓й,,yuибn bио
1419,╘╢╝√╫┐╩╢,,yuигn jiидn zhuио shик
1420,╘╡─╛╟є╙у,,yuивn mи┤ qiи▓ yи▓
1421,╘╣╠ь╙╚╚╦,,yuидn tiибn yиоu rижn
1422,Ё░╬▓╗и,,yuибn wизi huиб
1423,╘н╨╬▒╧┬╢,,yuивn xикng bим lи┤
1424,╘з╤ь,,yuибn yang
1425,╘▓├ў╘░,,Yuивnmикngyuивn
1426,╘─╛э,,yuии juидn
1427,╘└┬┤╩щ╘║,,yuии lи┤ shи▒ yuидn
1428,╘╛╚╗╓╜╔╧,,yuии rивn zhил shидng
1429,╘└╤Ї┬е,,yuии yивng lиоu
1430,╘╜┘▐┤·т╥,,yuии zи│  dидi pивo
1431,█й│╟,,yи┤n chижng
1432,╘╦│ясбсв,,yи┤n chиоu wижi wи░
1433,ув┤·╙в,,yи┤n dидi yийng
1434,╘╬╪╩,,yи▒n juиж
1435,╘╞┌▄▓и╣ю,,yи▓n juиж bин guил
1436,щц├№,,yи│n mимng
1437,▄┐▄┐╓┌╔·,,yи▓n yи▓n zhи░ng shиеng
1438,╘╙╗т,,zив huим
1439,╘┘╜╙╘┘└ў,,zидi jiие zидi lим]
1440,╘╘┼р,,zибi peик
1441,╘┘╦е╚¤╜▀,,zидi shuибi sибn jiиж
1442,╘▌╗║,,zидn huигn
1443,╘▌═г,,zидn tикng
1444,╘ь┤╬,,zидo cим
1445,╘э╝╘,,zидo jiив
1446,╫я─ї,,zидo niии
1447,╘у╞╔,,zибo pи░
1448,╘у╠г,,zибo ta
1449,╒ж╔р,,zиж shиж
1450,╘Ё╬▐┼╘┤√,,zиж wи▓ pивng dидi
1451,╘°╣·╖к,,zиеng guио fибn
1452,╘■╕╓,,zhив gибng
1453,╘▌┬╢═╖╜╟,,zhигn lи┤ tиоu jiигo
1454,╒░╟░╣╦║є,,zhибn qiивn gи┤ hи░u
1455,╒┤╚╛,,zhибn rигn
1456,╒║╦о╕╓▒╩,,zhидn shuил  gибng bил
1457,╒╜╒╜╛д╛д,,zhидn zhидn jийng jийng
1458,╒╖╫к╖┤▓р,,zhигn zhuигn fигn cии
1459,╒┼╗╩╩з┤ы,,zhибng huивng shий cuи░
1460,╒╩┼ё,,zhидng pижng
1461,╒╠╥х╓┤╤╘,,zhидng yим zhик yивn
1462,╒╒▒╛╨√┐╞,,zhидo bизn xuибn kие
1463,╒╫║╒,,zhидo hии
1464,│п╟╪─║│■,,zhибo qикn mи┤ chи│
1465,╒╤╚╗╚Ї╜╥,,zhибo rивn ruи░ jiие
1466,╒╪╩┬,,zhидo shим
1467,╒╨╧═─╔╩┐,,zhибo xiивn nид shим
1468,╒╨╥б,,zhибo yивo
1469,╒╨╥б╫▓╞н,,zhибo yивo zhuидng piидn
1470,╒┌╕╟,,zhие gидi
1471,╒█ък│┴╔│,,zhиж jил chижn shиб
1472,Їў╩п,,zhиз shик
1473,╒э╕ъ┤¤╡й,,zhизn gие dидi dидn
1474,╒ы╛─,,zhиеn jiи│
1475,╒ё┴√╖вё∙,,zhииn lиоng fиб kuим
1476,єЁ╤╘,,zhиеn yивn
1477,╒ц╓┐,,zhиеn zhим
1478,╒ц╓к╫╞╝√,,zhиеn zhий zhuио jiидn
1479,╒√т┴,,zhизng chим
1480,╒¤╜є╬г╫°,,zhииng jийn wиеi zuи░
1481,╒Ї┴є╦о,,zhиеng liи▓ shuил
1482,╒°─№,,zhиеng nикng
1483,╒∙╞ц╢╖╤▐,,zhиеng qик dи░u yидn
1484,╓г╓╪╞ф╩┬,,zhииng zhи░ng qил  shим
1485,╓╛┤є▓┼╩ш,,zhим dид cивi shи▒
1486,╓║╕▀╞°╤я,,zhил gибo qим yивng
1487,╓┴└э├√╤╘,,zhим lил  mикng yивn
1488,╓з└ы╞╞╦щ,,zhий lик pи░ suим
1489,╓╔─█,,zhим nииn
1490,╓├╚Ї╪ш╬┼,,zhим ruи░ wигng wижn
1491,╓╕╩╓╗н╜┼,,zhил shипu huид jiигo
1492,╓╦╩╓┐╔╚╚,,zhим shипu kиз rии
1493,╓к╩щ┤я└э,,zhий shи▒ dив lил
1494,╓▒╤╘▓╗╗ф,,zhик yивn bи┤ huим
1495,╡╓╒╞╢°╠╕,,zhил  zhигng ижr tивn
1496,╓┌┐┌юх╜Ё,,zhи░ng kипu shuи░ jийn
1497,╓╙┴щ╪╣╨у,,zhинng lикng yи┤ xiи┤
1498,╓╨┴ўэ╞╓∙,,zhинng liи▓ dил  zhи┤
1499,╓┌┼╤╟╫└ы,,zhи░ng pидn qийn lик
1500,╓┌╟ц╥╫╛┘,,zhи░ng qикng yим jи│
1501,╓ш╙ъ,,zhи░u yи│
1502,╓¤│╔┤є┤э,,zhи┤ chижng dид cuи░
1503,╓ў╣█╥▄╢╧,,zhи│  guибn yим duидn
1504,╓щ┴кш╡║╧,,zhи▒ liивn bим hиж
1505,╓ы╦┐┬э╝г,,zhи▒ sий mиг jим
1506,▄я▌╟,,zhи▒ yи▓
1507,╫м╟о,,zhuидn qiивn
1508,╫к═ф─и╜╟,,zhuигn wибn mи░ jiигo
1509,╫░ё╤,,zhuибng biигo
1510,╫░шл,,zhuибng huивng
1511,╫│╓╛╬┤│ъ,,zhuидng zhим wииi chиоu
1512,у╖у╖▓╗░▓,,zhuим zhuим bи┤ ибn
1513,╫┐╢√▓╗╚║,,zhuио изr bи┤ qи▓n
1514,╫╜╜є╝√╓т,,zhuин jийn jiидn zhипu
1515,╫╘▒й╫╘╞·,,zим bидo zим qим
1516,╫═▓й,,zий bио
1517,╫╘▓╤╨╬╗р,,zим cивn xикng huим
1518,╫╘┤╡╫╘└▐,,zим chuий zим lижi
1519,╫╘╣╦▓╗╧╛,,zим gи┤ bи┤ xiив
1520,╫╘├∙╡├╥т,,zим mикng dиж yим
1521,╫╘╚╗╢°╚╗,,zим rивn ижr rивn
1522,╫╧╠┤,,zил  tивn
1523,╫╘╪╪,,zим wизn
1524,эз╥т═¤╬к,,zий yим wидng wижi
1525,╫╘╘╣╫╘░м,,zим yuидn zим yим
1526,╫╓╒х╛ф╫├,,zим zhиеn jи┤ zhuио
1527,ъв╓╪,,zий zhи░ng
1528,╫╬╫╬▓╗╛ы,,zий zий bи┤ juидn
1529,╫▌║с▐уу╪,,zи░ng hижng bигi hиж
1530,╫╪щ╡,,zинng lи╖
1531,╫╫├л,,zинng mивo
1532,╫▌║с│█│╥,,zи░ng  hижng  chик   chизng
1533,╫▀└╚,,zиоu lивng
1534,╫▀═╢╬▐┬╖,,zипu tиоu wи▓ lи┤
1535,╫ш─с,,zи│  nик
1536,╫ш╚√,,zи│  sибi(sиигй
1537,╫ч╓ф,,zи│  zhи░u
1538,▀м╚н═╖,,zuидn quивn tou
1539,╫я╢ё╒╤╒├,,zuим ии zhибo zhибng
1540,╫ў╖и╫╘▒╨,,zuи░ fиг zим bим
1541,╫ў╝щ╖╕┐╞,,zuи░ jiибn fидn kие
1542,╫°╩╒╙ц└√,,zuи░ shинu yи▓ lим
1543,╫∙═╖╛и,,zuи░ tиоu jийng
