0,,, Gung X
1,,, ji zhu
2,ͩ,, w tng
3,޷,, qi ho w fn
4,Ъ,, jin xi
5,ζͬ,, wi tng jio l
6,,, du qio
7,ɶ,, h r mng
8,ڡ,, w sng
9,,, din qi
10,,, y ti
11,,, h sn
12,ͼǽ,, T Mn Jing
13,ѲŰ,, sh ci o w
14,,,  li
15,ͺ,, t ji
16,,, li h ma
17,㷲,, zhu zhu b n
18,Źؽ,, kun gun ji
19,Ƚ,, fn wn r ji
20,զ,, z sh
21,Ƥ,, qi p
22,,, gu h
23,,, r zhn wn shn
24,㢴Ӣ,, Yn Di Yng
25,,, jio ru zo zu
26,ˮ,, qing shu
27,¯,, l b zi
28,ֵ,, fn do yng bio
29,ʯ,, hi yo sh
30,߬ȭͷ,, zun qun tou
31,,, nin chu
32,谷,, sn j qng n
33,,, bo tin tin w
34,ʰ,, sh duo
35,,, Sh H
36,׽,, wng zhng zhu bi
37,,, n m
38,,, Zng Gu Fn
39,ʾ,, xio shu sh zhng
40,ֺ,, sh ho
41,,, qing bo
42,,, h gn sun
43,Ȼ,, k rn chng sh
44,Ħ,, m ji zu
45,,, tu lu
46,,, Ji Zhu
47,,, f y
48,,, f yu
49,,, p xi
50,ˮ,, hn shu cn cn
51,,, lio ju zi
52,Ŀ,, wn m y z
53,,, m mo
54,,, shn kn
55,ۯض,, P Xin Du Bn
56,ֵǽ,, xing d x qing
57,,, lu lu d dun
58,,, w gng
59,,, p zhn
60,վ,, y zhn
61,ý,, jio jin
62,̿,, jio tn
63,,, sh m
64,,, r sh nng xing
65,Ĥ,, g m
66,,, zo c
67,ɬ,, qng s
68,δ,, fng xng wi i
69,,, ch y
70,ۻ,, fn ch
71,,, chn min
72,ӱ,, lo bng
73,,, hu r z
74,׽,, zhu jn jin zhu
75,ɪ,, xio s
76,,, u q
77,Բ,, tu yun
78,ͨ,, tng di
79,ѧ,, chu xu
80,ղ,, dn b
81,,, ru cuo
82,,, x y
83,,, dun n
84,թ,, r y w zh
85,,, jn g
86,,, po zhang
87,,, yn mng
88,,, zhi ci
89,,, dio b
90,˶,, p r mn
91,Ф,, b xio
92,,, zo y
93,츳,, tin f y bng
94,,, b h
95,۹,, ji gng
96,,, cn li
97,ָʹ,, y zh q sh
98,̦޺,, ti xin
99,,, Ch Yu
100,,, hu chng
101,ڳɼ,, yu y chng jin
102,,, J Kng
103,,, co jin rn mng
104,Ӹ,, co zi go
105,պˮֱ,, zhn shu gng b
106,,, yng s
107,,, r min    =2
108,,, Di Zng
109,ȡ,, ju q
110,ȿ,, gu rng
111,ƴڻ,, ch k d hn
112,,, png tu
113,,, yo ni
114,꽭,, Ji Lng Jing
115,,, chung ji
116,ĺ,, m i
117,ǽ,, bi pn lng j
118,ʪ,, sh zhn
119,ˡ,, ro sh
120,,, chu chng
121,̻,, pn hun
122,͵,, cng lun di zhng
123,,, fn chu
124,ӻ,, z hu
125,,, chn tu
126,ٻ,, y j
127,,, z f zi
128,װ,, zhung bio
129,,, zhng li d zh
130,̳,, qio ch
131,,, y jn
132,,, y du cng shng
133,,, bng ch
134,ɱ,, sh shu jin
135,,, yn sh
136,,, l ma
137,,, gu y
138,ʯ,, zh sh
139,Ͳ,, Z B
140,H,,  z
141,Ϊ,, fng wi gu ni
142,β,, x fi bng
143,Բλ,, z cn xng hu
144,,, chng zh
145,,, w ji
146,,, ln g
147,ÿ,, mi kung y xi
148,Ͽ,, Q Tng Xi
149,,, qi y
150,,, j j d xng
151,ܰ,, nng xn r
152,ݺ,, jing hu
153,,, li qie
154,ͥ,, Wn Tng Yn
155,,, qing bng d w
156,٤,, g m do
157,,, pn t
158,޽,, hu xing
159,پ,, qi jng
160,ϲ,, j xn p c
161,в,, gu cng
162,,, hi q q
163,ȶ,, shng qu
164,ݺ,, zng hng bi h
165,Ѽ,, bi  j
166,˿,, so s
167,,, Ch Zhu
168,,, ko f
169,,, mng yn
170,ޣ,, m xu
171,Ū֮ϲ,, nng zhng zh x
172,Ĥ,, dng l m bi
173,,, yn mi
174,뽹,, Gu Gu F Ren
175,,, l bng m m
176,´Ժ,, Yu L Sh Yun
177,٤,, ji y qn
178,쾵,, Su Yng D
179,,, c j
180,,, y y shng hu
181,,, jing zu
182,˽,, wi jio
183,಻,, h sh b d
184,Ť,, ni nie
185,,, p shn
186,Ǭ,, qin kn
187,ͼ,, n t su j
188,ɿ,, shn qng
189,ж,, tu xi
190,ۻ,, yn hu lio lun
191,緹,, din fn bo
192,ϸ,, gu g
193,꼻һ,, tn hu y xin
194,,, c shng ln
195,ɺ,, gn h
196,,, zh nn
197,̴,, z tn
198,Թ,, yun tin yu rn
199,,, d dng
200,,, shu li dn
201,,, co yn
202,ΡΡ,, chn chan wi wi
203,,, g y
204,,, r r
205,ߦ,, gn min zhng
206,,, lio tio zi
207,β,, yun wi hu
208,,, x g
209,о,, dng xn rng
210,,, hng x
211,ĥ,, m do hu hu
212,ݡ,, xn m zhn
213,⨺,, m hu
214,,, wn m q yn
215,ʭ,, sh zi
216,ʸ,, sh ling
217,,, z zhng
218,ۼ,, mi ln mi hun
219,,, su bio
220,/,, q y xun ng
221,Դ,, g bng cu
222,,, zo ji
223,,, ch zhu
224,Ӻ,, xun h
225,ۻ,, lu h x
226,,, hung dn
227,,, p y
228,,, hun yng
229,̿Ҹ˾,, tn j gn jn
230,ë,, zng mo
231,,, jn g zhu
232,,, ni b
233,,, gn gu
234,,, l hu
235,ȣ,, q ch
236,,, zhng ch
237,羸,, su jng
238,,, cho jn
239,,, gu ju
240,,, zh y
241,,, ch hu
242,,, to xn
243,,, ji ji w f
244,,, bng wn
245,差,, Xing Fn
246,,, qi sh
247,ױ,, zhung lin
248,,, jin z
249,,, min sh
250,,, j y
251,Խ,, jin yu
252,¹,, yu yu l mng
253,ඥ,, t h gun dng
254,,, chng zi
255,Ñ,, sh xi
256,۩,, Yn Chng
257,Z(ע),, cn w
258,ƾ֤,,png zhng
259,,,ln s
260,̮,,tn t
261,˹,,b lang g
262,,,rn nin
263,ֶն,,png dn dn
264,,,Jng K
265,,,j ci
266,,,z zhu
267,м,,gn j t lng
268,,,dn q
269,,,Min Din
270,ƴ,,pn cu
271,,,y yn
272,,,qng li
273,,,yn ju
274,,,y y
275,ಽ,,y b y q
276,,,gn ln
277,ˮ,,shu bng
278,,,xi ju
279,ڿ,,zhng ku shu jn
280,ձɽ,,r b x shn
281,,,bng j lng
282,,,bn ji
283,ֿ,,zh shu k r
284,٬,,qng tio
285,Ŧ,,ni ku
286,î,,yn ch mo ling
287,ٽ,,chu chng bi ji
288,Ю/в,,xi ch
289,ƻ,,gi hu
290,,,chng tu
291,ɨ,,so zhou
292,,,p pa
293,ԾҪ,,qi j yo jn
294,ȱ,,nng qu w ln
295,ӵ,,wn k z d
296,ɢ,,hun sn
297,,,hung q
298,,,jin qio yn
299,,,lng xio hu
300,׶,,gi zhu
301,Ʒ,,pn tu
302,جج,,hn hn  
303,,,cu wi
304,,,yu z
305,,,ji zi
306,,,chui du
307,,,di shng di q
308,,,rn rn
309,,,z wn
310,Ȳ,,xin ci
311,,,tn sh
312,,,qin chng
313,覲,,xi b yn y
314,,,z n
315,/,,shng 
316,᯼,,cn j
317,,,L S Z
318,ϴ,,gun x sh
319,,,m gu
320,Թ԰,,z yun z y
321,,,pn to
322,Կ,,jun k
323,ڿ,,kung y
324,´,,tng c
325,ާֲ,,ju li zh w
326,,,ko nng
327,,,sh j
328,,,H Tu H
329,,, y yn ݻ塣
330,,,  wn Լһճһ󲿡˼ǡŭ
331,屦,, gu bo ضıϡ֮䱦ǳƯ档
332,,, hn tin y һҹѧźƵġ
333,,, qi yn ƣ 󵡢ϡޡȴСس档
334,,, m mi z z  ܼ;ïܵ;ģָľïʢܣݺܳܵӡ
335,ǵ,, jn lun din  ʹе̫͵
336,׺,, zho h ǲƵʵλ֮һ
337,ż/ſ,, mn kn ſ¶˵ĺľʯ
338,İ,, qin m Ұ磻С·
339,Ш,, xi xng wn z ҲСͷ֡򡰼ͷ֡Ŵ֣дʯͷ棨שϡʻШ״ͷͷ
340,ڶг,, hu xi ̸ڷȤ˷Ц
341,ϴ,," x sh ϴ,沿ٵϴ"
342,߲½,, bn b l l ߲ɫң½룺βһɫʷӡ
343,ʳ,, ji ch  λڿǻݣÿһh45ϼӦ1620šֳͨƲ۳ݻĥ
344,Ź,, gng g Źλϱֽۣϱ۹
345,ʯ,, fn sh liu Թ⣬ΪʯȴˮƷ֮һ
346,ͷ,, zu tu jng ᾨձޱ۾
347,β,, ln wi yn ҽѧʡ
348,,, c b Ŵ쵷úƳɵһʳƷ
349,ͨ,, ch li png tng ;ԣ;ͨá˽ĳһı仯ƼɣӶ˽ͬı仯Ƽɡ
350,,, go qng 1.ϡ2.νþ
351,Ȼ,, m rn hu shu ĵأͻȻҲΪȻ֣Ȼףʱ͸ʾһӻͷͻȻͷͷ˼飬ٴԺ֡
352,ΰ,, qio qio bn һֶˣϣĶͯߡ
353,Ǽ,, qing d  ҹϵĵ2000ʷĴӲǼǼס֮ء
354,,, ko b Ŵĸĸơĸơ
355,ˮ,, zhng li shu ָ󷽷ƱĴˮ
356,ɷн,, sh yu ji sh ôƵġ
357,,, gui p Źֵġڲͬá
358,᪻,, q hung  ᪲Ƶ۵ĺϳơƵھвԻƵʡ᪲дģǰ᪻ΪҽѧĴʣ᪻Ҳ֡һҽıʹáָ֮᪻ҽѧ
359,,, r w ڶһʽṹ
360,ѡ,, ln xun صѡ;ѡ
361,,, xio m £ƽϢǻ~~ˮ
362,,, sng yng Ȱ˵Ķȥ
363,ԥ,, yu y b ju  ԥɡò⡣
364,,, jng ln һ·ĳûѧxianά
365,,, qng qng w w Ůమʮǣࡣ
366,,, hu li һ
367,ɺ,, ln shn ĺ壬йŵʫо֡
368,,, sh l z ԭָʦĲԲŻ𻯺µŹǺ״ʯӡԶҲޣĽǡǡһµĽᾧ塣Ӹһ˵Ĺͷȫͬġ״ǧ򻯣ԲΡԲΣгΣеĳɷ״ɫаסڡ̡ģҲиɫе顢е觡ˮе͸еĹˣʯһ㡣
369,,, c  ˻ȫעʱzhuüͷ
370,,, mng lng ֳ˫ҹ꣬桢ӳ桢߳档gu luһּ䡣׽ȴѷʳΪӣιΪӣáȡӡ
371,,, sh y r gu  ʧܻ򲻵־顣 ݲУ˺𣺳򱻴ݻ١
372,֢,, y zhng  һ־ϰ
373,ľ,, m du  (1).ľΪĴ壬ͭʡŴ̷ʱѲע⡣(2).̻ˡ
374,´÷,, G D Mi Ln Ǵľ£ҵϲɽɹ塣´ɹΪСֵܣ÷ְ֡
375,,, y b  ̻򼢺Ҳ
376,װ,, gung n sun һֺ򰱻ᣬڵڣຬͷָצȵĽǵС
377,ʳư,, dn s pio yn 죺ʱʢԲһ𷹣һưˮݶ˰ƶ
378,,, chn k ӳõزεĲ۶̵ļȡʩΡ
379,ȹ,, qn j 1.ȹӵı߽ǣȹ2.ָŮ
380,,, Lin P սĩԹ塢ơսĴƽҪɾͣ ʣӡ
381,,, Ln Xing R սʱԹ䣬μҡ⽻ңҪɾͣ 赹ԣųػˡ
382,,, l ta һָ࣬䡣
383,,, D D  йŴжغ巺ơ
384,ѹ¶,, gun gu g d  ָûͶû޿ˡ޻ɥ޵ӡѣ޷ɥŮӡ£ɥĺӡŮ
385,,, Yn Zhu  λɽʡϲɽʡֱܣдܡ֮һݡݡݡݡݡݡԥݡݡӺݡ
386,ͬ,, Wng Tng H ճ(ݳ죩ˡ̳ҪȺͬΡʦйʷμҡ鷨ҡ
387,촷,, j fn  1Ķ2顣
388,Ҹ,, j y chng qi ҸµƤëСۼƳƤ¡ٳɶࡣ
389,Σ,, wi r li lun ƷǳΣգͬĵʱ´Ŀܡ
390,ں,, cun hng Ѹߺ졣
391,ѧ,, tu p xu ǽչһѧ֧о֡ռ䡱Եı仯²ʡ
392,,, sh s  Сסָʳ
393,,, gu sh йͳȻƷ֮һҽƤΪţǡʯȹƤزλãԴﵽͨ硢Ѫ֮Ŀġ
394,,, xu y ȫ겶֮һǾҪʳú;üֵ
395,«,, l shng Ϊϵ硢Ļɹ
396,,, li ru ˥
397,,, jing du ׳ƽǶΪͷ֡
398,ݩ,, b qi ΪǳˮԲݱֲ
399,,, lng dng r y Ͷ
400,ݸһЦ,, wn r y xio  ΢Цӣ΢΢һЦ[
401,أ,, Jn W Zh ਣأӳӳŮ塣̫հǴӡеԣ䡣
402,,, gn ln  úµ;ʱꡣ
403,,, h  b qun ֡㪣ڸģĹ񣬲ϻڸġ㪡񲻸ġ
404,ͳ,, no chng ֽ߳棬ǡһߣȴԼ2ףľڶͯĴڣʱͯķųڷпɼɫС䶯ͳ档
405,,, S Xn  ѧң޺ϳơա롰ΰ˴ҡ䭳ɢģۣ۽Сεv
406,,, z x  ΧĺӣУڡ˼ǣϱߵĺӡ
407,֮,, mo di zh nin : ˾ʮꡣ룣ðָͺܴˡ֮꣬ʮִʱ
408,,,  l  Ҳ棬һȴˮҲľ֮һ
409,ͷ,," qing min mn tou ͷʱ,ѷõȥһЩ棬һַˮ,ͷŽ"
410,,, rng m kng zng ָսָ£̣æݾæ
411,,, chn y ģģģĵĻͽ˵˼
412,Ӹ,, yng j ĽӸĽоҡ
413,,, f j й̵һռ
414,ʩЧ,," dng sh xio pn  ЧЧ£򭣺ͬüͷ˼ʩԽĳŮָ󸾡[2]ʩЧ򭣺ģ±,ģ²,ʱҲǫ֮,ʾԼײ,ѧ˵ĳûѧҡ"
415,,, qin qun 1ν᣻ɢƣ̽᲻⡣2񡣲ࡣݸ
416,,, shn xng  ȡָʳ
417,,, png b shng hu ݱţ꣺þľ֮ɵʣԡꡱָ˼ҡԡָĳʹԣͿŹҵֻĿ׻Ҳ˵ԡǫ֮ʡ
418,,, y n ΪƮӣΪдȶ˵ӡŮҲһΰ˼
419,ǽ,," tin li mn qing ǫ,ʾԼʦšֻڵһ˳ơһָʦ¡ã"
420,,, r mio óܶǰ޵زϵڶ࣬ڷҲ񣬳ȷĸ˻ֺϵ֮һ
421,,," mi gun y ju θܣͳν׼ְѹβƸ,ָȨְ߳λԾƸ:λҷĵȼ"
422,âɽ,, Mng Dng Shn λԥ³աʡϲĺʡâɽһɽȺСŮ塱֮ƣ¡ն塢ʤꡢĹȺâɽȷḻʷ¼Ļż
423,/,, yn y  ڱΡ
424,ʯ,, li sh  ŴսʱӸߴԴ˵Ĵʯͷ
425,,, Go Yo  Էι ԵιҪɾͣ Ң˴ʱ֣֮Ң˴ͬΪϹʥ˾棬ʥ̣Ʒ ΪΡ̡
426,˵ǳ,, po h dng chng ۣŴĹٷˣŴϳõְ塣 ԭָԱ磬ϳϷ̨١ֱ¹Σз֮⣩
427,,, gn yu Ҫ²θһֶģܡ
428,,, j li  мʱԾء෺ָ졣
429,,, lng xing h zh ׵ӣţ۾ӡ
430,л,, Xi Do Yn  Ůʫˣ丸ǽлȣǽݴʷ֮״ʶвű硣
431,,,f ch  ָŴ˵ںϺ֮ľڶಿżжмƴС鶡ʫ
432,,,Tq shu gu lo.  ߵۿߡ෺ָ֮ˡTϣUϡ еµˡ
433,,,wng yu shng shͣһƵ̳ӣ뻣ӣࣺŵתᡣԲϵᡣסªҾƶ
434,,, li s  Ŵһũߣ״ľ档
435,ٹ֮,, s h zh qng ٹȴȴƺӱ塣鲻ʵ֡
436,,, zhu ln lo shu ֣ľ쳵ָ֡ĳ龭ḻˡ
437,ˮ,, shu x  һСֻмףҪ΢о
438,Խ޴,, yu z di po ԽޣŴʱڼƷңʦ˿ȥʦϯԼְȨΧ顣
439,η,, zh fng m y  Σͷ壺ϴͷᷢϴͷ˾治˷౼
440,,, xi d  ð
441,/ݳ,,  pio  ˻߿Ҫˡ
442,޹Ұʷ,, bi gun y sh  ޹٣ŴһС٣רѼ̸;˵ԹʡС˵Ϊ޹٣ƼµΪ޹ҰʷָʱС˵˽˱׫ʷ顣[
443,Ʒ,, jun zh ho fn  鼮µƪƷƴࡣƷ鼮ܶһĲͷܴ
444,ʡͨ,, ji shng tng q  ָݣݹСʡͨ顱֮Ƶ˵ǳ׼ȷ峯Ǭ¡ʵ۽áʡͨ顱һ人人ʡͨ顱¼
445,,, du dng  1ʳƷ2塣
446,,,li wn  1 ѿĺۼ2 ｫҪѿĺۼ3.Ҳָľӡ
447,,, x lu ü̱Ļ˶̴ʹѿ
448,֯,, ji d z zh ֧֯õ֯
449,߼,, lu j ֤ϵ
450,ڨ,, d shn İ˽
451,ҵ,, y y ָУѧϰδҵʲܼѧҵ˼
452,ʼٸ,, sh zu yng zh ٸŴѳõľƻƵٸˡʼٸˡĳµˡ
453,¥,, Yu Yng Lu λںųͷͥϣʼʱڡԹСͥˮ¥֮人ƺ¥ϲ󲢳Ϊ¥η˿ڵġ¥ǡʹ¥
454,ޢ,, du ku ̲ݱֲ
455,,, zho sh ¹ʣ¡
456,,, xn shu nin li ֣֡飺ָȡȡдʫʱòϡԦ硣
457,ջ,, p hu zh ձŻƣGSPһֹ˰ƶȣָҶԷչйһڵƳƷͰƳƷձģӵģǻݵĹ˰ƶȡ
458,,, jng lun ָͻȻ׳Ƴ⶯Э
459,,, Qn Hu γϾˡйʷ鳼֮һ
460,,, fn zh t li ף࣬ңظࡣϵص
461,,, mn mi ʧ мӡȣ 
462,,, jin zi ֳƣ򣩣йһܹ㣬ƾʷ
463,,, y x  ָʵ۵ӡʼֻлʵʹõĴӡܳΪ
464,,, chi fi š
465,,, zhn ji 뷨;ķĺϳơ뷨ǰѺ밴һѨλ뻼ڣתַƼķǰȼŵİްһѨλѬƤȵĴ̼Ƽ
466,,, ju zi 1: ľ׮2:ָ𵽹̶ҡ֧ŵõĶ̹Ƕߺӡָ˱ȽϾͷ׳ӡ
467,,, cn du Ʋ⡣˼ȡ
468,Ŀ,, zhng m ku ku עӵӡڣˡĿ۾ָ˶Ŀۼһϣָ˶עӼලĳ˱עŸĳ(һָ)
469,,, j jio 1سɽεĵطǣ䡣2Ľǡ
470,,, ku li ԭָľżָ˲ݡûȨ˻
471,,, zhn lng f ku ѺͿľˡ
472,,, b sh ָùף߲ݵȹԤĳЩ
473,,, gui l 顢ΪŤ顫ح࡫
474,̵,, xin do ̵ൾһ֡
475,,, b m ӽбӣեͽбͣҽҩкҩҵ͡
476,Դ,, Li Yun ԴλںӱʡȡˮԴͷ֮⡣
477,Ӷ,, D W ?r Z ҪֲɹǹŴᡣ
478,f,, chn yn һֶ¡ʯ
479,Ԩ޴,, yun su ˻ＯеĵطԨˮ۴޴źܶݵĺ
480,,, di mo и٣Ƶĺ
481,ⲹ,, wn ru b chung ֻǰкķȼ
482,϶,, cu  ɽƸ߾
483,ؽ,, z zh b jio šǹŴСλݼСĲҲŹڼϸ΢ĲоʤٵǮҲҪƽϡݷǳСҲССҲҪƽϡ
484,,, jun ji  1 нСġ2 ֱԺã˹ϡ
485,,, G Lo Z й֮һʡۼ96.43%˿ڡ40 lo zo Ŵ׻ߴ׾ĸͶƳɵһַζʳƷߡ
486,˫,, shung j sh ͷ״ͻÿͻϸһֻ۾һǿסֻ۾1ס
487,,," chn hun 1.""a"" 2.䡢ʵ硣"
488,,, nng chn 鳼
489,ʯ,, su sh ׳ơʯǱȽϳĹʯΪҡɫ
490,Դ,, W Yun Դλڽʡʡ紦
491,,, dn chun Ϊ޶װõľƽ׷Ժ̶ͨڰߣΪͣġͷԹͣÿͣװж
492,,, b zi ƳɵͷþߣмܳݡҪӸܡ
493,,, tu zi ӣɫӣΪһ壬ͨΪϷСߡ
494,ȼݽ,, zh du rn q ȼգݽöݽȼӡֵܼɱ
495,ܱ,," p g СĺʹġŴõС,ԺģŴֶҲá"
496,,, rng ji ֻ
497,Ϸ,, nu x ֳϷ˹ϷںʽȡϷγɵһϷʽ
498,ذ,, Tu B Sh ذϣй֮һ
499,,,z mng 죨zh mngС
500,ҷⵯ,,y gung dn һβװܷĻѧҩڵǹ
501,,,xi hng £࿹ Ϊ¡
502,̽ȡ,,tn nng q w ֵڴöװ쵽¡
503,ֱ,,zhung zh ֱֱֱֱߡΪҺʵ
504,,,chu j liang g ˵˰̣˵˵Ķ̴
505,,,j chng l l ĶӣꤣݶӶʱ
506,պ,,hu ho ŵıڻʵۺͺǰӵıʾ羴ĳƺš
507,,,hng zn y ϲСڰߣһɫͬʺ磬˵
508,ս,, o zhn ˼ҵս
509,,,lio qio ϣ˼ͣ˼һָݷ磬Ϊ̹ǵĺ硣
510,,,h le йʳԷ֮һ
511,,,h jn ʽ֮һ··ڹϻơ
512,,,"mo zi 1.Ժֺ档 ȥΟ,2.Σҵˡ 󱣺 ĺ档"
513,,,d g ׵ϳɵһǡΪĺڡ׵β
514,϶,,xi x 1.϶ѷ졣2.϶3.覴ãȱ
515,µ,,li zhou ֳµᣬʯӣʯƵԲũߣԲ壬мԴСһתƽصȡ
516,֥ɽ,,Zh F Shn بɽʡ̨ĺϣֳ֥
517,,,hn b ˵ֵĹ
518,ѪΪ,,sh xu wi mng ѪŴˣѪͿ촽ϣʾ⣻ˣĵԼָĶˡ
519,,,bo shng ָˮ֡ˮֲ©
520,,,Li Z ϣΪʼϡ
521,,,ch tio ʳ
522,Ŷ,,kng tng ֪
523,޼,,ti j li ڹŴսУ޼ڵأԳ͵ож
524,Ͼ,,Lng Yn Jng ˷̾䣬ֳơϾ𶥾Ͼ
525,,,qin ln ģС
526,,,"chu zu ྴ(:˾,:˾),ָӦꡣ"
527,¼,,tng l д¼
528,,,lu l ൱ҽܰͽˡ
529,,,sh y ΪݺӲѵ࣬ÿ궨ʱʱ뽭ʱ䲻֣˵
530,,,d y wng qun 㣬˲ɹԺ˱Ķ
531,,,rng yun βܶκƣûۣҲõĹͶ
532,Ч,,y jng xio yu  ָһ˻һ£Щѧµˡ
533,̽Կ,,w yn ji kng Ƿԡ۶ľָڵ뷨ǡաҲǡɫ˶ǲܲʲôӰ죬Ƕ˵ıԶӦʲôӰ졣˽̵ҪһУѿ̣ľˮĵΪ̣ ֮ˣΪ͸
534,ؿб,,mi xie ۾жбſָ⡣
535,񿾮,,yn jng ·мˮ龮ֳ촰
536,֮,,w mi qi zh еϣõĳ廣˯ѣ£˯£ҹҹ
537,,,xing yn :
538,ߩ,,xng b t űѱй
539,,,chng li ˿ҶСľ֦Ҷҩġйءûá
540,ţ,,ni bng жصʹĿζܲΡӡţ޲˵ȡ
541,ߵۿ,,"nin go d shoʹƷºá,֮ߡ"
542,,,bn mo һֳӡ 򺡢ëܾݼèǳ桢ߡƶȣ׳Ӭ
543,,,hng ji  ɸ˼ͨӡíӻ˨Ӷɵ֧źṹ
544,޶,,ho co ݣβݡ
545,,,g bei 鲼pɲѳɵĺƬƲЬЬס
546,ת,,zhun li din ת۵˼
547,,,zn ba ǳĲǲسԵʳ
548,,,f l ǵеһַơ֡ī顱Ƿ͹ĺϳơƣ֣Ǵּķţħβ֡
549,ʷ,,dng fi ҶӲݡȷڿŽƳɵķϡ
550,ܯ,,y ch  ܯ̨ϵĿյأָ̨ס1.ǰʯסָ͢
551,.̨׵ơ,,
552,,,mo r ֪
553,G˨,,i ni ף顣ʣҡ裬ʱ質ָ֮
554,,,"qng q JΪ,һʵȽƶ֪ʶӡ"
555,˹,,po gu һָεĺ«֡
556,𽵹,,y zn jing gu ָ֡λߵ˽ݣӦԼ¡
557,,,ru zh ͨʹƤɸѧ̳ơ
558,Ȼ̾,,ku rn chng tn  Ȼ̾ӡп̾
559,Թ,,yun du Թ޵˼ ҲԹ޵˼
560,ܾݴ,,yn su ˣϤζ߲ˡ
561,,,d l 1ĥʯ2ĥ·ڡ¸־3໥¡
562,,,yn yn ̻ʢӣ϶ӡҲ̟s
563,ߢӢ,,xi yng ȡ
564,,,F X ֮ף֮ȡŮͬлʼ档
565,ɪ,,jio zh g s ɪϵĶľɪһֹýճסԺ٣ƶ޷ҡִ֪࣬ͨɪ
566,纷,,wn f ָʱ
567,,,yn dng ӣԥò⡣
568,ٻ,,bo hu bn ֽ΢塢壬ľĻľάزƳɵϣʩӽճѹ½ϳɵ塣ֳϰ塣ҪڼҾߺͽҵ𳵡졣
569,°,,xi ba k r ²֣档ͨ°ͻ°
570,,,d jio ʿ̳Ϊ£rngֵһַ»
571,ͷ,,li mn tou ˵ͷȡ
572,,,ji s ֲոָũҵͶ
573,󸹬۹,,chn gng zh gu 󸹬¹۹۶Ϲ𻨡¹𻨡ƾʱӦСΪúܴĳɾͻܸߵָָ˶ԱùھǲμӸֿԣȡýϺõΡ
574,ϳ,,x chung ָҪϳڹϼӹֱĻ
575,̪,,fn ti ָʾˮҺζָʾɫ׷.ҽҩкܴ̼ڣ𳦵䶯ٽű㡣
576,,,zu qin ʧ
577,,,cng ln ׹֣֮ȲԻ֡ޣײԻޡָʳ
578,,,h zi l ch δΡ
579,,,j y 1¶Բϣϡ 2.ƽβ롣3.Ͷϣִ 4.ЭoʧĴǡ5.˳ָ;6.ν롣
580,һ,,y li 1.ߡ顢ȡ״ľ2.൱һơ
581,,,pin t wn Ҳơġٳġżġһ壬Դںĩγκʢϱ䶨䣬ơġǨ;ʽ壬ӰݱԪᳫ˶֮Ľ˥
582,⼿,,gu y j ling ⣺պ֮УֶΡն񣬰˵ıֶΡ
583,,,m dng һӻп̲ҩԡ
584,,,ju dun ۶ϡ
585,ķ,,lng m ji ԸΪԭһƣҲΪķơķƻķơԭڹŰͣڸ󡢷ҷ
586,ˮ,,S Shu Gun ֳƻιأιأСһ򵱹أĪ֮ƣΪұ֮ء
587,,,r sh ʪָ֮ʢġ
588,,,do z ָ壬ԭΪ׸Ĺߣֱɱ֮ȨԼڱ׸ĵλ
589,갷,,zng p ᡣû
590,,,sh l èƣèԶè
591,,,lu din ָݿ뺣ĥƳ񡢼ͼλֵȱƬݻҪǶװιյܳơ
592,ĳ,,co l chng ԭĴ֡ڵˮУһӣСжɲɵΪ״ƽǶȿȥһֻŵĲЬ׶ĳ档
593,Ӧ,,zh hu fn yng һлѧӦ
594,,,mn l һֽ࣬ԭںУݺӵˮڳ󣬺صвѡʳһ棬ֳɳ50ꡣ
595,,,tng lu Сͭࡣ
596,˿,,t s z һرļֲɵϸûҶ壬״ʸֲҴӽӴĲλֱ̣Ƥȡάһᴢɵ֯С
597,ëݢ,,mo gn ȫΪ÷ҩű㲡ʸ÷󻼴ܰͽˣҲũҩ ȫݺëݢգʸԭͷءΪжֲ
598,ɽ,,Kui J Shn йӷɽ֮ףŴɽ֮һ
599,ݺ,,y hi w qing Ļ
600,,,"pin shu zh z ݡգϼ롣Ƥȵ쳣Ӳ,һָڴͶߣֽ롣ݾͶ"
601,,,qin k ָ˽׬ȡӶˡҲָͶߡѧָһרŰʱӮְҵ
602,,,mng d 1һ֡
603,,,l s أڹŴҲơ˿ݡٺĿؿƣܱ֮һҲһַǳˮʣף޳ֳڼͷϻ210׳ëرҲ˿״ĳëʱǳÿ
604,,,t la Ьڽź¡
605,ɽ,,shn xio ɽ 鳤ɽ ˵еĹ֡
606,,,"p luo ȱʢ,ǳ״;,ʢ"
607,һg,,y pu hung t һgһһָĹֶػû䡢Сķ
608,޴,,zi chn ̴sterol ֳ޴̴һ֡
609,̽,,yn ji ڣض¶˼ݾʡҲָ֣Ⱥ¶ѧ̽ķģģϷչģʵв̽ܽᡣ
610,,,y zn 1.d2.ΡƵӡɦͷ3.ָˡ4.ɽ塣5.ݱֲ
611,,,y qi εС䡣Сơ
612,,,kun yu ;ˡ ԭ¡ˡ˼
613,׿,,rn kou Ϸ̨ϣĩнɫ׿ڣֳơ桱Ǵ沿²ĺ
614,,,lo o 긾ˡ
615,ͷ,,png tu xin z ɢҡУšͷɢң˫ų㡣¹ڲʮǱ֮״ͷ㡱ͷš
616,紪֮,,r chun zh b ӣϼƬľ紪ĴʣָҪ֣ҲԱ۽̱˵»дܡ
617,,,yn xi ָƵķ͡
618,ܲ,,yn ju b gu ܣթթ黫Ʋʺˮǧ״׽Ī⡣
619,,,gun xn mn m 񢣺ࡣȺڵļࡣ
620,,,bn mn ˻һ֣ΪʳθĽӿڲ֡
621,,,y zn ΪԲΣ͸ɡ
622,,,bo l z su 壺׶񡢲бݣ¡ײкᱩôɾôɡб׺ݣΪ
623,,,li d תĿбӡ
624,,,"go s ɫضǰɫ,Ϊɫ;ָɥ;ӡ"
625,,,z dn 
626,,,zhu wn ֽ׭
627,㨲,,y y b hun ƣе졣
628,ۺ/ᶼ,,Fng D Chng ڽϽλڳΡ
629,ٜ,,Yn Y Du ʯŴԥʯλڰ׵۳Ͽڣϰ1958궬ըʯϿУǲιۡ
630,Ь,,xi pn Ьϵ۵
631,ް,,hng m ŴоλĴȥ
632,,,Zhun X ֮ۡһŸϡഫΪƵ֮֮ӣˮڵ
633,Ⱥ,,sh ho ر𰮺 (ڱ)
634,,,pio qi Ϯ˵˼Դʣ;ãĲƷ˵Դ
635,ƻ,,g hu ʹԻ
636,Ħ,,m sa ᰴŲһһƶ ȥ⡣m su
637,Ÿ,,b mn gng ָ˾ܾ˽Žÿ˳ԱŸ
638,ۏˮ/ˮ,,tng shu ǳˮ߹ȥ;Ϊ̽·顢
639,,,nin t ɳ١ԵġԵˮֲ״ͨ
640,,,ch d дĹߡԳõҲ࣬ʳΪżĴơ
641,,,y q ζƽ١
642,۴α,,ln c zh b ۣۡΣܳơݽеúܡ롣
643,,,si xin yn ײַļԺȾ
644,,,lu g ͨ
645,,,min lng chng ҹһ֣޻ڵĴ󺦳档
646,İ,,f fi xn bng ̣ﲻ˵İﲻָĻзй
647,þ,,"dng zh d ji ,ͣ,ʧ𡣶ָܵѡ"
648,,,ling m ˳ԵʳԵĲϡ
649,Ե,,m di xing Ե֮¶̹ľֱҶ̡ϸ״ҶƬɢζԹżΪǿҩݡ
650,,,bio jn r ˫ȱž[]
651,ɣ/ɣ,,sng shn ΪɣҶľɣĳʵɣֽɣɣɣ棬ũϲʹʳãζ֭࣬ǳʳˮ֮һ
652,θ,,wi wn ָθǻ
653,ӹӹµµ,,yng yng l l ӹƽӹָƽ档
654,,,zh mi ıƬ
655,,,Zhng Qin й׿Խ̽ռҡм⽻ң˿֮·ĿشĹסͨĵ·˺Ѫѡޣʯ񡢺ȡ
656,躹,,"to gung yng hu ʡŻ,âټ زܣʹ¶ʱ"
657,,,jun yng ԴʫĻζ ʤ
658,Ҹ֮,,zhu y zh hun 첲ͼ֫ѣӽĵطݲԵĻ
659,,,g j ָĲ
660,ȸ,,zh qu xun w Ϸ޵ܳơ䣺޵ܳơ롣׻ȸ䣬֮飬ķ
661,˹,,Mi S ϣпѧŮܳƣΪ˹Ħ
662,ϳͲ,,yn chng b di ͣݡͷˡ
663,˪,,p shung As2O3ҵֵ黯ＰҪ黯ѧʼϡҲϵĶ֮һ޳ζΪɫ˪״ĩʳ˪
664,κ,,fng lng xng hi ˣݣܾκ˵塢μָΪ񷨵Լˬ²һͨʹΪʣ
665,̴Խ,,tn yu ָʩʩɮʳʾз֮ڡ
666,,,"b z խ,,ӵ"
667,,,bo y ǶΪһhΡ
668,Ȼ,,shn rn li xi ᲻Ȼӡ
669,,,sh r b x ӣ֣ƾɣЬƾɵЬһӵ˼㡣
670,,,bin zun ༭׫ zhunһĿͷ༭׵ĻָϽ϶ࡢƪϴ
671,,,l c Ҳˮѻӥ
672,,,to ti ̰ԣִҵУұΪԡ
673,,,r gu ָ̫Ӱӡ
674,,,yo zi ֽȸӥ
675,©,,p lu Ĵ©
676,,,do chi ԣԷ͡ݵȽлױ
677,,,M Wi P 䣬ڴǶڽƽΪĵط
678,ʱ,,sh gui mng jin ʱ˲ã˲ѡʱָʱˣʱԣ˳忣ࡢ˳
679,̶,,Tn Zh S ͷ̶ɽ´ǱϵĹ¡
680,,,rn zhng q j ܳڵꡣ
681,/,,"p zi £ɢݻƽõһũ,,װľƵĳݡ"
682,ˮٶ,,Shu Y bng ָ˻ʳ˺лˮȾ㱴࣬ʹлˮϸһۺԼ͵Ĺ֮һˮٶ1953ձܱˮٶʱڲʳ֮Ϊˮٶ
683,Ь,,xi xun ЬЬĸ塣ЬĳģߣֽЬš
684,,,Wng Jin սʱع壬شܳľ¼ҡ
685,ӽ,,bn jn Ըְ塢塢ͭȽĽмӹ
686,,,zhng l ļ෺ָűȲ
687,Ҫ,,Jn Gu Yo L ҽż֮һԭ׫˺ӲۡʮеġӲ֡
688,,,"yng ni ӤԹ̺³,һγԵ̫̫"
689,ֽ,,w lng zh ɹֽͨӹγɵĲεֽճ϶ɵİ״һΪֽ˫ֽ࣬ĳߴΪABCEF͡
690,,,mn hun ģɱ ã塣
691,ɽҰ,,shn shn y o ƧĴɽ
692,,,f go ҲиģֽСšɥѶ
693,涷,,h du һȡˮõľʽũߡȱɡ
694,ŭ,,n f ŭţʢ
695,,,zhn q 1. С·Ϊޣҡ2. ʫĵĳ·
696,巨,,cn f йǱɽʯpͺƤĻ
697,,,y y mi xing أ㣺ָòŮӡָŮ
698,,,sh y q hn Ĵ꣬󺮡֮ΪԹƼ֮䡣
699,,,pin yn ġ
700,,,chng d ٳʵֿ
701,Բ,,b b 棬ô(2) ֲȱͲ㡣
702,,,hn  ࣺʢš
703,,,ch zh yu mng ָ˻޵ĹԱĹԱ
704,׷,,chun fi ٷ
705,ɸ,,gn g zi j ɸ꣺Ŵıָأʡꫣ۲ءղٽսˡ
706,,,go ling νط
707,,,gng x 
708,,,jng j ־壻̿֡
709,Ե,,mng bo yun qin ˻Եǳ
710,ս,,nu zhn 1.ս2.ս
711,Ţ,,nng no Ţס
712,Ĵָ֦,,pin m zh zh 飬ϡĴϵĴָڶֺϳһָֺ֦ϴĴָ۶һָٱġõĶص塣
713,,,qing c ȣȱȡ
714,ܧ,,r yn yu s һͨ
715,n,,r l nԡnȦס
716,׶,,y dng ͷݡ
717,أأ,,w w qing nin أأͿӡ꣬꣬һ굽ͷֱһ굽ͷ(Ժһ)
718,ϻᡵ,,xi jin wi dng ᡣĻϻıƣƹ⣬֡޷ڲأ¶Ϣע⡣
719,ոӹ,,xio f cng gng ոոǼָŶӰ칫ҵ¡һΪ
720,С,,xio din ϯϯ
721,,,x min á
722,,,yn zh ׺
723,g,,yun dng lun fi t𽶼Ϊ˵е񣬱߹֮ˡڹԭݳٵľٶڳԡgָgRyun ch𽣬ָ𽡣Rͬ߶ߡٵȡ˵˹ֱ࣬ǳɫȸɫ𽡢ɫgRɫĺɫN|yu zhu)
724,,,zhn hui ʹ
725,,,zhng jin Ŵν
726,ǧ,,zh l qin l ֶ洦ǰzhoݴ࣬βӣǧﲻ
727,,,ju zu 촽Բ϶̡ʾ
728,,,"chun w 촬ޡ촬Ĺƽ̨,ͽ촬ĳ"
729,,,lng su su ݷˡ
730,׸,,zho zhu ˵ԼŮŮ
731,Ц,,shn xio 1.Цг˼ 2.΢Ц
732,ڨЦ,,shn xio 1.Ц  2.ǿЦǿװЦ
733,ҭҭ,,chu chu y y ݵдίĿ״
734,,,jn ru hn chn ˲죬Ϊ죬ܷΪ¶˵
735,,,to l ָ~ָ躡ԡΪŴ顣Ϊսñļı
736,ƫ̻,,"pin tn 1ƫһһ˺()2̻¶һ,¶()"
737,,,bng chui õľϴ·
738,,,zhn m ܣϸ(ָ˼)
739,龫,,dn jng ji l 飺߾ǣ˼ǡ ݺľѾ˼()
740,,,d yng ̵ϹֹͣӪҵ
741,,,"du ch ѻƶڶ͸죬ͶɵʳƷ,ԵζҲҩϵطԷdu sh"
742,,,qi h 𣬰Сɽ֣ˮˮ ַָɽˮ
743,,,hu li ɫĿ
744,ӬӪ,,yng yng gu gu ӪòӬҷɱĳЩС˲߳ܣӪ˼ ңǲ߳ܵ˼ Ϊ׷ֶΣӬһȥһĲʶ߳ܡ
745,,,zhn yn 1.ȰĻ2.ʥеһ顣
746,ץ,,zhu ji ÿ˴ԤüǺŵֽֽȡһԾ˭õʲôʲô
747,޷,,Lu F ĩʱڣƯŮӵĳƺڡİɣ롶ȸϷɡгֵ
748,ο,,lu kng Σ̣ϵ̳͸Ļƻ֡
749,,,tn h ɹҵרŻضΥʧְְϷĹȡҷ׷εΪ
750,ߥ,,cun duo һԹĶĳ¡
751,¶,,mng dng Ҳ¶ͿˣģûʶʣֻǴǳ˽⡣
752,/,,"pn shn ȽŲ,·ҡڵӡ"
753,Կط,,Zho Kung Yn Ŀʵۣ̫档
754,,,chung chung ).ë´ò֮ʢ
755,,,"fn qing Φ,ָ"
756,/,,Qzhu qing x ku Ӽáѹ¶ƶˡ
757,Ͳ,,ku b b l Ͳ벽벽Ҳ뿪ݹϵʮС
758,,,l zu ﷣
759,,,q qiao ָ֣ɣƽָ
760,,,xun zh ǰߺΪǰͺΪָߵء
761,,,zhu ji ȡ
762,,,w zu ʱٸмʬˣִķҽ
763,,,chng shn νݳʵ
764,,,hn b ڵ;
765,㶴,,lng cng ԡͷյˡ
766,ͷ,,lu tou Ŵһͷ
767,һ,,"y d dn r һ,һ,˼"
768,߳,,ch b .
769,,,chn y ס
770,,,li xi ֮϶
771,ش,,zh yn Ȼ֮ԡһ˵Ϊ֧֮ԡ
772,ʶ,,sh jng ϵһǣָμʶ
773,,,y x ָǻ
774,,,ch wn ǣеĶ֮һƽ̣ͷ֮Ρ
775,,,gng xi ˼ǹԱ칫ĳ
776,Ϫ,,x k ̡̱
777,ӷ,,H Fn mn xi ӣƺӡڣˮԱʦ£˲żüû˲ű
778,ȸԾ,,f q qu yu 죺СˮѼߡҰѼܣȸԾʮֻӡ
779,,,f yng Եȣμŷģŷ
780,̺,,hi yn h qng ̣ƽƺˮˣûˡ̫ƽ
781,߮,,yu y ѲߣĿضΣĳЩܷ顣ҲָˮС
782,Ҵ,,t y 1.νЮסҸ2.η֡
783,Ͻ,,xi zh ȹƷΧЩ
784,ˮ,,q shu li shng ףÿũˮƱ˭ǰ˭ȡȣԳȥ
785,ʽ΢,,sh wi ָʢ˥䡣
786,ݷ,,"y fi ,а,ֵ˼,Ҳгһ˼.,Ƿɻڴ.ݷ,ǱʾҪ,,ͬʱҲҪͬһ,Խˡ"
787,,,m du zi ļӡ
788,,,sh jie ȥĸˡ
789,,,du ji (1).ʮеĶǡ(2).ָӡ
790,ڲ,, gun b di 룺ߣñӺ´ʿװ
791,_Ŀг,,chn m qi ch _Ŀŭʱ۾ɴ۾ҧݡݼ˷ŭӡ
792,Ⱦ,,j zng jn ΪĢƼȵʵ塣ز
793,,,Y L H Դ½ɽΣԼ57ƽ
794,,,b kng ʵ󡢹ӵȵʵĿǻƤ˼ΪӺͿûмֵĶ
795,,,"fng d ,;,ͷָ"
796,,,mn y 1. ʯ2. û
797,,,j j ǣõӡʱŮʮʱģӣһֱδģٶʮʱӡ
798,,,wn lun ò
799,,,yng chn װ
