Code,Name,港股市值
00001,长江实业,3881亿
00002,中电控股,1724亿
00003,香港中华煤气,1955亿
00004,九龙仓集团,1792亿
00005,汇丰控股,14727亿
00006,电能实业,1674亿
00007,凯富能源,16亿
00008,电讯盈科,390亿
00009,长和国际实业,10亿
00010,恒隆集团,537亿
00011,恒生银行,2911亿
00012,恒基地产,1818亿
00013,和记黄埔,4868亿
00014,希慎兴业,387亿
00015,盈信控股,12亿
00016,新鸿基地产,3660亿
00017,新世界发展,874亿
00018,东方报业集团,21亿
00019,太古股份公司A,944亿
00020,会德丰,878亿
00021,大中华地产控股,9亿
00022,茂盛控股,4亿
00023,东亚银行,885亿
00024,宝威控股,17亿
00025,CHEVALIERINTL,42亿
00026,中华汽车,38亿
00027,银河娱乐,1633亿
00028,天安,76亿
00029,达力集团,7亿
00030,佳讯控股,4亿
00031,航天控股,49亿
00032,港通控股,31亿
00033,和协海峡金融集团,5亿
00034,九龙建业,113亿
00035,FECONSORTINTL,71亿
00036,远东控股国际,7亿
00037,远东酒店实业,3亿
00038,第一拖拉机股份,29亿
00039,中国酿酒集团,12亿
00040,金山工业,8亿
00041,鹰君,186亿
00042,东北电气,8亿
00043,卜蜂国际,274亿
00044,香港飞机工程,141亿
00045,大酒店,170亿
00046,科联系统,7亿
00047,合兴集团,16亿
00050,香港小轮（集团）,37亿
00051,海港企业,103亿
00052,FAIRWOODHOLD,26亿
00053,国浩集团,309亿
00054,合和实业,261亿
00055,中星集团控股,2亿
00056,联合地产（香港）,120亿
00057,震雄集团,14亿
00058,新威国际,6亿
00059,天誉置业,19亿
00060,香港食品投资,2亿
00061,北亚资源,31亿
00062,载通,78亿
00063,荣丰国际,19亿
00064,结好控股,26亿
00065,弘海有限公司,3亿
00066,港铁公司,2247亿
00067,旭光高新材料,0
00068,利兴发展,11亿
00069,香格里拉（亚洲）,425亿
00070,海王集团,7亿
00071,美丽华酒店,66亿
00072,现代传播,8亿
00073,亚洲果业,11亿
00074,长城科技股份,0
00075,渝太地产,19亿
00076,南海石油,5亿
00077,进智公共交通,3亿
00078,REGALINTL,43亿
00079,世纪建业,2亿
00081,中国海外宏洋集团,102亿
00082,第一视频,24亿
00083,信和置业,805亿
00084,宝光实业,18亿
00085,中国电子,85亿
00086,新鸿基公司,183亿
00087,太古股份公司B,585亿
00088,TAICHEUNGHOLD,41亿
00089,大生地产,11亿
00090,琥珀能源,5亿
00091,骏新能源,21亿
00092,CHAMPIONTECH,11亿
00093,TERMBRAYIND,14亿
00094,绿森集团,13亿
00095,新泽控股,36亿
00096,YUSEI,6亿
00097,恒基发展,23亿
00098,兴发铝业,11亿
00099,王氏国际,13亿
00100,白马户外媒体,50亿
00101,恒隆地产,1089亿
00102,凯升控股,63亿
00103,首长宝佳,8亿
00104,ASIACOMMHOLD,4亿
00105,凯联国际酒店,84亿
00106,深圳科技,22亿
00107,四川成渝高速公路,39亿
00108,建懋国际,9亿
00109,金威资源,86亿
00110,中国长远,4亿
00111,信达国际控股,11亿
00112,至祥置业,7亿
00113,迪生创建,12亿
00114,HERALDHOLD,6亿
00115,钧濠集团,2亿
00116,周生生,121亿
00117,宇阳控股,5亿
00118,大同机械,5亿
00119,保利置业集团,168亿
00120,COSMOPOLINTL,9亿
00121,卜蜂莲花,20亿
00122,鳄鱼恤,16亿
00123,越秀地产,225亿
00124,金威啤酒,47亿
00125,新兴光学,7亿
00126,TAKSINGALLI,13亿
00127,华人置业,462亿
00128,安宁控股,9亿
00129,泛海集团,26亿
00130,慕诗国际,6亿
00131,卓能(集团),31亿
00132,中国兴业控股,8亿
00135,昆仑能源,758亿
00136,马斯葛集团,87亿
00137,金辉集团,7亿
00138,CCTTELECOM,0
00139,中国微电子,34亿
00141,大中华集团,9亿
00142,第一太平,321亿
00143,GLOBALTECH,5亿
00144,招商局国际,920亿
00145,香港建屋贷款,8亿
00146,TAIPINGCARPET,4亿
00147,超越集团,87亿
00148,KINGBOARDCHEM,149亿
00149,中国农产品交易,10亿
00151,中国旺旺,1140亿
00152,深圳国际,285亿
00153,中国赛特,14亿
00154,北京发展（香港）,42亿
00155,中国源畅,0
00156,力宝华润,29亿
00157,自然美,11亿
00158,万邦投资,33亿
00159,布莱克万矿业,25亿
00160,汉国置业,22亿
00161,中航国际控股,27亿
00162,世纪金花,13亿
00163,英皇国际,70亿
00164,中国伽玛,9亿
00165,中国光大控股,441亿
00166,新时代能源,7亿
00167,IDTINTL,19亿
00168,青岛啤酒股份,341亿
00169,恒力商业地产,76亿
00171,银建国际,38亿
00172,金榜集团,12亿
00173,嘉华国际,124亿
00174,盛洋投资,6亿
00175,吉利汽车,385亿
00176,联太工业,7亿
00177,江苏宁沪高速公路,131亿
00178,莎莎国际,117亿
00179,德昌电机控股,250亿
00180,开达集团,9亿
00181,闽港控股,4亿
00182,中国风电,59亿
00183,田生集团,9亿
00184,激成投资,27亿
00185,特速集团,0
00186,GRANDEHOLDINGS,0
00187,北人印刷机械股份,5亿
00188,新华汇富金融,17亿
00189,东岳集团,70亿
00190,香港建设(控股),29亿
00191,丽新国际,23亿
00193,冠中地产,5亿
00194,廖创兴企业,39亿
00195,利海资源,0
00196,宏华集团,33亿
00197,亨泰,9亿
00198,星美国际,103亿
00199,德祥地产,34亿
00200,新濠国际发展,210亿
00201,华大地产,31亿
00202,国中控股,21亿
00205,财讯传媒,13亿
00206,TSC集团,16亿
00207,侨福企业,233亿
00208,保利达资产,48亿
00209,中国大亨饮品,19亿
00210,达芙妮国际,36亿
00211,STYLANDHOLD,12亿
00212,NANYANGHOLD,16亿
00213,NATIONALELECH,11亿
00214,汇汉控股,16亿
00215,和记电讯香港,171亿
00216,建业实业,10亿
00217,中国诚通发展集团,31亿
00218,申银万国,64亿
00219,顺豪科技,14亿
00220,统一企业中国,273亿
00221,PNG资源,3亿
00222,闽信集团,33亿
00223,神州资源,10亿
00224,建生国际,15亿
00225,博富临置业,14亿
00226,力宝,23亿
00227,第一上海,33亿
00228,中能控股,18亿
00229,利民实业,5亿
00230,五矿建设,38亿
00231,盛明国际控股,33亿
00232,中国航空工业国际,64亿
00233,铭源医疗,0
00234,新世纪集团,9亿
00235,中策集团,13亿
00236,香港生力啤,5亿
00237,安全货仓,16亿
00238,长兴国际,11亿
00239,白花油,11亿
00240,利基控股,6亿
00241,中信21世纪,1051亿
00242,信德集团,137亿
00243,QPLINTL,3亿
00244,先施,3亿
00245,中国七星购物,0
00246,瑞金矿业,0
00247,TSTPROPERTIES,383亿
00248,香港通讯国际控股,3亿
00250,中国数码信息,23亿
00251,爪哇控股,42亿
00252,华信地产财务,6亿
00253,顺豪资源集团,8亿
00254,中国户外媒体集团,12亿
00255,龙记集团,14亿
00256,中国海淀,42亿
00257,中国光大国际,657亿
00258,汤臣集团,33亿
00259,亿都(国际控股),20亿
00260,中国环投股份,18亿
00261,中建科技国际,0
00262,迪臣发展国际,5亿
00263,中国云锡矿业,13亿
00264,卓高国际,4亿
00265,南华集团,20亿
00266,天德地产,43亿
00267,中信泰富,3914亿
00268,金蝶国际,115亿
00269,中国资源交通,52亿
00270,粤海投资,696亿
00271,丹枫控股,26亿
00272,瑞安房地产,188亿
00273,威利国际,59亿
00274,中富资源,0
00275,锦兴集团,3亿
00276,蒙古能源,8亿
00277,太兴置业,16亿
00278,华厦置业,8亿
00279,民丰企业,46亿
00280,景福集团,6亿
00281,川河集团,11亿
00282,壹传媒,19亿
00283,高银地产,649亿
00285,比亚迪电子,264亿
00286,金匡企业,15亿
00287,永发置业,3亿
00289,WINGONCO,80亿
00290,中国富强金融,7亿
00291,华润创业,595亿
00292,泛海酒店,18亿
00293,国泰航空,786亿
00294,长江制衣,5亿
00295,江山控股,146亿
00296,英皇娱乐酒店,23亿
00297,中化化肥,153亿
00298,庄士中国,9亿
00299,中讯软件,20亿
00300,昆明机床,0
00302,永亨银行,0
00303,VTECHHOLDINGS,274亿
00305,五菱汽车,11亿
00306,冠忠巴士集团,18亿
00307,优派能源发展,17亿
00308,香港中旅,205亿
00309,新华通讯频媒,4亿
00311,联泰控股,16亿
00312,岁宝百货,13亿
00313,裕田中国,10亿
00315,数码通电讯,148亿
00316,东方海外国际,312亿
00317,广州广船国际股份,198亿
00318,黄河实业,7亿
00319,勤美达国际,26亿
00320,金宝通,19亿
00321,德永佳集团,105亿
00322,康师傅控股,926亿
00323,马鞍山钢铁股份,55亿
00325,创生控股,0
00326,中国星集团,19亿
00327,百富环球,121亿
00328,ALCOHOLDINGS,9亿
00329,叁龙国际,19亿
00330,思捷环球,145亿
00331,春天百货,0
00332,NGAILIKIND,32亿
00333,黛丽斯国际,4亿
00334,唯冠国际,0
00335,美建集团,34亿
00336,华宝国际,262亿
00337,盛高置地,118亿
00338,上海石油化工股份,172亿
00340,中国矿业,26亿
00341,大家乐集团,168亿
00342,新海能源,66亿
00343,文化传信,12亿
00345,VITASOYINTL,150亿
00346,延长石油国际,43亿
00347,鞍钢股份,73亿
00348,龙昌,65亿
00350,经纬纺织机械股份,23亿
00351,亚洲能源物流,16亿
00352,富阳,2亿
00353,能源国际投资,3亿
00354,中国软件国际,0
00355,世纪城市国际,22亿
00357,美兰机场,18亿
00358,江西铜业股份,223亿
00359,海升果汁,5亿
00360,新焦点,33亿
00361,顺龙控股,4亿
00362,中国天化工,19亿
00363,上海实业控股,337亿
00364,华丰集团,13亿
00365,日东科技,3亿
00366,陆氏集团(越南),13亿
00367,庄士机构国际,18亿
00368,中外运航运,89亿
00369,永泰地产,67亿
00370,国华,13亿
00371,北控水务集团,596亿
00372,德祥企业,12亿
00373,联合集团,73亿
00374,四洲集团,16亿
00375,YGMTRADING,18亿
00376,瑞东集团,0
00377,新洲印刷集团,18亿
00378,事安集团,0
00379,必美宜,25亿
00380,中国管业,6亿
00381,侨雄能源,5亿
00382,威灵控股,57亿
00383,中国网络资本,20亿
00384,中国燃气,704亿
00385,建联集团,6亿
00386,中国石油化工股份,1852亿
00387,力丰(集团),2亿
00388,香港交易所,3479亿
00389,通天酒业,7亿
00390,中国中铁,485亿
00391,美亚娱乐资讯,50亿
00392,北京控股,940亿
00393,旭日企业,18亿
00395,中国龙新能源,14亿
00396,兴利(香港)控股,4亿
00397,君阳太阳能,17亿
00398,东方表行集团,7亿
00399,联合基因集团,14亿
00401,万嘉集团,4亿
00402,蒙古投资,34亿
00403,星光集团,3亿
00404,新昌营造,49亿
00406,有利集团,7亿
00408,叶氏化工集团,25亿
00410,SOHO中国,303亿
00411,南顺(香港),14亿
00412,汉基控股,220亿
00413,南华中国,26亿
00417,谢瑞麟,6亿
00418,方正控股,7亿
00419,中国9号健康,0
00420,福田实业,17亿
00421,中国大冶优先股,-
00422,越南制造加工出口,4亿
00423,经济日报集团,10亿
00425,敏实集团,214亿
00426,万华媒体,3亿
00430,东方网库,6亿
00431,大中华实业,15亿
00432,盈大地产,21亿
00433,北方矿业,54亿
00434,博雅互动,60亿
00438,彩虹电子,5亿
00439,英发国际,176亿
00440,大新金融,182亿
00444,SINCEREWATCHHK,95亿
00445,中国消防,16亿
00449,志高控股,15亿
00450,鸿兴印刷集团,10亿
00451,森泰集团,147亿
00455,天大药业,7亿
00456,新城市建设发展,9亿
00458,联亚集团,7亿
00459,美联工商铺,8亿
00460,四环医药,0
00462,天然乳品,0
00464,建福集团,6亿
00465,富通科技,4亿
00467,联合能源集团,162亿
00468,纷美包装,61亿
00469,凯普松国际,3亿
00471,中播控股,11亿
00472,金六福投资,0
00474,昊天能源集团,21亿
00475,中发展控股,6亿
00476,中铜资源,27亿
00477,奥普集团控股,22亿
00479,华建控股,4亿
00480,香港兴业国际,58亿
00482,圣马丁国际,2亿
00483,包浩斯国际,12亿
00484,云游控股,21亿
00485,STARLIGHTINTL,0
00486,RUSAL,709亿
00487,实德环球,13亿
00488,丽新发展,41亿
00489,东风集团股份,368亿
00491,汉传媒,14亿
00493,国美电器,334亿
00494,利丰,662亿
00495,PALADIN,5亿
00496,卡森国际,11亿
00497,资本策略地产,33亿
00498,保华集团,12亿
00499,华脉无线通信,10亿
00500,天地数码(控股),15亿
00503,朗生医药,13亿
00505,兴业铜业,5亿
00506,中国食品,169亿
00508,鼎亿集团投资,23亿
00509,世纪阳光,33亿
00510,时富金融服务集团,39亿
00511,电视广播,221亿
00512,远大医药,43亿
00513,恒和集团,13亿
00515,达进东方照明,0
00516,瀚智集团,0
00517,中远国际控股,70亿
00518,同得仕(集团),4亿
00519,实力建业,9亿
00521,首长科技,28亿
00522,ASMPACIFIC,349亿
00524,E-KONGGROUP,5亿
00525,广深铁路股份,72亿
00526,利时集团控股,18亿
00527,中国瑞风,12亿
00528,金达控股,9亿
00529,SISINTL,10亿
00530,高银金融,2059亿
00531,顺诚,35亿
00532,WKKINTL(HOLD),6亿
00533,金利来集团,35亿
00535,金地商置,64亿
00536,贸易通,15亿
00538,味千(中国),52亿
00539,冠华国际控股,26亿
00540,迅捷环球控股,3亿
00542,新岭域集团,3亿
00543,太平洋网络,46亿
00544,大同集团,2亿
00546,阜丰集团,132亿
00547,奥亮集团,90亿
00548,深圳高速公路股份,58亿
00549,奇峰化纤,2亿
00550,先传媒,6亿
00551,裕元集团,478亿
00552,中国通信服务,105亿
00553,南京熊猫电子股份,23亿
00554,汉思能源,8亿
00555,御泰中彩控股,58亿
00556,泛亚环保,13亿
00557,CITYE-SOLUTION,6亿
00558,力劲科技,8亿
00559,国藏集团,21亿
00560,珠江船务,27亿
00563,上实城市开发,103亿
00564,郑煤机,15亿
00565,锦艺纺织,5亿
00566,汉能太阳能,3009亿
00567,大昌微线集团,4亿
00568,山东墨龙,13亿
00569,中国自动化,14亿
00570,盈天医药,159亿
00571,丰德丽控股,14亿
00572,中国包装集团,14亿
00573,稻香控股,36亿
00575,励晶太平洋,4亿
00576,浙江沪杭甬,184亿
00577,路易十三集团,26亿
00578,融信资源,4亿
00579,京能清洁能源,84亿
00580,赛晶电力电子,19亿
00581,中国东方集团,0
00582,嘉辉化工,19亿
00583,南华早报集团,0
00585,意马国际,23亿
00586,海螺创业,368亿
00587,华瀚生物制药,113亿
00588,北京北辰实业股份,25亿
00589,宝姿,21亿
00590,六福集团,147亿
00591,中国高精密,0
00592,BOSSINIINTL,11亿
00593,ALLIEDOVERSEA,18亿
00595,AVCONCEPTHOLD,4亿
00596,浪潮国际,19亿
00598,中国外运,132亿
00599,怡邦行控股,2亿
00600,中国基建投资,8亿
00601,权智（国际）,8亿
00602,佳华百货控股,7亿
00603,中油燃气,59亿
00604,深圳控股,276亿
00605,中国金融投资管理,27亿
00606,中国粮油控股,235亿
00607,汇多利,89亿
00608,达利国际,8亿
00609,天德化工,15亿
00610,WAIKEEHOLD,22亿
00611,中核工业二三国际,29亿
00613,YUGANGINTL,13亿
00616,永义实业,3亿
00617,百利保控股,32亿
00618,方正数码,36亿
00619,南华金融,8亿
00620,UDLHOLDINGS,5亿
00621,坛金矿业,20亿
00622,威华达控股,43亿
00623,中视金桥,27亿
00626,大众金融控股,44亿
00627,佑威国际,0
00628,多金控股,8亿
00629,悦达矿业,3亿
00630,隽泰控股,3953万
00631,三一国际,68亿
00632,东方明珠石油,7亿
00633,中国全通,45亿
00635,彩星集团,20亿
00636,嘉里物流,212亿
00637,利记,9亿
00638,建溢集团,5亿
00639,首钢资源,101亿
00640,星谦化工,10亿
00641,立信工业,20亿
00642,PALADINPREF,3亿
00643,恒富控股,9亿
00645,安域亚洲,6亿
00646,中国环保科技,8亿
00647,JOYCEBOUTIQUE,8亿
00648,中国仁济医疗,4亿
00650,顺昌集团,4亿
00651,中海船舶,19亿
00653,卓悦控股,25亿
00655,香港华人有限公司,36亿
00656,复星国际,1308亿
00657,环科国际,7亿
00658,中国高速传动,118亿
00659,新创建集团,495亿
00660,伟俊矿业集团,22亿
00661,中国大冶有色金属,56亿
00662,亚洲金融,41亿
00663,金山能源,10亿
00665,海通国际,386亿
00668,东原地产,7亿
00669,创科实业,521亿
00670,中国东方航空股份,244亿
00672,众安房产,23亿
00673,中国卫生控股,7亿
00674,文化地标投资,4亿
00675,坚宝国际,2亿
00676,创信国际,10亿
00677,金源米业,9亿
00678,云顶香港,229亿
00679,亚洲联网科技,3亿
00680,南海控股,81亿
00681,中民控股,10亿
00682,超大现代,20亿
00683,嘉里建设,456亿
00684,亚伦国际,7亿
00685,世界华文媒体,31亿
00686,金保利新能源,56亿
00687,泰升集团,25亿
00688,中国海外发展,2554亿
00689,长盈集团(控股),4亿
00690,联康生物科技集团,11亿
00691,山水水泥,0
00692,中国家居,27亿
00693,陈唱国际,56亿
00694,北京首都机场股份,161亿
00695,东吴水泥,13亿
00696,中国民航信息网络,135亿
00697,SHOUGANGINTL,45亿
00698,通达集团,74亿
00700,腾讯控股,15336亿
00701,CNTGROUP,11亿
00702,中国油气控股,36亿
00703,FUTUREBRIGHT,12亿
00704,和嘉资源,5亿
00705,南亚矿业,4亿
00706,银创控股,18亿
00707,协盛协丰,7亿
00708,新传媒,61亿
00709,佐丹奴国际,61亿
00710,精电,20亿
00711,俊和发展集团,22亿
00712,卡姆丹克太阳能,16亿
00713,世界（集团）,3亿
00715,和记港陆,105亿
00716,胜狮货柜,36亿
00717,英皇证券,44亿
00718,百威国际,0
00719,山东新华制药股份,12亿
00720,意达利控股,21亿
00723,永保林业,10亿
00724,泰丰国际,8亿
00725,恒都集团,3亿
00726,东南国际集团,28亿
00727,卓越金融,26亿
00728,中国电信,820亿
00729,中聚电池,132亿
00730,SHOUGANGGRAND,8亿
00731,森信纸业集团,5亿
00732,信利国际,109亿
00733,合富辉煌,17亿
00735,中国电力新能源,89亿
00736,中国置业投资,14亿
00737,合和公路基建,118亿
00738,利信达集团,20亿
00743,亚洲水泥(中国),71亿
00745,中国铁联传媒,18亿
00746,理文化工,34亿
00747,沈阳公用发展股份,5亿
00750,兴业太阳能,91亿
00751,创维数码,190亿
00752,PICOFAREAST,26亿
00753,中国国航,443亿
00754,合生创展集团,181亿
00755,上海证大,50亿
00756,中国天溢控股,14亿
00757,阳光能源,13亿
00758,JUNEFIELDGROUP,3亿
00759,CECINTLHOLD,15亿
00760,新天地产集团,4亿
00761,百营环球资源,0
00762,中国联通,3683亿
00763,中兴通讯,155亿
00764,永恒策略,0
00765,PERFECTECHINTL,3亿
00766,中盈国金资源,3亿
00767,PACIFICPLYWOOD,4亿
00769,中国稀土,29亿
00771,自动系统,5亿
00773,中国金属再生资源,0
00775,长江生命科技,85亿
00776,捷丰家居,21亿
00777,网龙,119亿
00789,雅天妮,4亿
00794,锦胜集团(控股),3亿
00800,A8电媒音乐,13亿
00801,金卫医疗,0
00802,宏霸数码,2亿
00803,昌兴国际,21亿
00805,GLENCORE-S,4900亿
00806,惠理集团,255亿
00809,大成生化科技,13亿
00811,新华文轩,43亿
00812,敦沛金融,37亿
00813,世茂房地产,615亿
00814,北京京客隆,4亿
00815,中国白银集团,35亿
00816,华电福新,110亿
00817,方兴地产,273亿
00818,高阳科技,84亿
00819,天能动力,42亿
00821,汇盈控股,5亿
00822,嘉瑞国际,9亿
00825,新世界百货中国,34亿
00826,天工国际,36亿
00827,玖源集团,48亿
00828,王朝酒业,0
00829,神冠控股,79亿
00830,远东环球,36亿
00831,利亚零售,36亿
00832,建业地产,54亿
00833,华讯,7亿
00834,康大食品,3亿
00835,亚洲煤业,18亿
00836,华润电力,1122亿
00837,谭木匠,13亿
00838,亿和控股,44亿
00839,天大石油管材,8亿
00840,天业节水,1亿
00841,木薯资源,7亿
00842,理士国际,15亿
00844,广豪国际,4亿
00845,恒盛地产,91亿
00846,明发集团,163亿
00847,哈萨克铜业－Ｓ,136亿
00848,茂业国际,93亿
00850,中亚能源,13亿
00851,盛源控股,8亿
00852,海峡石油化工,10亿
00853,微创医疗,62亿
00854,威雅利,4亿
00855,中国水务,67亿
00856,伟仕控股,47亿
00857,中国石油股份,2139亿
00858,精优药业,11亿
00859,镇科集团,18亿
00860,明丰珠宝,11亿
00861,神州数码,135亿
00862,VISIONVALUES,11亿
00864,永利地产发展,5亿
00865,第一电讯,0
00866,中国秦发,9亿
00867,康哲药业,348亿
00868,信义玻璃,196亿
00869,彩星玩具,20亿
00871,翔宇疏浚,19亿
00872,锦恒汽车安全,4亿
00873,中国泰丰床品,0
00874,白云山,66亿
00875,从玉农业,7亿
00876,永利控股,22亿
00877,昂纳光通信集团,15亿
00878,金朝阳集团,40亿
00880,澳博控股,574亿
00881,中升控股,151亿
00882,天津发展,80亿
00883,中国海洋石油,5938亿
00884,旭辉控股集团,144亿
00885,福方集团,32亿
00886,银基集团,17亿
00887,英皇钟表珠宝,23亿
00888,路讯通,9亿
00889,连达科技控股,6亿
00891,利邦,29亿
00893,中国铁钛,17亿
00894,万裕科技,6亿
00895,东江环保,36亿
00896,兴胜创建,11亿
00897,位元堂,7亿
00898,万事昌国际,18亿
00899,亚洲资源,12亿
00900,AEONCREDIT,26亿
00902,华能国际电力股份,438亿
00903,冠捷科技,45亿
00904,中国绿色食品,12亿
00906,中粮包装,56亿
00907,高雅国际,2亿
00908,珠海控股投资,23亿
00909,中大国际,0
00910,中国三迪,3亿
00912,信佳国际,6亿
00914,安徽海螺水泥股份,428亿
00915,林麦集团,13亿
00916,龙源电力,340亿
00917,新世界中国,470亿
00918,第一德胜控股,10亿
00919,现代美容,6亿
00921,海信科龙,36亿
00922,中福控股,9亿
00923,福和集团,17亿
00925,北京建设,50亿
00926,碧生源,16亿
00927,富士高实业,6亿
00928,野马国际,33亿
00929,国际精密,7亿
00930,中国森林,0
00931,宏通集团,239亿
00933,光汇石油,217亿
00934,中石化冠德,179亿
00935,龙翔集团,10亿
00936,鹏程亚洲,10亿
00938,民生国际,9亿
00939,建设银行,18656亿
00940,中国动物保健品,0
00941,中国移动,23525亿
00943,意科控股,3亿
00945,宏利金融-S,2795亿
00946,洪良国际,0
00947,摩比发展,18亿
00948,融达控股,0
00950,李氏大药厂,87亿
00951,超威动力,56亿
00952,华富国际,0
00953,美克国际,4亿
00956,新天绿色能源,38亿
00958,华能新能源,140亿
00959,奥玛仕控股,2亿
00960,龙湖地产,761亿
00963,华熙生物科技,60亿
00966,中国太平,938亿
00967,桑德国际,0
00968,信义光能,188亿
00969,华联国际,10亿
00970,耀莱集团,12亿
00973,LOCCITANE,327亿
00975,MONGOLMINING,36亿
00976,齐合天地,76亿
00978,东力实业控股,110亿
00979,绿色能源科技集团,10亿
00980,联华超市,20亿
00981,中芯国际,309亿
00982,卓智控股,57亿
00983,瑞安建业,33亿
00984,永旺,27亿
00985,中科矿业,29亿
00986,中国环保能源,7亿
00987,中国再生能源投资,8亿
00988,楼东俊安资源,34亿
00989,润迅通信国际,7亿
00990,荣晖国际,16亿
00991,大唐发电,159亿
00992,联想集团,1484亿
00993,天行国际,85亿
00995,安徽皖通高速公路,33亿
00996,嘉年华国际,223亿
00997,普汇中金国际,12亿
00998,中信银行,1073亿
00999,I.T,40亿
01000,北青传媒,2亿
01001,VANSHUNGCHONG,6亿
01002,威铖国际,10亿
01003,21控股,0
01004,丽盛集团控股,114亿
01005,MATRIXHOLDINGS,21亿
01006,长寿花食品,36亿
01007,大庆乳业,0
01008,贵联控股,26亿
01009,国际娱乐,27亿
01010,弘茂科技,5亿
01011,泰凌医药,26亿
01013,伟俊集团控股,14亿
01019,康宏理财,20亿
01020,华耐控股,7亿
01021,麦达斯控股─Ｓ,27亿
01023,时代集团控股,49亿
01025,物美商业,37亿
01026,环球实业科技,18亿
01028,千百度,59亿
01029,铁货,24亿
01030,新城发展控股,80亿
01031,金利丰金融,248亿
01033,仪征化纤股份,101亿
01036,万科置业海外,18亿
01037,DAIWAASSOCIATE,20亿
01038,长江基建集团,1664亿
01039,畅丰车桥,19亿
01040,M&G化工,Error
01041,中国新能源动力,7亿
01043,光宇国际集团科技,18亿
01044,恒安国际,1195亿
01045,亚太卫星,74亿
01046,寰宇国际,2亿
01047,毅兴行,2亿
01048,新源控股,2亿
01049,时富投资,10亿
01050,嘉利国际,7亿
01051,国际资源,71亿
01052,越秀交通基建,97亿
01053,重庆钢铁股份,13亿
01055,中国南方航空股份,217亿
01057,浙江世宝,12亿
01058,粤海制革,4亿
01059,看通集团,10亿
01060,文化中国传播,811亿
01061,亿胜生物科技,26亿
01063,新确科技,211亿
01064,中华国际,2亿
01065,天津创业环保股份,29亿
01066,威高股份,136亿
01068,雨润食品,49亿
01069,江晨国际,9亿
01070,TCL多媒体,89亿
01071,华电国际电力股份,145亿
01072,东方电气,61亿
01073,浩伦农科,0
01075,首都信息,6亿
01076,第一天然食品,145亿
01079,松景科技,2亿
01080,胜利管道,11亿
01082,现代教育,2亿
01083,港华燃气,225亿
01085,亨鑫科技,6亿
01086,好孩子国际,38亿
01087,泓淋科技,25亿
01088,中国神华,701亿
01089,森宝食品,33亿
01090,大明国际,34亿
01091,中信大锰,24亿
01093,石药集团,470亿
01094,中国公共采购,31亿
01096,动感集团,11亿
01097,I-CABLECOMM,16亿
01098,ROADKINGINFRA,57亿
01099,国药控股,444亿
01100,飞达控股,4亿
01101,中国熔盛重工,100亿
01102,环能国际,7亿
01103,上海栋华,7亿
01104,亚太资源,9亿
01105,星岛,9亿
01106,中国海景,3亿
01107,当代置业,24亿
01108,洛阳玻璃股份,17亿
01109,华润置地,1730亿
01110,金活医药集团,15亿
01111,创兴银行,100亿
01112,合生元,217亿
01114,BRILLIANCECHI,750亿
01115,西藏５１００,76亿
01116,MAYERHOLDINGS,0
01117,现代牧业,153亿
01118,高力集团,6亿
01120,雅视光学,11亿
01121,宝峰时尚,10亿
01122,庆铃汽车股份,39亿
01123,中港照相,6亿
01124,沿海家园,11亿
01125,丽丰控股,30亿
01126,德林国际,8亿
01127,汇星印刷,10亿
01128,永利澳门,907亿
01129,中国水业集团,27亿
01130,中国环境资源,3亿
01131,鸿宝资源,23亿
01132,橙天嘉禾,27亿
01133,哈尔滨电气,45亿
01135,ASIASATELLITE,107亿
01136,台泥国际集团,107亿
01137,香港电视,25亿
01138,中海发展股份,93亿
01139,华多利集团,4亿
01141,保兴资本,21亿
01142,西伯利亚矿业,2亿
01143,中慧国际控股,8亿
01145,勇利航业,4亿
01146,中国服饰控股,31亿
01148,新晨动力,47亿
01149,中国安芯,0
01150,米兰站,7亿
01151,依利安达,15亿
01152,丰临集团,8亿
01155,星辰通信,6亿
01157,中联重科,83亿
01159,泰盛实业集团,41亿
01161,奥思集团,8亿
01163,德金资源,0
01164,中广核矿业,38亿
01165,顺风光电,169亿
01166,蒙古矿业,4亿
01168,百仕达控股,35亿
01169,海尔电器,620亿
01170,信星集团,9亿
01171,兖州煤业股份,158亿
01172,勤达集团国际,8亿
01173,威高国际,8亿
01174,太平洋恩利,22亿
01175,福记食品服务,11亿
01176,珠光控股,74亿
01177,中国生物制药,460亿
01178,天年生物,7亿
01180,汇彩控股,23亿
01181,唐宫中国,9亿
01182,中青基业,6亿
01184,S.A.S.DRAGON,12亿
01185,中国航天万源,58亿
01186,中国铁建,346亿
01187,珠江轮胎,0
01188,正道集团,65亿
01189,珀丽酒店,4亿
01190,航标控股,26亿
01191,粤首环保,21亿
01192,泰山石化,0
01193,华润燃气,610亿
01194,中国贵金属,30亿
01195,京维集团,19亿
01196,昌明投资,41亿
01198,皇朝家h,4亿
01199,中远太平洋,368亿
01200,美联集团,25亿
01201,侨威集团,4亿
01202,成都普天电缆股份,3亿
01203,广南（集团）,12亿
01205,中信资源,107亿
01206,同方泰德,42亿
01207,上置集团,21亿
01208,五矿资源,176亿
01210,克莉丝汀,6亿
01211,比亚迪股份,446亿
01212,利福国际,242亿
01213,万保刚集团,3亿
01215,开源控股,18亿
01218,永义国际,3亿
01219,天喔国际,59亿
01220,志道国际,27亿
01221,SINOHOTELS,25亿
01222,WANGONGROUP,25亿
01223,新沣集团,16亿
01224,中渝置地,46亿
01225,隆成集团,5亿
01228,奇峰国际,0
01229,南南资源,5亿
01230,雅士利国际,128亿
01231,新矿资源,35亿
01232,金轮天地控股,15亿
01233,时代地产,57亿
01234,中国利郎,97亿
01235,专业旅运,5亿
01236,乾隆科技,50亿
01237,美丽家园,10亿
01238,宝龙地产,65亿
01239,金宝宝控股,18亿
01240,新利控股,9亿
01241,双桦控股,4亿
01246,毅信控股,10亿
01247,米格国际控股,8亿
01249,通力电子,17亿
01250,金彩控股,35亿
01251,华油能源,26亿
01252,中国天瑞水泥,85亿
01255,港大零售,3亿
01258,中国有色矿业,79亿
01259,青蛙王子,15亿
01260,皓天财经集团,24亿
01262,蜡笔小新食品,10亿
01263,嗄芗团,4亿
01265,天津津燃公用,8亿
01266,西王特钢,26亿
01268,美东汽车,17亿
01269,中国车辆零部件,12亿
01270,朗廷-SS,71亿
01271,佳明集团控股,30亿
01273,香港信贷,4亿
01275,开元产业信托,29亿
01277,力量能源,35亿
01278,中国新城镇,40亿
01280,汇银家电,9亿
01281,开世中国,17亿
01282,世达科技,27亿
01288,农业银行,1386亿
01290,中国汇融,18亿
01293,宝信汽车,154亿
01296,国电科环,17亿
01297,中国擎天软件,59亿
01298,天美(控股),6亿
01299,友邦保险,6288亿
01300,俊知集团,27亿
01303,汇力资源,12亿
01308,海丰国际,152亿
01312,联合水泥,46亿
01313,华润水泥控股,325亿
01314,翠华控股,36亿
01315,允升国际,6亿
01316,耐世特,220亿
01318,格菱控股,7亿
01319,霭华押业信贷,8亿
01322,CWGROUPHOLD,25亿
01323,NEWTREEGROUP,25亿
01328,精英国际,32亿
01329,钜大国际,7亿
01332,确利达国际,21亿
01333,中国忠旺,260亿
01335,顺泰控股,30亿
01336,新华保险,506亿
01337,中国金凤凰,Error
01338,霸王集团,18亿
01339,中国人民保险集团,468亿
01340,惠生国际,5亿
01345,中国先锋医药,79亿
01348,甏锔豢毓,13亿
01349,复旦张江,30亿
01353,诺奇,0
01358,普华和顺,56亿
01359,中国信达,543亿
01360,MEGAEXPO,7亿
01361,361度,62亿
01363,中滔环保,166亿
01366,江南集团,84亿
01368,特步国际,61亿
01369,五洲国际,60亿
01370,恒实矿业,37亿
01371,华彩控股,65亿
01372,怡益控股,5亿
01373,国际家居零售,16亿
01378,中国宏桥,393亿
01380,中国金石,5亿
01382,互太纺织,155亿
01383,太阳世纪集团,14亿
01385,上海复旦,21亿
01386,盈进集团,6亿
01387,人和商业,133亿
01388,安莉芳控股,17亿
01390,环亚智富,21亿
01393,恒鼎实业,16亿
01396,毅德国际,61亿
01398,工商银行,5997亿
01399,飞毛腿,0
01421,工盖有限公司,15亿
01426,春泉产业信托,40亿
01428,耀才证券金融,82亿
01431,原生态牧业,43亿
01439,中华包装控股,8亿
01448,福寿园,86亿
01488,理文手袋,4亿
01513,丽珠医药,62亿
01515,凤凰医疗,132亿
01555,MI能源,24亿
01600,天伦燃气,65亿
01613,协同通信,30亿
01616,银仕来控股,7亿
01618,中国中冶,135亿
01622,力高地产,72亿
01623,海隆控股,48亿
01628,禹洲地产,76亿
01633,美即控股,0
01636,中国金属利用,32亿
01638,佳兆业集团,0
01661,智美集团,110亿
01663,汉港房地产,8亿
01666,同仁堂科技,87亿
01668,华南城,274亿
01678,中国创意家居,25亿
01680,澳门励骏,190亿
01681,康臣药业,62亿
01682,福源集团控股,18亿
01685,博耳电力,116亿
01689,华禧控股,10亿
01698,博士蛙国际,0
01699,普甜食品,10亿
01700,华地国际控股,73亿
01708,三宝科技,7亿
01717,澳优,27亿
01728,正通汽车,119亿
01733,永晖焦煤,10亿
01766,中国南车,316亿
01768,赛得利控股,39亿
01777,花样年控股,72亿
01788,国泰君安国际,266亿
01798,大唐新能源,32亿
01800,中国交通建设,669亿
01803,瀚洋控股,9亿
01808,企展控股,6亿
01812,晨鸣纸业,19亿
01813,合景泰富,222亿
01818,招金矿业,44亿
01819,富贵鸟,80亿
01822,幻音数码,19亿
01823,华昱高速,3亿
01828,大昌行集团,91亿
01829,中国机械工程,96亿
01830,必瘦站,19亿
01831,十方控股,4亿
01833,银泰百货,192亿
01836,九兴控股,169亿
01838,CHINAPROPERTIES,41亿
01862,景瑞控股,38亿
01863,思嘉集团,0
01866,中国心连心化肥,31亿
01868,真明丽,25亿
01878,南戈壁-S,13亿
01880,百丽国际,878亿
01882,海天国际,307亿
01883,中信国际电讯,105亿
01884,EPRINT集团,5亿
01886,汇源果汁,81亿
01888,建滔积层板,119亿
01889,武夷药业,7亿
01893,中材股份,33亿
01898,中煤能源,211亿
01899,兴达国际,38亿
01900,中国智能交通,20亿
01910,新秀丽,398亿
01913,普拉达,1068亿
01918,融创中国,310亿
01919,中国远洋,199亿
01928,金沙中国有限公司,2598亿
01929,周大福,986亿
01938,珠江钢管,23亿
01963,重庆银行,96亿
01966,中骏置业,52亿
01968,匹克体育,56亿
01972,太古地产,1547亿
01988,民生银行,798亿
01991,大洋集团,5亿
01997,峻凌国际,0
01998,飞克国际,0
01999,敏华控股,189亿
02000,晨讯科技,12亿
02002,阳光纸业,6亿
02005,利君国际,106亿
02006,锦江酒店,52亿
02007,碧桂园,889亿
02008,凤凰卫视,153亿
02009,金隅股份,111亿
02010,瑞年国际,32亿
02011,KEE,3亿
02012,阳光油砂,28亿
02018,瑞声科技,547亿
02020,安踏体育,426亿
02023,中国绿岛科技,9亿
02028,映美控股,12亿
02030,卡宾,29亿
02033,时计宝,25亿
02038,富士康国际,327亿
02039,中集集团,315亿
02068,中铝国际,11亿
02078,荣阳实业,0
02080,MAGNUMENT,9亿
02083,中国地板,17亿
02088,西王糖业,5亿
02098,卓尔发展,98亿
02099,中国黄金国际,53亿
02112,优库资源,29亿
02118,天山发展控股,34亿
02121,一化控股,14亿
02123,金盾控股,0
02128,中国联塑,167亿
02133,中国多金属,8亿
02168,盈德气体,126亿
02178,百勤油服,16亿
02183,利福地产,10亿
02188,泰坦能源技术,12亿
02196,复星医药,119亿
02198,中国三江化工,33亿
02200,浩沙国际,69亿
02208,金风科技,94亿
02211,金天医药集团,88亿
02213,益华百货,14亿
02218,安德利果汁,3亿
02222,雷士照明,0
02223,卡撒天娇,16亿
02226,老恒和酿造,32亿
02228,中国节能海东青,28亿
02233,西部水泥,63亿
02236,惠生工程,107亿
02238,广汽集团,192亿
02255,海昌控股,67亿
02266,帝盛酒店集团,26亿
02268,优源控股,19亿
02282,美高梅中国,574亿
02283,东江集团控股,17亿
02288,宏基资本,6亿
02299,百宏实业,73亿
02300,澳科控股,39亿
02302,中核国际,22亿
02307,锦兴国际控股,5亿
02308,研祥智能,6亿
02309,伯明翰环球,0
02310,申基国际,5亿
02313,申洲国际,516亿
02314,理文造纸,192亿
02317,味丹国际,6亿
02318,中国平安,4144亿
02319,蒙牛乳业,825亿
02320,合丰集团,7亿
02322,仁瑞投资,6亿
02323,至卓国际,3亿
02326,百灵达国际控股,67亿
02327,积华生物医药,6亿
02328,中国财险,812亿
02330,中国上城,3亿
02331,李宁,82亿
02333,长城汽车,600亿
02336,科浪国际,9亿
02338,潍柴动力,160亿
02339,北泰,24亿
02340,新昌管理集团,7亿
02341,中怡精细化工,12亿
02342,京信通信,46亿
02343,太平洋航运,57亿
02345,上海集优,16亿
02348,东瑞制药,55亿
02349,水务地产集团,13亿
02355,宝业集团,18亿
02356,大新银行集团,231亿
02357,中航科工,211亿
02358,三丸控股,5亿
02362,金川国际,29亿
02366,勤＋缘媒体服务,10亿
02368,鹰美,9亿
02369,中国无线,108亿
02371,中国东方文化,16亿
02378,保诚,5031亿
02379,中天国际,9亿
02380,中国电力,356亿
02382,舜宇光学科技,188亿
02383,TOM集团,87亿
02386,中石化炼化工程,117亿
02388,中银香港,3330亿
02389,正峰集团,42亿
02393,巨星国际控股,66亿
02398,友佳国际,9亿
02468,创益太阳能,0
02488,元征科技,34亿
02600,中国铝业,214亿
02601,中国太保,1185亿
02607,上海医药,183亿
02608,阳光100中国,77亿
02618,ＴＣＬ通讯,107亿
02623,中国中盛资源,23亿
02626,湖南有色金属公司,0
02628,中国人寿,2835亿
02638,港灯－SS,462亿
02662,奕达,14亿
02668,百德国际,22亿
02678,天虹纺织,82亿
02688,新奥能源,644亿
02689,玖龙纸业,265亿
02698,魏桥纺织,23亿
02700,格林国际控股,5亿
02722,重庆机电,19亿
02727,上海电气,243亿
02728,成谦声汇,3亿
02777,富力地产,94亿
02788,精熙国际,8亿
02789,远大中国,40亿
02866,中海集运,177亿
02868,首创置业,62亿
02877,神威药业,113亿
02878,SOLOMONSYSTECH,9亿
02880,大连港,47亿
02882,香港资源控股,7亿
02883,中海油田服务,298亿
02888,渣打集团,3216亿
02889,中国镍资源,0
02898,龙润茶,4亿
02899,紫金矿业,0
02903,中国源畅,2亿
02905,骏新能源,10亿
02909,瀚洋控股,71亿
02911,民丰企业,2亿
02914,凯升控股,8亿
02915,亚洲资源,14亿
02916,路易十三集团,62亿
02918,景福集团股权,2亿
03300,中国玻璃,19亿
03303,巨涛海洋石油服务,12亿
03308,金鹰商贸集团,204亿
03311,中国建筑国际,606亿
03313,雅高矿业,23亿
03315,金邦达宝嘉,55亿
03318,中国香精香料,8亿
03322,永嘉集团,13亿
03323,中国建材,276亿
03328,交通银行,2804亿
03330,灵宝黄金,5亿
03331,维达国际,152亿
03332,中生联合,6亿
03333,恒大地产,904亿
03335,ＤBA电讯,0
03336,巨腾国际,55亿
03337,安东油田服务,40亿
03339,中国龙工,82亿
03344,互益集团,11亿
03355,先进半导体,14亿
03360,远东宏信,265亿
03363,正业国际,3亿
03366,华侨城(亚洲),33亿
03368,百盛集团,52亿
03369,秦港股份,41亿
03377,远洋地产,469亿
03378,厦门港务,42亿
03380,龙光地产,145亿
03382,天津港发展,162亿
03383,雅居乐地产,235亿
03386,东鹏控股,55亿
03389,亨得利,86亿
03393,威胜集团,113亿
03398,华鼎控股,8亿
03399,南粤物流,13亿
03608,永盛新材料,7亿
03618,重庆农村商业银行,172亿
03623,集成金融,10亿
03633,中裕燃气,57亿
03636,保利文化,25亿
03663,协众国际控股,14亿
03666,小南国,15亿
03668,中铝矿业国际,113亿
03669,永达汽车,85亿
03683,荣丰联合控股,9亿
03688,莱蒙国际,38亿
03698,徽商银行,131亿
03777,中国光纤,49亿
03778,中国织材控股,8亿
03788,中国罕王,46亿
03800,保利协鑫能源,368亿
03808,中国重汽,152亿
03813,宝胜国际,33亿
03816,ＫＦＭ金德,6亿
03818,中国动向,106亿
03823,德普科技,101亿
03828,明辉国际,5亿
03833,新疆新鑫矿业,13亿
03836,和谐汽车,131亿
03838,中国淀粉,12亿
03868,群星纸业,0
03883,中国奥园,46亿
03886,康健国际,144亿
03888,金山软件,356亿
03889,大成糖业,6亿
03898,南车时代电气,347亿
03899,中集安瑞科,171亿
03900,绿城中国,191亿
03918,金界控股,129亿
03933,联邦制药,87亿
03939,万国国际矿业,12亿
03948,伊泰煤炭,27亿
03968,招商银行,1104亿
03983,中海石油化学,60亿
03988,中国银行,4641亿
03989,新环保能源,25亿
03993,洛阳钼业,98亿
03998,波司登,105亿
03999,大成食品,9亿
06030,中信证券,402亿
06288,FASTRETAIL,33亿
06808,高鑫零售,778亿
06813,凯德商用─Ｓ,0
06818,中国光大银行,375亿
06823,香港电讯-SS,799亿
06828,中国威力印刷,24亿
06830,华众控股,15亿
06837,海通证券,382亿
06838,盈利时,4亿
06863,辉山乳业,242亿
06868,天福,43亿
06880,豪特保健,14亿
06881,中国银河,208亿
06883,新濠博亚娱乐,919亿
06888,英达公路再生科技,15亿
06889,DYNAMJAPAN,116亿
06898,中国铝罐,10亿
08002,IGG,90亿
08003,世大控股,6亿
08005,裕兴科技,55亿
08006,中华网,19亿
08007,数码香港,45亿
08008,新意网集团,63亿
08009,华夏能源控股,2亿
08010,成报传媒,0
08011,百田石油,7亿
08012,仁恒实业控股,0
08016,长虹佳华,30亿
08017,百龄国际,0
08018,汇财软件,97亿
08019,皓文控股,4亿
08020,川盟金融,16亿
08021,汇隆控股,17亿
08022,彩娱集团,4亿
08025,亚洲资产,6亿
08026,长达科技,0
08028,天时软件,3亿
08029,太阳国际,9亿
08030,汇联金融服务,17亿
08031,易通讯集团,3亿
08032,非凡中国,86亿
08033,爱达利网络,3亿
08035,滨海投资,39亿
08036,晶芯科技控股,4亿
08037,朗力福集团,9728万
08039,天马娱乐,8亿
08041,荟萃国际(控股),9亿
08045,南大苏富特,3亿
08046,恒芯中国,7亿
08047,中国能效,6亿
08048,香港珠宝,2亿
08049,吉林长龙药业,7亿
08050,云博产业,66亿
08051,千里眼控股,3亿
08053,比优集团,0
08055,中国网络教育,16亿
08056,鼎丰集团控股,49亿
08058,罗欣药业,26亿
08060,国联通信,2亿
08061,光亚,0
08063,卓施金网,2亿
08066,品创控股,12亿
08068,新宇国际,23亿
08071,中彩网通控股,3亿
08072,罗马集团,4亿
08075,寰亚传媒,9亿
08076,新利软件,2亿
08077,昆仑国际金融,36亿
08078,中国３Ｄ数码,1亿
08079,无限创意控股,1亿
08080,北亚策略,4亿
08081,骏科网络讯息,4亿
08082,仁智国际集团,1亿
08083,中国创新支付,47亿
08085,香港生命科学,9亿
08086,易宝,6亿
08087,中国三三传媒,2亿
08088,高诚资本,9亿
08089,中国铁路货运,6亿
08090,中国融保金融集团,14亿
08092,ITEHOLDINGS,1亿
08095,北大青鸟环宇,9亿
08096,瑞丰石化,0
08098,昌利控股,4亿
08100,联梦活力世界,2亿
08101,家梦控股,1亿
08102,上海复旦,21亿
08103,泰盛国际控股,0
08106,浙大兰德,8409万
08108,名家国际,7665万
08109,科瑞控股,3亿
08111,中科光电,2亿
08112,FOCUSMEDIA,3亿
08115,上海青浦消防,7611万
08116,中国幸福投资,4亿
08117,中国基础资源,8亿
08119,即时科研,2亿
08120,东麟农业,2亿
08122,先健科技,33亿
08123,首华财经网络,27亿
08126,G.A.控股,3亿
08128,中国地能,17亿
08129,中国生物资源,3亿
08130,智城控股,2亿
08131,辰罡科技,1亿
08132,钲皓控股,12亿
08137,洪桥集团,122亿
08138,同仁堂国药,111亿
08143,华夏医疗,28亿
08145,电讯首科,2亿
08146,马仕达国际,5亿
08148,奥嘀泄,4亿
08150,无缝绿色,3亿
08153,科地农业,3亿
08155,南华置地,16亿
08156,众彩股份,36亿
08158,中国生物医学,123亿
08159,辉煌科技,2亿
08160,^浚国际,0
08161,华彩控股,15亿
08163,万德资源,1亿
08165,华普智通,2亿
08166,中国农业生态,6亿
08167,中国新电信,0
08168,英裘控股,6亿
08169,环康集团,1亿
08171,中国趋势,3亿
08172,中国传媒影视,33亿
08173,寰亚矿业,7亿
08175,中国数码版权,6亿
08176,EDSWELLNESS,6亿
08178,中国信息科技,5亿
08179,喜尚控股,5亿
08180,新锐医药,7亿
08181,港深联合,5亿
08185,御药堂,10亿
08186,神州东盟资源,0
08189,泰达生物,10亿
08190,康佰控股,4亿
08192,环球能源资源,6亿
08193,汉华专业服务,4亿
08197,东北虎药业,6727万
08198,新濠环彩,14亿
08200,修身堂,3亿
08202,汇创控股,0
08203,凯顺能源,3亿
08205,交大慧谷,1亿
08206,神通电信服务,5亿
08207,中国信贷,58亿
08208,常茂生物化学工程,2亿
08210,龙杰智能卡,3亿
08211,浙江永隆实业,1亿
08212,誉满国际控股,1亿
08213,惟膳,0
08215,FIRSTCREDIT,2亿
08217,长安民生物流,4亿
08218,毅高国际控股,4亿
08219,品牌中国,9亿
08220,比高集团,10亿
08225,万全科技药业,4亿
08226,中昱科技,1亿
08227,海天天线,3亿
08228,国艺控股,7亿
08229,东大照明,0
08232,中国优通,28亿
08233,中国基建港口,4亿
08235,赛迪顾问,1亿
08236,宝德科技集团,0
08239,明基控股,4亿
08240,中国城市轨道科技,12亿
08242,宏创高科,1亿
08243,大贺传媒,1亿
08246,名轩控股,4亿
08247,中生北控生物科技,2亿
08249,宁波万豪,5785万
08250,中国天然投资,29亿
08253,天元铝业,0
08255,神州数字,9亿
08256,金利通,2亿
08258,西北实业,7590万
08260,施伯乐策略控股,2亿
08261,海天水电,30亿
08265,宏峰太平洋,2亿
08266,流动电讯,4亿
08269,富誉控股,6亿
08270,中国联盛,4亿
08271,环球数码创意,7亿
08272,华人饮食集团,0
08273,浙江展望,6187万
08276,华章科技,12亿
08279,亚博科技控股,43亿
08286,长城微光,8030万
08291,西南环保,2亿
08292,慧聪网,95亿
08295,卓亚资本,3亿
08296,中国生命集团,1亿
08298,安捷利实业,12亿
08299,大唐潼金,0
08301,明华科技,0
08306,中国有色金属,0
08309,时尚环球,5亿
08310,伽玛物流集团,7亿
08311,圆美光电,27亿
08312,金满堂控股,1亿
08317,财华社集团,2亿
08320,思城控股,4亿
08321,中国汽车内饰,6亿
08325,奥思知集团控股,27亿
08326,JCGROUPHLD,7亿
08329,海王英特龙,5亿
08337,直通电讯,16亿
08340,域高金融,1亿
08348,滨海泰达物流,0
08351,俊文宝石,2亿
08356,中国新华电视,13亿
