00001,长江实业
00002,中电控股
00003,香港中华煤气
00004,九龙仓集团
00005,汇丰控股
00006,电能实业
00007,凯富能源
00008,电讯盈科
00009,长和国际实业
00010,恒隆集团
00011,恒生银行
00012,恒基地产
00013,和记黄埔
00014,希慎兴业
00015,盈信控股
00016,新鸿基地产
00017,新世界发展
00018,东方报业集团
00019,太古股份公司A
00020,会德丰
00021,大中华地产控股
00022,茂盛控股
00023,东亚银行
00024,宝威控股
00025,CHEVALIERINTL
00026,中华汽车
00027,银河娱乐
00028,天安
00029,达力集团
00030,佳讯控股
00031,航天控股
00032,港通控股
00033,和协海峡金融集团
00034,九龙建业
00035,FECONSORTINTL
00036,远东控股国际
00037,远东酒店实业
00038,第一拖拉机股份
00039,中国酿酒集团
00040,金山工业
00041,鹰君
00042,东北电气
00043,卜蜂国际
00044,香港飞机工程
00045,大酒店
00046,科联系统
00047,合兴集团
00050,香港小轮（集团）
00051,海港企业
00052,FAIRWOODHOLD
00053,国浩集团
00054,合和实业
00055,中星集团控股
00056,联合地产（香港）
00057,震雄集团
00058,新威国际
00059,天誉置业
00060,香港食品投资
00061,北亚资源
00062,载通
00063,荣丰国际
00064,结好控股
00065,弘海有限公司
00066,港铁公司
00067,旭光高新材料
00068,利兴发展
00069,香格里拉（亚洲）
00070,海王集团
00071,美丽华酒店
00072,现代传播
00073,亚洲果业
00074,长城科技股份
00075,渝太地产
00076,南海石油
00077,进智公共交通
00078,REGALINTL
00079,世纪建业
00081,中国海外宏洋集团
00082,第一视频
00083,信和置业
00084,宝光实业
00085,中国电子
00086,新鸿基公司
00087,太古股份公司B
00088,TAICHEUNGHOLD
00089,大生地产
00090,琥珀能源
00091,骏新能源
00092,CHAMPIONTECH
00093,TERMBRAYIND
00094,绿森集团
00095,新泽控股
00096,YUSEI
00097,恒基发展
00098,兴发铝业
00099,王氏国际
00100,白马户外媒体
00101,恒隆地产
00102,凯升控股
00103,首长宝佳
00104,ASIACOMMHOLD
00105,凯联国际酒店
00106,深圳科技
00107,四川成渝高速公路
00108,建懋国际
00109,金威资源
00110,中国长远
00111,信达国际控股
00112,至祥置业
00113,迪生创建
00114,HERALDHOLD
00115,钧濠集团
00116,周生生
00117,宇阳控股
00118,大同机械
00119,保利置业集团
00120,COSMOPOLINTL
00121,卜蜂莲花
00122,鳄鱼恤
00123,越秀地产
00124,金威啤酒
00125,新兴光学
00126,TAKSINGALLI
00127,华人置业
00128,安宁控股
00129,泛海集团
00130,慕诗国际
00131,卓能(集团)
00132,中国兴业控股
00135,昆仑能源
00136,马斯葛集团
00137,金辉集团
00138,CCTTELECOM
00139,中国微电子
00141,大中华集团
00142,第一太平
00143,GLOBALTECH
00144,招商局国际
00145,香港建屋贷款
00146,TAIPINGCARPET
00147,超越集团
00148,KINGBOARDCHEM
00149,中国农产品交易
00151,中国旺旺
00152,深圳国际
00153,中国赛特
00154,北京发展（香港）
00155,中国源畅
00156,力宝华润
00157,自然美
00158,万邦投资
00159,布莱克万矿业
00160,汉国置业
00161,中航国际控股
00162,世纪金花
00163,英皇国际
00164,中国伽玛
00165,中国光大控股
00166,新时代能源
00167,IDTINTL
00168,青岛啤酒股份
00169,恒力商业地产
00171,银建国际
00172,金榜集团
00173,嘉华国际
00174,盛洋投资
00175,吉利汽车
00176,联太工业
00177,江苏宁沪高速公路
00178,莎莎国际
00179,德昌电机控股
00180,开达集团
00181,闽港控股
00182,中国风电
00183,田生集团
00184,激成投资
00185,特速集团
00186,GRANDEHOLDINGS
00187,北人印刷机械股份
00188,新华汇富金融
00189,东岳集团
00190,香港建设(控股)
00191,丽新国际
00193,冠中地产
00194,廖创兴企业
00195,利海资源
00196,宏华集团
00197,亨泰
00198,星美国际
00199,德祥地产
00200,新濠国际发展
00201,华大地产
00202,国中控股
00205,财讯传媒
00206,TSC集团
00207,侨福企业
00208,保利达资产
00209,中国大亨饮品
00210,达芙妮国际
00211,STYLANDHOLD
00212,NANYANGHOLD
00213,NATIONALELECH
00214,汇汉控股
00215,和记电讯香港
00216,建业实业
00217,中国诚通发展集团
00218,申银万国
00219,顺豪科技
00220,统一企业中国
00221,PNG资源
00222,闽信集团
00223,神州资源
00224,建生国际
00225,博富临置业
00226,力宝
00227,第一上海
00228,中能控股
00229,利民实业
00230,五矿建设
00231,盛明国际控股
00232,中国航空工业国际
00233,铭源医疗
00234,新世纪集团
00235,中策集团
00236,香港生力啤
00237,安全货仓
00238,长兴国际
00239,白花油
00240,利基控股
00241,中信21世纪
00242,信德集团
00243,QPLINTL
00244,先施
00245,中国七星购物
00246,瑞金矿业
00247,TSTPROPERTIES
00248,香港通讯国际控股
00250,中国数码信息
00251,爪哇控股
00252,华信地产财务
00253,顺豪资源集团
00254,中国户外媒体集团
00255,龙记集团
00256,中国海淀
00257,中国光大国际
00258,汤臣集团
00259,亿都(国际控股)
00260,中国环投股份
00261,中建科技国际
00262,迪臣发展国际
00263,中国云锡矿业
00264,卓高国际
00265,南华集团
00266,天德地产
00267,中信泰富
00268,金蝶国际
00269,中国资源交通
00270,粤海投资
00271,丹枫控股
00272,瑞安房地产
00273,威利国际
00274,中富资源
00275,锦兴集团
00276,蒙古能源
00277,太兴置业
00278,华厦置业
00279,民丰企业
00280,景福集团
00281,川河集团
00282,壹传媒
00283,高银地产
00285,比亚迪电子
00286,金匡企业
00287,永发置业
00289,WINGONCO
00290,中国富强金融
00291,华润创业
00292,泛海酒店
00293,国泰航空
00294,长江制衣
00295,江山控股
00296,英皇娱乐酒店
00297,中化化肥
00298,庄士中国
00299,中讯软件
00300,昆明机床
00302,永亨银行
00303,VTECHHOLDINGS
00305,五菱汽车
00306,冠忠巴士集团
00307,优派能源发展
00308,香港中旅
00309,新华通讯频媒
00311,联泰控股
00312,岁宝百货
00313,裕田中国
00315,数码通电讯
00316,东方海外国际
00317,广州广船国际股份
00318,黄河实业
00319,勤美达国际
00320,金宝通
00321,德永佳集团
00322,康师傅控股
00323,马鞍山钢铁股份
00325,创生控股
00326,中国星集团
00327,百富环球
00328,ALCOHOLDINGS
00329,叁龙国际
00330,思捷环球
00331,春天百货
00332,NGAILIKIND
00333,黛丽斯国际
00334,唯冠国际
00335,美建集团
00336,华宝国际
00337,盛高置地
00338,上海石油化工股份
00340,中国矿业
00341,大家乐集团
00342,新海能源
00343,文化传信
00345,VITASOYINTL
00346,延长石油国际
00347,鞍钢股份
00348,龙昌
00350,经纬纺织机械股份
00351,亚洲能源物流
00352,富阳
00353,能源国际投资
00354,中国软件国际
00355,世纪城市国际
00357,美兰机场
00358,江西铜业股份
00359,海升果汁
00360,新焦点
00361,顺龙控股
00362,中国天化工
00363,上海实业控股
00364,华丰集团
00365,日东科技
00366,陆氏集团(越南)
00367,庄士机构国际
00368,中外运航运
00369,永泰地产
00370,国华
00371,北控水务集团
00372,德祥企业
00373,联合集团
00374,四洲集团
00375,YGMTRADING
00376,瑞东集团
00377,新洲印刷集团
00378,事安集团
00379,必美宜
00380,中国管业
00381,侨雄能源
00382,威灵控股
00383,中国网络资本
00384,中国燃气
00385,建联集团
00386,中国石油化工股份
00387,力丰(集团)
00388,香港交易所
00389,通天酒业
00390,中国中铁
00391,美亚娱乐资讯
00392,北京控股
00393,旭日企业
00395,中国龙新能源
00396,兴利(香港)控股
00397,君阳太阳能
00398,东方表行集团
00399,联合基因集团
00401,万嘉集团
00402,蒙古投资
00403,星光集团
00404,新昌营造
00406,有利集团
00408,叶氏化工集团
00410,SOHO中国
00411,南顺(香港)
00412,汉基控股
00413,南华中国
00417,谢瑞麟
00418,方正控股
00419,中国9号健康
00420,福田实业
00421,中国大冶优先股
00422,越南制造加工出口
00423,经济日报集团
00425,敏实集团
00426,万华媒体
00430,东方网库
00431,大中华实业
00432,盈大地产
00433,北方矿业
00434,博雅互动
00438,彩虹电子
00439,英发国际
00440,大新金融
00444,SINCEREWATCHHK
00445,中国消防
00449,志高控股
00450,鸿兴印刷集团
00451,森泰集团
00455,天大药业
00456,新城市建设发展
00458,联亚集团
00459,美联工商铺
00460,四环医药
00462,天然乳品
00464,建福集团
00465,富通科技
00467,联合能源集团
00468,纷美包装
00469,凯普松国际
00471,中播控股
00472,金六福投资
00474,昊天能源集团
00475,中发展控股
00476,中铜资源
00477,奥普集团控股
00479,华建控股
00480,香港兴业国际
00482,圣马丁国际
00483,包浩斯国际
00484,云游控股
00485,STARLIGHTINTL
00486,RUSAL
00487,实德环球
00488,丽新发展
00489,东风集团股份
00491,汉传媒
00493,国美电器
00494,利丰
00495,PALADIN
00496,卡森国际
00497,资本策略地产
00498,保华集团
00499,华脉无线通信
00500,天地数码(控股)
00503,朗生医药
00505,兴业铜业
00506,中国食品
00508,鼎亿集团投资
00509,世纪阳光
00510,时富金融服务集团
00511,电视广播
00512,远大医药
00513,恒和集团
00515,达进东方照明
00516,瀚智集团
00517,中远国际控股
00518,同得仕(集团)
00519,实力建业
00521,首长科技
00522,ASMPACIFIC
00524,E-KONGGROUP
00525,广深铁路股份
00526,利时集团控股
00527,中国瑞风
00528,金达控股
00529,SISINTL
00530,高银金融
00531,顺诚
00532,WKKINTL(HOLD)
00533,金利来集团
00535,金地商置
00536,贸易通
00538,味千(中国)
00539,冠华国际控股
00540,迅捷环球控股
00542,新岭域集团
00543,太平洋网络
00544,大同集团
00546,阜丰集团
00547,奥亮集团
00548,深圳高速公路股份
00549,奇峰化纤
00550,先传媒
00551,裕元集团
00552,中国通信服务
00553,南京熊猫电子股份
00554,汉思能源
00555,御泰中彩控股
00556,泛亚环保
00557,CITYE-SOLUTION
00558,力劲科技
00559,国藏集团
00560,珠江船务
00563,上实城市开发
00564,郑煤机
00565,锦艺纺织
00566,汉能太阳能
00567,大昌微线集团
00568,山东墨龙
00569,中国自动化
00570,盈天医药
00571,丰德丽控股
00572,中国包装集团
00573,稻香控股
00575,励晶太平洋
00576,浙江沪杭甬
00577,路易十三集团
00578,融信资源
00579,京能清洁能源
00580,赛晶电力电子
00581,中国东方集团
00582,嘉辉化工
00583,南华早报集团
00585,意马国际
00586,海螺创业
00587,华瀚生物制药
00588,北京北辰实业股份
00589,宝姿
00590,六福集团
00591,中国高精密
00592,BOSSINIINTL
00593,ALLIEDOVERSEA
00595,AVCONCEPTHOLD
00596,浪潮国际
00598,中国外运
00599,怡邦行控股
00600,中国基建投资
00601,权智（国际）
00602,佳华百货控股
00603,中油燃气
00604,深圳控股
00605,中国金融投资管理
00606,中国粮油控股
00607,汇多利
00608,达利国际
00609,天德化工
00610,WAIKEEHOLD
00611,中核工业二三国际
00613,YUGANGINTL
00616,永义实业
00617,百利保控股
00618,方正数码
00619,南华金融
00620,UDLHOLDINGS
00621,坛金矿业
00622,威华达控股
00623,中视金桥
00626,大众金融控股
00627,佑威国际
00628,多金控股
00629,悦达矿业
00630,隽泰控股
00631,三一国际
00632,东方明珠石油
00633,中国全通
00635,彩星集团
00636,嘉里物流
00637,利记
00638,建溢集团
00639,首钢资源
00640,星谦化工
00641,立信工业
00642,PALADINPREF
00643,恒富控股
00645,安域亚洲
00646,中国环保科技
00647,JOYCEBOUTIQUE
00648,中国仁济医疗
00650,顺昌集团
00651,中海船舶
00653,卓悦控股
00655,香港华人有限公司
00656,复星国际
00657,环科国际
00658,中国高速传动
00659,新创建集团
00660,伟俊矿业集团
00661,中国大冶有色金属
00662,亚洲金融
00663,金山能源
00665,海通国际
00668,东原地产
00669,创科实业
00670,中国东方航空股份
00672,众安房产
00673,中国卫生控股
00674,文化地标投资
00675,坚宝国际
00676,创信国际
00677,金源米业
00678,云顶香港
00679,亚洲联网科技
00680,南海控股
00681,中民控股
00682,超大现代
00683,嘉里建设
00684,亚伦国际
00685,世界华文媒体
00686,金保利新能源
00687,泰升集团
00688,中国海外发展
00689,长盈集团(控股)
00690,联康生物科技集团
00691,山水水泥
00692,中国家居
00693,陈唱国际
00694,北京首都机场股份
00695,东吴水泥
00696,中国民航信息网络
00697,SHOUGANGINTL
00698,通达集团
00700,腾讯控股
00701,CNTGROUP
00702,中国油气控股
00703,FUTUREBRIGHT
00704,和嘉资源
00705,南亚矿业
00706,银创控股
00707,协盛协丰
00708,新传媒
00709,佐丹奴国际
00710,精电
00711,俊和发展集团
00712,卡姆丹克太阳能
00713,世界（集团）
00715,和记港陆
00716,胜狮货柜
00717,英皇证券
00718,百威国际
00719,山东新华制药股份
00720,意达利控股
00723,永保林业
00724,泰丰国际
00725,恒都集团
00726,东南国际集团
00727,卓越金融
00728,中国电信
00729,中聚电池
00730,SHOUGANGGRAND
00731,森信纸业集团
00732,信利国际
00733,合富辉煌
00735,中国电力新能源
00736,中国置业投资
00737,合和公路基建
00738,利信达集团
00743,亚洲水泥(中国)
00745,中国铁联传媒
00746,理文化工
00747,沈阳公用发展股份
00750,兴业太阳能
00751,创维数码
00752,PICOFAREAST
00753,中国国航
00754,合生创展集团
00755,上海证大
00756,中国天溢控股
00757,阳光能源
00758,JUNEFIELDGROUP
00759,CECINTLHOLD
00760,新天地产集团
00761,百营环球资源
00762,中国联通
00763,中兴通讯
00764,永恒策略
00765,PERFECTECHINTL
00766,中盈国金资源
00767,PACIFICPLYWOOD
00769,中国稀土
00771,自动系统
00773,中国金属再生资源
00775,长江生命科技
00776,捷丰家居
00777,网龙
00789,雅天妮
00794,锦胜集团(控股)
00800,A8电媒音乐
00801,金卫医疗
00802,宏霸数码
00803,昌兴国际
00805,GLENCORE-S
00806,惠理集团
00809,大成生化科技
00811,新华文轩
00812,敦沛金融
00813,世茂房地产
00814,北京京客隆
00815,中国白银集团
00816,华电福新
00817,方兴地产
00818,高阳科技
00819,天能动力
00821,汇盈控股
00822,嘉瑞国际
00825,新世界百货中国
00826,天工国际
00827,玖源集团
00828,王朝酒业
00829,神冠控股
00830,远东环球
00831,利亚零售
00832,建业地产
00833,华讯
00834,康大食品
00835,亚洲煤业
00836,华润电力
00837,谭木匠
00838,亿和控股
00839,天大石油管材
00840,天业节水
00841,木薯资源
00842,理士国际
00844,广豪国际
00845,恒盛地产
00846,明发集团
00847,哈萨克铜业－Ｓ
00848,茂业国际
00850,中亚能源
00851,盛源控股
00852,海峡石油化工
00853,微创医疗
00854,威雅利
00855,中国水务
00856,伟仕控股
00857,中国石油股份
00858,精优药业
00859,镇科集团
00860,明丰珠宝
00861,神州数码
00862,VISIONVALUES
00864,永利地产发展
00865,第一电讯
00866,中国秦发
00867,康哲药业
00868,信义玻璃
00869,彩星玩具
00871,翔宇疏浚
00872,锦恒汽车安全
00873,中国泰丰床品
00874,白云山
00875,从玉农业
00876,永利控股
00877,昂纳光通信集团
00878,金朝阳集团
00880,澳博控股
00881,中升控股
00882,天津发展
00883,中国海洋石油
00884,旭辉控股集团
00885,福方集团
00886,银基集团
00887,英皇钟表珠宝
00888,路讯通
00889,连达科技控股
00891,利邦
00893,中国铁钛
00894,万裕科技
00895,东江环保
00896,兴胜创建
00897,位元堂
00898,万事昌国际
00899,亚洲资源
00900,AEONCREDIT
00902,华能国际电力股份
00903,冠捷科技
00904,中国绿色食品
00906,中粮包装
00907,高雅国际
00908,珠海控股投资
00909,中大国际
00910,中国三迪
00912,信佳国际
00914,安徽海螺水泥股份
00915,林麦集团
00916,龙源电力
00917,新世界中国
00918,第一德胜控股
00919,现代美容
00921,海信科龙
00922,中福控股
00923,福和集团
00925,北京建设
00926,碧生源
00927,富士高实业
00928,野马国际
00929,国际精密
00930,中国森林
00931,宏通集团
00933,光汇石油
00934,中石化冠德
00935,龙翔集团
00936,鹏程亚洲
00938,民生国际
00939,建设银行
00940,中国动物保健品
00941,中国移动
00943,意科控股
00945,宏利金融-S
00946,洪良国际
00947,摩比发展
00948,融达控股
00950,李氏大药厂
00951,超威动力
00952,华富国际
00953,美克国际
00956,新天绿色能源
00958,华能新能源
00959,奥玛仕控股
00960,龙湖地产
00963,华熙生物科技
00966,中国太平
00967,桑德国际
00968,信义光能
00969,华联国际
00970,耀莱集团
00973,LOCCITANE
00975,MONGOLMINING
00976,齐合天地
00978,东力实业控股
00979,绿色能源科技集团
00980,联华超市
00981,中芯国际
00982,卓智控股
00983,瑞安建业
00984,永旺
00985,中科矿业
00986,中国环保能源
00987,中国再生能源投资
00988,楼东俊安资源
00989,润迅通信国际
00990,荣晖国际
00991,大唐发电
00992,联想集团
00993,天行国际
00995,安徽皖通高速公路
00996,嘉年华国际
00997,普汇中金国际
00998,中信银行
00999,I.T
01000,北青传媒
01001,VANSHUNGCHONG
01002,威铖国际
01003,21控股
01004,丽盛集团控股
01005,MATRIXHOLDINGS
01006,长寿花食品
01007,大庆乳业
01008,贵联控股
01009,国际娱乐
01010,弘茂科技
01011,泰凌医药
01013,伟俊集团控股
01019,康宏理财
01020,华耐控股
01021,麦达斯控股─Ｓ
01023,时代集团控股
01025,物美商业
01026,环球实业科技
01028,千百度
01029,铁货
01030,新城发展控股
01031,金利丰金融
01033,仪征化纤股份
01036,万科置业海外
01037,DAIWAASSOCIATE
01038,长江基建集团
01039,畅丰车桥
01040,M&G化工
01041,中国新能源动力
01043,光宇国际集团科技
01044,恒安国际
01045,亚太卫星
01046,寰宇国际
01047,毅兴行
01048,新源控股
01049,时富投资
01050,嘉利国际
01051,国际资源
01052,越秀交通基建
01053,重庆钢铁股份
01055,中国南方航空股份
01057,浙江世宝
01058,粤海制革
01059,看通集团
01060,文化中国传播
01061,亿胜生物科技
01063,新确科技
01064,中华国际
01065,天津创业环保股份
01066,威高股份
01068,雨润食品
01069,江晨国际
01070,TCL多媒体
01071,华电国际电力股份
01072,东方电气
01073,浩伦农科
01075,首都信息
01076,第一天然食品
01079,松景科技
01080,胜利管道
01082,现代教育
01083,港华燃气
01085,亨鑫科技
01086,好孩子国际
01087,泓淋科技
01088,中国神华
01089,森宝食品
01090,大明国际
01091,中信大锰
01093,石药集团
01094,中国公共采购
01096,动感集团
01097,I-CABLECOMM
01098,ROADKINGINFRA
01099,国药控股
01100,飞达控股
01101,中国熔盛重工
01102,环能国际
01103,上海栋华
01104,亚太资源
01105,星岛
01106,中国海景
01107,当代置业
01108,洛阳玻璃股份
01109,华润置地
01110,金活医药集团
01111,创兴银行
01112,合生元
01114,BRILLIANCECHI
01115,西藏５１００
01116,MAYERHOLDINGS
01117,现代牧业
01118,高力集团
01120,雅视光学
01121,宝峰时尚
01122,庆铃汽车股份
01123,中港照相
01124,沿海家园
01125,丽丰控股
01126,德林国际
01127,汇星印刷
01128,永利澳门
01129,中国水业集团
01130,中国环境资源
01131,鸿宝资源
01132,橙天嘉禾
01133,哈尔滨电气
01135,ASIASATELLITE
01136,台泥国际集团
01137,香港电视
01138,中海发展股份
01139,华多利集团
01141,保兴资本
01142,西伯利亚矿业
01143,中慧国际控股
01145,勇利航业
01146,中国服饰控股
01148,新晨动力
01149,中国安芯
01150,米兰站
01151,依利安达
01152,丰临集团
01155,星辰通信
01157,中联重科
01159,泰盛实业集团
01161,奥思集团
01163,德金资源
01164,中广核矿业
01165,顺风光电
01166,蒙古矿业
01168,百仕达控股
01169,海尔电器
01170,信星集团
01171,兖州煤业股份
01172,勤达集团国际
01173,威高国际
01174,太平洋恩利
01175,福记食品服务
01176,珠光控股
01177,中国生物制药
01178,天年生物
01180,汇彩控股
01181,唐宫中国
01182,中青基业
01184,S.A.S.DRAGON
01185,中国航天万源
01186,中国铁建
01187,珠江轮胎
01188,正道集团
01189,珀丽酒店
01190,航标控股
01191,粤首环保
01192,泰山石化
01193,华润燃气
01194,中国贵金属
01195,京维集团
01196,昌明投资
01198,皇朝家h
01199,中远太平洋
01200,美联集团
01201,侨威集团
01202,成都普天电缆股份
01203,广南（集团）
01205,中信资源
01206,同方泰德
01207,上置集团
01208,五矿资源
01210,克莉丝汀
01211,比亚迪股份
01212,利福国际
01213,万保刚集团
01215,开源控股
01218,永义国际
01219,天喔国际
01220,志道国际
01221,SINOHOTELS
01222,WANGONGROUP
01223,新沣集团
01224,中渝置地
01225,隆成集团
01228,奇峰国际
01229,南南资源
01230,雅士利国际
01231,新矿资源
01232,金轮天地控股
01233,时代地产
01234,中国利郎
01235,专业旅运
01236,乾隆科技
01237,美丽家园
01238,宝龙地产
01239,金宝宝控股
01240,新利控股
01241,双桦控股
01246,毅信控股
01247,米格国际控股
01249,通力电子
01250,金彩控股
01251,华油能源
01252,中国天瑞水泥
01255,港大零售
01258,中国有色矿业
01259,青蛙王子
01260,皓天财经集团
01262,蜡笔小新食品
01263,嗄芗团
01265,天津津燃公用
01266,西王特钢
01268,美东汽车
01269,中国车辆零部件
01270,朗廷-SS
01271,佳明集团控股
01273,香港信贷
01275,开元产业信托
01277,力量能源
01278,中国新城镇
01280,汇银家电
01281,开世中国
01282,世达科技
01288,农业银行
01290,中国汇融
01293,宝信汽车
01296,国电科环
01297,中国擎天软件
01298,天美(控股)
01299,友邦保险
01300,俊知集团
01303,汇力资源
01308,海丰国际
01312,联合水泥
01313,华润水泥控股
01314,翠华控股
01315,允升国际
01316,耐世特
01318,格菱控股
01319,霭华押业信贷
01322,CWGROUPHOLD
01323,NEWTREEGROUP
01328,精英国际
01329,钜大国际
01332,确利达国际
01333,中国忠旺
01335,顺泰控股
01336,新华保险
01337,中国金凤凰
01338,霸王集团
01339,中国人民保险集团
01340,惠生国际
01345,中国先锋医药
01348,甏锔豢毓
01349,复旦张江
01353,诺奇
01358,普华和顺
01359,中国信达
01360,MEGAEXPO
01361,361度
01363,中滔环保
01366,江南集团
01368,特步国际
01369,五洲国际
01370,恒实矿业
01371,华彩控股
01372,怡益控股
01373,国际家居零售
01378,中国宏桥
01380,中国金石
01382,互太纺织
01383,太阳世纪集团
01385,上海复旦
01386,盈进集团
01387,人和商业
01388,安莉芳控股
01390,环亚智富
01393,恒鼎实业
01396,毅德国际
01398,工商银行
01399,飞毛腿
01421,工盖有限公司
01426,春泉产业信托
01428,耀才证券金融
01431,原生态牧业
01439,中华包装控股
01448,福寿园
01488,理文手袋
01513,丽珠医药
01515,凤凰医疗
01555,MI能源
01600,天伦燃气
01613,协同通信
01616,银仕来控股
01618,中国中冶
01622,力高地产
01623,海隆控股
01628,禹洲地产
01633,美即控股
01636,中国金属利用
01638,佳兆业集团
01661,智美集团
01663,汉港房地产
01666,同仁堂科技
01668,华南城
01678,中国创意家居
01680,澳门励骏
01681,康臣药业
01682,福源集团控股
01685,博耳电力
01689,华禧控股
01698,博士蛙国际
01699,普甜食品
01700,华地国际控股
01708,三宝科技
01717,澳优
01728,正通汽车
01733,永晖焦煤
01766,中国南车
01768,赛得利控股
01777,花样年控股
01788,国泰君安国际
01798,大唐新能源
01800,中国交通建设
01803,瀚洋控股
01808,企展控股
01812,晨鸣纸业
01813,合景泰富
01818,招金矿业
01819,富贵鸟
01822,幻音数码
01823,华昱高速
01828,大昌行集团
01829,中国机械工程
01830,必瘦站
01831,十方控股
01833,银泰百货
01836,九兴控股
01838,CHINAPROPERTIES
01862,景瑞控股
01863,思嘉集团
01866,中国心连心化肥
01868,真明丽
01878,南戈壁-S
01880,百丽国际
01882,海天国际
01883,中信国际电讯
01884,EPRINT集团
01886,汇源果汁
01888,建滔积层板
01889,武夷药业
01893,中材股份
01898,中煤能源
01899,兴达国际
01900,中国智能交通
01910,新秀丽
01913,普拉达
01918,融创中国
01919,中国远洋
01928,金沙中国有限公司
01929,周大福
01938,珠江钢管
01963,重庆银行
01966,中骏置业
01968,匹克体育
01972,太古地产
01988,民生银行
01991,大洋集团
01997,峻凌国际
01998,飞克国际
01999,敏华控股
02000,晨讯科技
02002,阳光纸业
02005,利君国际
02006,锦江酒店
02007,碧桂园
02008,凤凰卫视
02009,金隅股份
02010,瑞年国际
02011,KEE
02012,阳光油砂
02018,瑞声科技
02020,安踏体育
02023,中国绿岛科技
02028,映美控股
02030,卡宾
02033,时计宝
02038,富士康国际
02039,中集集团
02068,中铝国际
02078,荣阳实业
02080,MAGNUMENT
02083,中国地板
02088,西王糖业
02098,卓尔发展
02099,中国黄金国际
02112,优库资源
02118,天山发展控股
02121,一化控股
02123,金盾控股
02128,中国联塑
02133,中国多金属
02168,盈德气体
02178,百勤油服
02183,利福地产
02188,泰坦能源技术
02196,复星医药
02198,中国三江化工
02200,浩沙国际
02208,金风科技
02211,金天医药集团
02213,益华百货
02218,安德利果汁
02222,雷士照明
02223,卡撒天娇
02226,老恒和酿造
02228,中国节能海东青
02233,西部水泥
02236,惠生工程
02238,广汽集团
02255,海昌控股
02266,帝盛酒店集团
02268,优源控股
02282,美高梅中国
02283,东江集团控股
02288,宏基资本
02299,百宏实业
02300,澳科控股
02302,中核国际
02307,锦兴国际控股
02308,研祥智能
02309,伯明翰环球
02310,申基国际
02313,申洲国际
02314,理文造纸
02317,味丹国际
02318,中国平安
02319,蒙牛乳业
02320,合丰集团
02322,仁瑞投资
02323,至卓国际
02326,百灵达国际控股
02327,积华生物医药
02328,中国财险
02330,中国上城
02331,李宁
02333,长城汽车
02336,科浪国际
02338,潍柴动力
02339,北泰
02340,新昌管理集团
02341,中怡精细化工
02342,京信通信
02343,太平洋航运
02345,上海集优
02348,东瑞制药
02349,水务地产集团
02355,宝业集团
02356,大新银行集团
02357,中航科工
02358,三丸控股
02362,金川国际
02366,勤＋缘媒体服务
02368,鹰美
02369,中国无线
02371,中国东方文化
02378,保诚
02379,中天国际
02380,中国电力
02382,舜宇光学科技
02383,TOM集团
02386,中石化炼化工程
02388,中银香港
02389,正峰集团
02393,巨星国际控股
02398,友佳国际
02468,创益太阳能
02488,元征科技
02600,中国铝业
02601,中国太保
02607,上海医药
02608,阳光100中国
02618,ＴＣＬ通讯
02623,中国中盛资源
02626,湖南有色金属公司
02628,中国人寿
02638,港灯－SS
02662,奕达
02668,百德国际
02678,天虹纺织
02688,新奥能源
02689,玖龙纸业
02698,魏桥纺织
02700,格林国际控股
02722,重庆机电
02727,上海电气
02728,成谦声汇
02777,富力地产
02788,精熙国际
02789,远大中国
02866,中海集运
02868,首创置业
02877,神威药业
02878,SOLOMONSYSTECH
02880,大连港
02882,香港资源控股
02883,中海油田服务
02888,渣打集团
02889,中国镍资源
02898,龙润茶
02899,紫金矿业
02903,中国源畅
02905,骏新能源
02909,瀚洋控股
02911,民丰企业
02914,凯升控股
02915,亚洲资源
02916,路易十三集团
02918,景福集团股权
03300,中国玻璃
03303,巨涛海洋石油服务
03308,金鹰商贸集团
03311,中国建筑国际
03313,雅高矿业
03315,金邦达宝嘉
03318,中国香精香料
03322,永嘉集团
03323,中国建材
03328,交通银行
03330,灵宝黄金
03331,维达国际
03332,中生联合
03333,恒大地产
03335,ＤBA电讯
03336,巨腾国际
03337,安东油田服务
03339,中国龙工
03344,互益集团
03355,先进半导体
03360,远东宏信
03363,正业国际
03366,华侨城(亚洲)
03368,百盛集团
03369,秦港股份
03377,远洋地产
03378,厦门港务
03380,龙光地产
03382,天津港发展
03383,雅居乐地产
03386,东鹏控股
03389,亨得利
03393,威胜集团
03398,华鼎控股
03399,南粤物流
03608,永盛新材料
03618,重庆农村商业银行
03623,集成金融
03633,中裕燃气
03636,保利文化
03663,协众国际控股
03666,小南国
03668,中铝矿业国际
03669,永达汽车
03683,荣丰联合控股
03688,莱蒙国际
03698,徽商银行
03777,中国光纤
03778,中国织材控股
03788,中国罕王
03800,保利协鑫能源
03808,中国重汽
03813,宝胜国际
03816,ＫＦＭ金德
03818,中国动向
03823,德普科技
03828,明辉国际
03833,新疆新鑫矿业
03836,和谐汽车
03838,中国淀粉
03868,群星纸业
03883,中国奥园
03886,康健国际
03888,金山软件
03889,大成糖业
03898,南车时代电气
03899,中集安瑞科
03900,绿城中国
03918,金界控股
03933,联邦制药
03939,万国国际矿业
03948,伊泰煤炭
03968,招商银行
03983,中海石油化学
03988,中国银行
03989,新环保能源
03993,洛阳钼业
03998,波司登
03999,大成食品
06030,中信证券
06288,FASTRETAIL
06808,高鑫零售
06813,凯德商用─Ｓ
06818,中国光大银行
06823,香港电讯-SS
06828,中国威力印刷
06830,华众控股
06837,海通证券
06838,盈利时
06863,辉山乳业
06868,天福
06880,豪特保健
06881,中国银河
06883,新濠博亚娱乐
06888,英达公路再生科技
06889,DYNAMJAPAN
06898,中国铝罐
08002,IGG
08003,世大控股
08005,裕兴科技
08006,中华网
08007,数码香港
08008,新意网集团
08009,华夏能源控股
08010,成报传媒
08011,百田石油
08012,仁恒实业控股
08016,长虹佳华
08017,百龄国际
08018,汇财软件
08019,皓文控股
08020,川盟金融
08021,汇隆控股
08022,彩娱集团
08025,亚洲资产
08026,长达科技
08028,天时软件
08029,太阳国际
08030,汇联金融服务
08031,易通讯集团
08032,非凡中国
08033,爱达利网络
08035,滨海投资
08036,晶芯科技控股
08037,朗力福集团
08039,天马娱乐
08041,荟萃国际(控股)
08045,南大苏富特
08046,恒芯中国
08047,中国能效
08048,香港珠宝
08049,吉林长龙药业
08050,云博产业
08051,千里眼控股
08053,比优集团
08055,中国网络教育
08056,鼎丰集团控股
08058,罗欣药业
08060,国联通信
08061,光亚
08063,卓施金网
08066,品创控股
08068,新宇国际
08071,中彩网通控股
08072,罗马集团
08075,寰亚传媒
08076,新利软件
08077,昆仑国际金融
08078,中国３Ｄ数码
08079,无限创意控股
08080,北亚策略
08081,骏科网络讯息
08082,仁智国际集团
08083,中国创新支付
08085,香港生命科学
08086,易宝
08087,中国三三传媒
08088,高诚资本
08089,中国铁路货运
08090,中国融保金融集团
08092,ITEHOLDINGS
08095,北大青鸟环宇
08096,瑞丰石化
08098,昌利控股
08100,联梦活力世界
08101,家梦控股
08102,上海复旦
08103,泰盛国际控股
08106,浙大兰德
08108,名家国际
08109,科瑞控股
08111,中科光电
08112,FOCUSMEDIA
08115,上海青浦消防
08116,中国幸福投资
08117,中国基础资源
08119,即时科研
08120,东麟农业
08122,先健科技
08123,首华财经网络
08126,G.A.控股
08128,中国地能
08129,中国生物资源
08130,智城控股
08131,辰罡科技
08132,钲皓控股
08137,洪桥集团
08138,同仁堂国药
08143,华夏医疗
08145,电讯首科
08146,马仕达国际
08148,奥嘀泄
08150,无缝绿色
08153,科地农业
08155,南华置地
08156,众彩股份
08158,中国生物医学
08159,辉煌科技
08160,^浚国际
08161,华彩控股
08163,万德资源
08165,华普智通
08166,中国农业生态
08167,中国新电信
08168,英裘控股
08169,环康集团
08171,中国趋势
08172,中国传媒影视
08173,寰亚矿业
08175,中国数码版权
08176,EDSWELLNESS
08178,中国信息科技
08179,喜尚控股
08180,新锐医药
08181,港深联合
08185,御药堂
08186,神州东盟资源
08189,泰达生物
08190,康佰控股
08192,环球能源资源
08193,汉华专业服务
08197,东北虎药业
08198,新濠环彩
08200,修身堂
08202,汇创控股
08203,凯顺能源
08205,交大慧谷
08206,神通电信服务
08207,中国信贷
08208,常茂生物化学工程
08210,龙杰智能卡
08211,浙江永隆实业
08212,誉满国际控股
08213,惟膳
08215,FIRSTCREDIT
08217,长安民生物流
08218,毅高国际控股
08219,品牌中国
08220,比高集团
08225,万全科技药业
08226,中昱科技
08227,海天天线
08228,国艺控股
08229,东大照明
08232,中国优通
08233,中国基建港口
08235,赛迪顾问
08236,宝德科技集团
08239,明基控股
08240,中国城市轨道科技
08242,宏创高科
08243,大贺传媒
08246,名轩控股
08247,中生北控生物科技
08249,宁波万豪
08250,中国天然投资
08253,天元铝业
08255,神州数字
08256,金利通
08258,西北实业
08260,施伯乐策略控股
08261,海天水电
08265,宏峰太平洋
08266,流动电讯
08269,富誉控股
08270,中国联盛
08271,环球数码创意
08272,华人饮食集团
08273,浙江展望
08276,华章科技
08279,亚博科技控股
08286,长城微光
08291,西南环保
08292,慧聪网
08295,卓亚资本
08296,中国生命集团
08298,安捷利实业
08299,大唐潼金
08301,明华科技
08306,中国有色金属
08309,时尚环球
08310,伽玛物流集团
08311,圆美光电
08312,金满堂控股
08317,财华社集团
08320,思城控股
08321,中国汽车内饰
08325,奥思知集团控股
08326,JCGROUPHLD
08329,海王英特龙
08337,直通电讯
08340,域高金融
08348,滨海泰达物流
08351,俊文宝石
08356,中国新华电视
