Name,代码,粉丝数
平安银行 ,(SZ:000001),14329
万科A ,(SZ:000002),38257
国农科技 ,(SZ:000004),795
世纪星源 ,(SZ:000005),617
深振业A ,(SZ:000006),615
零七股份 ,(SZ:000007),521
宝利来 ,(SZ:000008),234
中国宝安 ,(SZ:000009),3430
深华新 ,(SZ:000010),499
深物业A ,(SZ:000011),415
南玻A ,(SZ:000012),2101
沙河股份 ,(SZ:000014),638
深康佳A ,(SZ:000016),749
深中华A ,(SZ:000017),313
中冠A ,(SZ:000018),174
深深宝A ,(SZ:000019),347
深华发A ,(SZ:000020),140
长城开发 ,(SZ:000021),735
深赤湾A ,(SZ:000022),808
深天地A ,(SZ:000023),96
招商地产 ,(SZ:000024),3797
特力A ,(SZ:000025),359
飞亚达A ,(SZ:000026),868
深圳能源 ,(SZ:000027),1005
国药一致 ,(SZ:000028),1919
深深房A ,(SZ:000029),281
富奥股份 ,(SZ:000030),429
中粮地产 ,(SZ:000031),1467
深桑达A ,(SZ:000032),272
*ST新都 ,(SZ:000033),282
深信泰丰 ,(SZ:000034),429
中国天楹 ,(SZ:000035),483
华联控股 ,(SZ:000036),557
深南电A ,(SZ:000037),153
深大通 ,(SZ:000038),246
中集集团 ,(SZ:000039),3875
宝安地产 ,(SZ:000040),155
中洲控股 ,(SZ:000042),302
中航地产 ,(SZ:000043),582
深纺织A ,(SZ:000045),520
泛海控股 ,(SZ:000046),497
康达尔 ,(SZ:000048),268
德赛电池 ,(SZ:000049),3284
深天马A ,(SZ:000050),4819
方大集团 ,(SZ:000055),472
深国商 ,(SZ:000056),615
深赛格 ,(SZ:000058),561
华锦股份 ,(SZ:000059),1394
中金岭南 ,(SZ:000060),1433
农产品 ,(SZ:000061),1437
深圳华强 ,(SZ:000062),1409
中兴通讯 ,(SZ:000063),10080
北方国际 ,(SZ:000065),576
长城电脑 ,(SZ:000066),567
华控赛格 ,(SZ:000068),608
华侨城A ,(SZ:000069),3902
特发信息 ,(SZ:000070),297
海王生物 ,(SZ:000078),1272
盐田港 ,(SZ:000088),1421
深圳机场 ,(SZ:000089),1280
天健集团 ,(SZ:000090),509
广聚能源 ,(SZ:000096),885
中信海直 ,(SZ:000099),1962
TCL集团 ,(SZ:000100),7741
宜华地产 ,(SZ:000150),383
中成股份 ,(SZ:000151),882
丰原药业 ,(SZ:000153),420
川化股份 ,(SZ:000155),451
华数传媒 ,(SZ:000156),3531
中联重科 ,(SZ:000157),5697
常山股份 ,(SZ:000158),315
国际实业 ,(SZ:000159),1051
东方市场 ,(SZ:000301),618
美的集团 ,(SZ:000333),6860
潍柴动力 ,(SZ:000338),4217
许继电气 ,(SZ:000400),3048
冀东水泥 ,(SZ:000401),1187
金融街 ,(SZ:000402),3172
*ST生化 ,(SZ:000403),3178
华意压缩 ,(SZ:000404),750
胜利股份 ,(SZ:000407),634
金谷源 ,(SZ:000408),172
山东地矿 ,(SZ:000409),474
沈阳机床 ,(SZ:000410),1228
英特集团 ,(SZ:000411),313
东旭光电 ,(SZ:000413),3069
渤海租赁 ,(SZ:000415),1365
民生控股 ,(SZ:000416),576
合肥百货 ,(SZ:000417),936
小天鹅A ,(SZ:000418),937
通程控股 ,(SZ:000419),918
吉林化纤 ,(SZ:000420),422
南京中北 ,(SZ:000421),310
湖北宜化 ,(SZ:000422),918
东阿阿胶 ,(SZ:000423),11916
徐工机械 ,(SZ:000425),2065
兴业矿业 ,(SZ:000426),584
华天酒店 ,(SZ:000428),754
粤高速A ,(SZ:000429),271
张家界 ,(SZ:000430),561
晨鸣纸业 ,(SZ:000488),873
山东路桥 ,(SZ:000498),265
鄂武商A ,(SZ:000501),1987
绿景控股 ,(SZ:000502),725
海虹控股 ,(SZ:000503),2742
*ST传媒 ,(SZ:000504),282
珠江控股 ,(SZ:000505),630
中润资源 ,(SZ:000506),387
珠海港 ,(SZ:000507),1262
华塑控股 ,(SZ:000509),1018
金路集团 ,(SZ:000510),1800
烯碳新材 ,(SZ:000511),4001
丽珠集团 ,(SZ:000513),1775
渝开发 ,(SZ:000514),582
开元投资 ,(SZ:000516),2109
荣安地产 ,(SZ:000517),162
四环生物 ,(SZ:000518),966
江南红箭 ,(SZ:000519),920
*ST凤凰 ,(SZ:000520),352
美菱电器 ,(SZ:000521),1267
白云山A ,(SZ:000522),529
广州浪奇 ,(SZ:000523),927
东方宾馆 ,(SZ:000524),340
红太阳 ,(SZ:000525),1011
银润投资 ,(SZ:000526),386
美的电器 ,(SZ:000527),1791
柳工 ,(SZ:000528),1167
广弘控股 ,(SZ:000529),915
大冷股份 ,(SZ:000530),1712
穗恒运A ,(SZ:000531),740
力合股份 ,(SZ:000532),1041
万家乐 ,(SZ:000533),802
万泽股份 ,(SZ:000534),316
华映科技 ,(SZ:000536),1001
广宇发展 ,(SZ:000537),788
云南白药 ,(SZ:000538),13817
粤电力A ,(SZ:000539),769
中天城投 ,(SZ:000540),969
佛山照明 ,(SZ:000541),2582
皖能电力 ,(SZ:000543),976
中原环保 ,(SZ:000544),438
金浦钛业 ,(SZ:000545),575
光华控股 ,(SZ:000546),324
闽福发A ,(SZ:000547),602
湖南投资 ,(SZ:000548),449
江铃汽车 ,(SZ:000550),2562
创元科技 ,(SZ:000551),898
靖远煤电 ,(SZ:000552),434
沙隆达A ,(SZ:000553),1227
泰山石油 ,(SZ:000554),3552
神州信息 ,(SZ:000555),2061
*ST广夏 ,(SZ:000557),133
莱茵置业 ,(SZ:000558),240
万向钱潮 ,(SZ:000559),18027
昆百大A ,(SZ:000560),193
烽火电子 ,(SZ:000561),665
宏源证券 ,(SZ:000562),3177
陕国投A ,(SZ:000563),853
西安民生 ,(SZ:000564),150
渝三峡A ,(SZ:000565),744
海南海药 ,(SZ:000566),910
海德股份 ,(SZ:000567),247
泸州老窖 ,(SZ:000568),19879
苏常柴A ,(SZ:000570),443
新大洲A ,(SZ:000571),458
海马汽车 ,(SZ:000572),1321
粤宏远A ,(SZ:000573),228
广东甘化 ,(SZ:000576),339
威孚高科 ,(SZ:000581),2783
北部湾港 ,(SZ:000582),402
友利控股 ,(SZ:000584),568
东北电气 ,(SZ:000585),528
汇源通信 ,(SZ:000586),404
金叶珠宝 ,(SZ:000587),632
黔轮胎A ,(SZ:000589),416
紫光古汉 ,(SZ:000590),952
桐君阁 ,(SZ:000591),961
平潭发展 ,(SZ:000592),3090
大通燃气 ,(SZ:000593),331
*ST国恒 ,(SZ:000594),418
西北轴承 ,(SZ:000595),500
古井贡酒 ,(SZ:000596),2349
东北制药 ,(SZ:000597),1797
兴蓉投资 ,(SZ:000598),3156
青岛双星 ,(SZ:000599),477
建投能源 ,(SZ:000600),1049
韶能股份 ,(SZ:000601),697
金马退市 ,(SZ:000602),72
盛达矿业 ,(SZ:000603),553
渤海股份 ,(SZ:000605),310
青海明胶 ,(SZ:000606),590
华智控股 ,(SZ:000607),788
阳光股份 ,(SZ:000608),278
绵世股份 ,(SZ:000609),954
西安旅游 ,(SZ:000610),493
四海股份 ,(SZ:000611),246
焦作万方 ,(SZ:000612),1262
大东海A ,(SZ:000613),347
湖北金环 ,(SZ:000615),362
亿城投资 ,(SZ:000616),1163
石油济柴 ,(SZ:000617),412
海螺型材 ,(SZ:000619),520
新华联 ,(SZ:000620),784
恒立实业 ,(SZ:000622),354
吉林敖东 ,(SZ:000623),6566
长安汽车 ,(SZ:000625),9516
如意集团 ,(SZ:000626),346
天茂集团 ,(SZ:000627),574
高新发展 ,(SZ:000628),309
攀钢钒钛 ,(SZ:000629),3262
铜陵有色 ,(SZ:000630),1262
顺发恒业 ,(SZ:000631),575
三木集团 ,(SZ:000632),462
合金投资 ,(SZ:000633),217
英力特 ,(SZ:000635),512
风华高科 ,(SZ:000636),629
茂化实华 ,(SZ:000637),413
万方发展 ,(SZ:000638),444
西王食品 ,(SZ:000639),1360
仁和药业 ,(SZ:000650),1568
格力电器 ,(SZ:000651),22455
泰达股份 ,(SZ:000652),750
金岭矿业 ,(SZ:000655),382
金科股份 ,(SZ:000656),696
中钨高新 ,(SZ:000657),596
*ST中富 ,(SZ:000659),1037
长春高新 ,(SZ:000661),5007
索芙特 ,(SZ:000662),402
永安林业 ,(SZ:000663),806
湖北广电 ,(SZ:000665),395
经纬纺机 ,(SZ:000666),749
美好集团 ,(SZ:000667),651
荣丰控股 ,(SZ:000668),241
金鸿能源 ,(SZ:000669),976
盈方微 ,(SZ:000670),1784
阳光城 ,(SZ:000671),1223
上峰水泥 ,(SZ:000672),276
当代东方 ,(SZ:000673),701
思达高科 ,(SZ:000676),328
恒天海龙 ,(SZ:000677),679
襄阳轴承 ,(SZ:000678),411
大连友谊 ,(SZ:000679),388
山推股份 ,(SZ:000680),796
视觉中国 ,(SZ:000681),1546
东方电子 ,(SZ:000682),497
远兴能源 ,(SZ:000683),490
中山公用 ,(SZ:000685),802
东北证券 ,(SZ:000686),1061
恒天天鹅 ,(SZ:000687),804
建新矿业 ,(SZ:000688),546
宝新能源 ,(SZ:000690),1222
亚太实业 ,(SZ:000691),320
惠天热电 ,(SZ:000692),402
华泽钴镍 ,(SZ:000693),1275
滨海能源 ,(SZ:000695),495
炼石有色 ,(SZ:000697),1233
沈阳化工 ,(SZ:000698),328
模塑科技 ,(SZ:000700),1622
厦门信达 ,(SZ:000701),590
正虹科技 ,(SZ:000702),327
恒逸石化 ,(SZ:000703),750
浙江震元 ,(SZ:000705),1401
双环科技 ,(SZ:000707),441
大冶特钢 ,(SZ:000708),615
河北钢铁 ,(SZ:000709),922
天兴仪表 ,(SZ:000710),452
天伦置业 ,(SZ:000711),382
锦龙股份 ,(SZ:000712),716
丰乐种业 ,(SZ:000713),439
中兴商业 ,(SZ:000715),628
南方食品 ,(SZ:000716),1283
韶钢松山 ,(SZ:000717),317
苏宁环球 ,(SZ:000718),914
大地传媒 ,(SZ:000719),590
新能泰山 ,(SZ:000720),1042
西安饮食 ,(SZ:000721),861
湖南发展 ,(SZ:000722),448
美锦能源 ,(SZ:000723),336
京东方A ,(SZ:000725),9934
鲁泰A ,(SZ:000726),5329
华东科技 ,(SZ:000727),875
国元证券 ,(SZ:000728),1424
燕京啤酒 ,(SZ:000729),1853
四川美丰 ,(SZ:000731),1948
泰禾集团 ,(SZ:000732),396
振华科技 ,(SZ:000733),1011
罗牛山 ,(SZ:000735),1467
中房地产 ,(SZ:000736),218
南风化工 ,(SZ:000737),386
中航动控 ,(SZ:000738),1526
普洛药业 ,(SZ:000739),1328
长城信息 ,(SZ:000748),723
国海证券 ,(SZ:000750),1478
锌业股份 ,(SZ:000751),2127
西藏发展 ,(SZ:000752),744
漳州发展 ,(SZ:000753),757
*ST三维 ,(SZ:000755),327
新华制药 ,(SZ:000756),1949
浩物股份 ,(SZ:000757),641
中色股份 ,(SZ:000758),1046
中百集团 ,(SZ:000759),1162
斯太尔 ,(SZ:000760),921
本钢板材 ,(SZ:000761),462
西藏矿业 ,(SZ:000762),1515
通化金马 ,(SZ:000766),502
漳泽电力 ,(SZ:000767),635
中航飞机 ,(SZ:000768),2793
广发证券 ,(SZ:000776),3282
中核科技 ,(SZ:000777),2403
新兴铸管 ,(SZ:000778),1324
*ST派神 ,(SZ:000779),354
平庄能源 ,(SZ:000780),393
美达股份 ,(SZ:000782),241
长江证券 ,(SZ:000783),3188
武汉中商 ,(SZ:000785),360
北新建材 ,(SZ:000786),2157
*ST创智 ,(SZ:000787),25
北大医药 ,(SZ:000788),2648
江西水泥 ,(SZ:000789),593
华神集团 ,(SZ:000790),1321
甘肃电投 ,(SZ:000791),239
盐湖股份 ,(SZ:000792),2633
华闻传媒 ,(SZ:000793),1765
太原刚玉 ,(SZ:000795),540
易食股份 ,(SZ:000796),346
中国武夷 ,(SZ:000797),707
中水渔业 ,(SZ:000798),457
酒鬼酒 ,(SZ:000799),3571
一汽轿车 ,(SZ:000800),2916
四川九洲 ,(SZ:000801),908
北京旅游 ,(SZ:000802),1686
金宇车城 ,(SZ:000803),304
银河投资 ,(SZ:000806),600
云铝股份 ,(SZ:000807),666
铁岭新城 ,(SZ:000809),262
华润锦华 ,(SZ:000810),395
烟台冰轮 ,(SZ:000811),2630
陕西金叶 ,(SZ:000812),965
天山纺织 ,(SZ:000813),383
美利纸业 ,(SZ:000815),199
江淮动力 ,(SZ:000816),564
方大化工 ,(SZ:000818),371
岳阳兴长 ,(SZ:000819),464
金城股份 ,(SZ:000820),231
京山轻机 ,(SZ:000821),839
*ST海化 ,(SZ:000822),517
超声电子 ,(SZ:000823),1714
太钢不锈 ,(SZ:000825),874
桑德环境 ,(SZ:000826),4365
东莞控股 ,(SZ:000828),468
天音控股 ,(SZ:000829),2949
鲁西化工 ,(SZ:000830),652
五矿稀土 ,(SZ:000831),1760
贵糖股份 ,(SZ:000833),501
四川圣达 ,(SZ:000835),322
鑫茂科技 ,(SZ:000836),304
秦川发展 ,(SZ:000837),1154
国兴地产 ,(SZ:000838),212
中信国安 ,(SZ:000839),1813
承德露露 ,(SZ:000848),4608
华茂股份 ,(SZ:000850),612
高鸿股份 ,(SZ:000851),3826
江钻股份 ,(SZ:000852),1001
冀东装备 ,(SZ:000856),545
五粮液 ,(SZ:000858),25869
国风塑业 ,(SZ:000859),525
顺鑫农业 ,(SZ:000860),1778
海印股份 ,(SZ:000861),715
银星能源 ,(SZ:000862),499
三湘股份 ,(SZ:000863),398
安凯客车 ,(SZ:000868),941
张裕A ,(SZ:000869),8506
吉电股份 ,(SZ:000875),669
新希望 ,(SZ:000876),4133
天山股份 ,(SZ:000877),848
云南铜业 ,(SZ:000878),1268
潍柴重机 ,(SZ:000880),516
大连国际 ,(SZ:000881),446
华联股份 ,(SZ:000882),591
湖北能源 ,(SZ:000883),901
同力水泥 ,(SZ:000885),294
海南高速 ,(SZ:000886),605
中鼎股份 ,(SZ:000887),1183
峨眉山A ,(SZ:000888),651
茂业物流 ,(SZ:000889),527
法尔胜 ,(SZ:000890),253
星美联合 ,(SZ:000892),267
东凌粮油 ,(SZ:000893),496
双汇发展 ,(SZ:000895),7274
津滨发展 ,(SZ:000897),2227
鞍钢股份 ,(SZ:000898),1307
赣能股份 ,(SZ:000899),280
现代投资 ,(SZ:000900),500
航天科技 ,(SZ:000901),2550
新洋丰 ,(SZ:000902),381
云内动力 ,(SZ:000903),804
厦门港务 ,(SZ:000905),1128
物产中拓 ,(SZ:000906),1236
天一科技 ,(SZ:000908),511
数源科技 ,(SZ:000909),503
大亚科技 ,(SZ:000910),688
南宁糖业 ,(SZ:000911),1338
泸天化 ,(SZ:000912),374
钱江摩托 ,(SZ:000913),371
山大华特 ,(SZ:000915),1692
华北高速 ,(SZ:000916),512
电广传媒 ,(SZ:000917),3465
嘉凯城 ,(SZ:000918),350
金陵药业 ,(SZ:000919),1421
南方汇通 ,(SZ:000920),788
海信科龙 ,(SZ:000921),962
佳电股份 ,(SZ:000922),1179
河北宣工 ,(SZ:000923),417
众合机电 ,(SZ:000925),478
福星股份 ,(SZ:000926),954
一汽夏利 ,(SZ:000927),744
*ST吉炭 ,(SZ:000928),487
兰州黄河 ,(SZ:000929),341
中粮生化 ,(SZ:000930),1185
中关村 ,(SZ:000931),816
华菱钢铁 ,(SZ:000932),469
神火股份 ,(SZ:000933),658
四川双马 ,(SZ:000935),359
华西股份 ,(SZ:000936),312
冀中能源 ,(SZ:000937),895
紫光股份 ,(SZ:000938),2457
凯迪电力 ,(SZ:000939),1191
南天信息 ,(SZ:000948),879
新乡化纤 ,(SZ:000949),481
建峰化工 ,(SZ:000950),222
中国重汽 ,(SZ:000951),719
广济药业 ,(SZ:000952),688
河池化工 ,(SZ:000953),297
欣龙控股 ,(SZ:000955),257
中通客车 ,(SZ:000957),1467
东方热电 ,(SZ:000958),1205
首钢股份 ,(SZ:000959),592
锡业股份 ,(SZ:000960),1473
中南建设 ,(SZ:000961),701
东方钽业 ,(SZ:000962),1028
华东医药 ,(SZ:000963),1246
天保基建 ,(SZ:000965),426
长源电力 ,(SZ:000966),703
上风高科 ,(SZ:000967),231
煤气化 ,(SZ:000968),628
安泰科技 ,(SZ:000969),1920
中科三环 ,(SZ:000970),2686
蓝鼎控股 ,(SZ:000971),485
新中基 ,(SZ:000972),533
佛塑科技 ,(SZ:000973),1867
银泰资源 ,(SZ:000975),672
春晖股份 ,(SZ:000976),233
浪潮信息 ,(SZ:000977),5127
桂林旅游 ,(SZ:000978),693
中弘股份 ,(SZ:000979),1408
金马股份 ,(SZ:000980),517
银亿股份 ,(SZ:000981),238
中银绒业 ,(SZ:000982),888
西山煤电 ,(SZ:000983),1374
大庆华科 ,(SZ:000985),239
广州友谊 ,(SZ:000987),1442
华工科技 ,(SZ:000988),2011
九芝堂 ,(SZ:000989),1419
诚志股份 ,(SZ:000990),559
闽东电力 ,(SZ:000993),276
皇台酒业 ,(SZ:000995),463
中国中期 ,(SZ:000996),1328
新大陆 ,(SZ:000997),6736
隆平高科 ,(SZ:000998),1841
华润三九 ,(SZ:000999),5770
宗申动力 ,(SZ:001696),1682
豫能控股 ,(SZ:001896),400
新和成 ,(SZ:002001),1951
鸿达兴业 ,(SZ:002002),256
伟星股份 ,(SZ:002003),2907
华邦颖泰 ,(SZ:002004),876
德豪润达 ,(SZ:002005),1936
*ST精功 ,(SZ:002006),1183
华兰生物 ,(SZ:002007),4544
大族激光 ,(SZ:002008),6129
天奇股份 ,(SZ:002009),1214
传化股份 ,(SZ:002010),422
盾安环境 ,(SZ:002011),950
凯恩股份 ,(SZ:002012),653
中航机电 ,(SZ:002013),1512
永新股份 ,(SZ:002014),668
*ST霞客 ,(SZ:002015),391
世荣兆业 ,(SZ:002016),433
东信和平 ,(SZ:002017),1456
华星化工 ,(SZ:002018),1075
鑫富药业 ,(SZ:002019),1076
京新药业 ,(SZ:002020),2016
中捷股份 ,(SZ:002021),543
科华生物 ,(SZ:002022),3417
海特高新 ,(SZ:002023),2837
苏宁云商 ,(SZ:002024),133929
航天电器 ,(SZ:002025),1371
山东威达 ,(SZ:002026),640
七喜控股 ,(SZ:002027),595
思源电气 ,(SZ:002028),1577
七匹狼 ,(SZ:002029),3541
达安基因 ,(SZ:002030),8665
巨轮股份 ,(SZ:002031),1204
苏泊尔 ,(SZ:002032),2117
丽江旅游 ,(SZ:002033),1650
美欣达 ,(SZ:002034),489
华帝股份 ,(SZ:002035),1052
宜科科技 ,(SZ:002036),1020
久联发展 ,(SZ:002037),617
双鹭药业 ,(SZ:002038),8882
黔源电力 ,(SZ:002039),1333
南京港 ,(SZ:002040),521
登海种业 ,(SZ:002041),1531
华孚色纺 ,(SZ:002042),725
兔宝宝 ,(SZ:002043),784
江苏三友 ,(SZ:002044),365
国光电器 ,(SZ:002045),701
轴研科技 ,(SZ:002046),917
宝鹰股份 ,(SZ:002047),312
宁波华翔 ,(SZ:002048),2340
同方国芯 ,(SZ:002049),4160
三花股份 ,(SZ:002050),708
中工国际 ,(SZ:002051),754
同洲电子 ,(SZ:002052),2392
云南盐化 ,(SZ:002053),515
德美化工 ,(SZ:002054),359
得润电子 ,(SZ:002055),1763
横店东磁 ,(SZ:002056),1717
中钢天源 ,(SZ:002057),426
威尔泰 ,(SZ:002058),434
云南旅游 ,(SZ:002059),322
粤水电 ,(SZ:002060),773
江山化工 ,(SZ:002061),426
宏润建设 ,(SZ:002062),353
远光软件 ,(SZ:002063),3210
华峰氨纶 ,(SZ:002064),1393
东华软件 ,(SZ:002065),2229
瑞泰科技 ,(SZ:002066),637
景兴纸业 ,(SZ:002067),1316
黑猫股份 ,(SZ:002068),559
獐子岛 ,(SZ:002069),2716
众和股份 ,(SZ:002070),1380
长城影视 ,(SZ:002071),1269
德棉股份 ,(SZ:002072),452
软控股份 ,(SZ:002073),1975
东源电器 ,(SZ:002074),916
沙钢股份 ,(SZ:002075),481
雪莱特 ,(SZ:002076),857
大港股份 ,(SZ:002077),335
太阳纸业 ,(SZ:002078),732
苏州固锝 ,(SZ:002079),2327
中材科技 ,(SZ:002080),1082
金螳螂 ,(SZ:002081),6912
栋梁新材 ,(SZ:002082),353
孚日股份 ,(SZ:002083),731
海鸥卫浴 ,(SZ:002084),467
万丰奥威 ,(SZ:002085),686
东方海洋 ,(SZ:002086),765
新野纺织 ,(SZ:002087),336
鲁阳股份 ,(SZ:002088),318
新海宜 ,(SZ:002089),1154
金智科技 ,(SZ:002090),553
江苏国泰 ,(SZ:002091),1506
中泰化学 ,(SZ:002092),1592
国脉科技 ,(SZ:002093),658
青岛金王 ,(SZ:002094),1496
生意宝 ,(SZ:002095),3293
南岭民爆 ,(SZ:002096),306
山河智能 ,(SZ:002097),1305
浔兴股份 ,(SZ:002098),545
海翔药业 ,(SZ:002099),778
天康生物 ,(SZ:002100),627
广东鸿图 ,(SZ:002101),746
冠福股份 ,(SZ:002102),946
广博股份 ,(SZ:002103),228
恒宝股份 ,(SZ:002104),3682
信隆实业 ,(SZ:002105),438
莱宝高科 ,(SZ:002106),2356
沃华医药 ,(SZ:002107),1142
沧州明珠 ,(SZ:002108),2312
兴化股份 ,(SZ:002109),215
三钢闽光 ,(SZ:002110),212
威海广泰 ,(SZ:002111),752
三变科技 ,(SZ:002112),344
天润控股 ,(SZ:002113),413
罗平锌电 ,(SZ:002114),1266
三维通信 ,(SZ:002115),965
中国海诚 ,(SZ:002116),981
东港股份 ,(SZ:002117),1759
紫鑫药业 ,(SZ:002118),1893
康强电子 ,(SZ:002119),421
新海股份 ,(SZ:002120),872
科陆电子 ,(SZ:002121),1570
天马股份 ,(SZ:002122),737
荣信股份 ,(SZ:002123),1891
天邦股份 ,(SZ:002124),402
湘潭电化 ,(SZ:002125),541
银轮股份 ,(SZ:002126),1834
*ST新民 ,(SZ:002127),372
露天煤业 ,(SZ:002128),562
中环股份 ,(SZ:002129),4683
沃尔核材 ,(SZ:002130),2279
利欧股份 ,(SZ:002131),1049
恒星科技 ,(SZ:002132),685
广宇集团 ,(SZ:002133),277
*ST普林 ,(SZ:002134),268
东南网架 ,(SZ:002135),602
安纳达 ,(SZ:002136),585
实益达 ,(SZ:002137),349
顺络电子 ,(SZ:002138),2756
拓邦股份 ,(SZ:002139),1554
东华科技 ,(SZ:002140),1020
蓉胜超微 ,(SZ:002141),259
宁波银行 ,(SZ:002142),2463
高金食品 ,(SZ:002143),983
宏达高科 ,(SZ:002144),884
中核钛白 ,(SZ:002145),628
荣盛发展 ,(SZ:002146),2240
方圆支承 ,(SZ:002147),669
北纬通信 ,(SZ:002148),2829
西部材料 ,(SZ:002149),673
通润装备 ,(SZ:002150),208
北斗星通 ,(SZ:002151),3731
广电运通 ,(SZ:002152),2773
石基信息 ,(SZ:002153),1413
报喜鸟 ,(SZ:002154),1112
辰州矿业 ,(SZ:002155),950
通富微电 ,(SZ:002156),1320
正邦科技 ,(SZ:002157),677
汉钟精机 ,(SZ:002158),1683
三特索道 ,(SZ:002159),339
*ST常铝 ,(SZ:002160),407
远望谷 ,(SZ:002161),2352
斯米克 ,(SZ:002162),621
*ST三鑫 ,(SZ:002163),1163
*ST东力 ,(SZ:002164),245
红宝丽 ,(SZ:002165),729
莱茵生物 ,(SZ:002166),1390
东方锆业 ,(SZ:002167),1827
深圳惠程 ,(SZ:002168),1305
智光电气 ,(SZ:002169),569
芭田股份 ,(SZ:002170),956
精诚铜业 ,(SZ:002171),462
澳洋科技 ,(SZ:002172),451
千足珍珠 ,(SZ:002173),509
游族网络 ,(SZ:002174),1783
广陆数测 ,(SZ:002175),292
江特电机 ,(SZ:002176),1262
御银股份 ,(SZ:002177),1648
延华智能 ,(SZ:002178),1009
中航光电 ,(SZ:002179),1247
万力达 ,(SZ:002180),793
粤传媒 ,(SZ:002181),2603
云海金属 ,(SZ:002182),865
怡亚通 ,(SZ:002183),15092
海得控制 ,(SZ:002184),478
华天科技 ,(SZ:002185),2932
全聚德 ,(SZ:002186),2805
广百股份 ,(SZ:002187),569
新嘉联 ,(SZ:002188),465
利达光电 ,(SZ:002189),1087
成飞集成 ,(SZ:002190),5783
劲嘉股份 ,(SZ:002191),1441
路翔股份 ,(SZ:002192),2163
山东如意 ,(SZ:002193),311
武汉凡谷 ,(SZ:002194),2248
海隆软件 ,(SZ:002195),1365
方正电机 ,(SZ:002196),614
证通电子 ,(SZ:002197),1786
嘉应制药 ,(SZ:002198),1014
东晶电子 ,(SZ:002199),1974
云投生态 ,(SZ:002200),495
九鼎新材 ,(SZ:002201),474
金风科技 ,(SZ:002202),5544
海亮股份 ,(SZ:002203),553
大连重工 ,(SZ:002204),2329
国统股份 ,(SZ:002205),584
海利得 ,(SZ:002206),729
准油股份 ,(SZ:002207),916
合肥城建 ,(SZ:002208),350
达意隆 ,(SZ:002209),337
飞马国际 ,(SZ:002210),826
宏达新材 ,(SZ:002211),444
南洋股份 ,(SZ:002212),785
特尔佳 ,(SZ:002213),490
大立科技 ,(SZ:002214),1045
诺普信 ,(SZ:002215),3162
三全食品 ,(SZ:002216),5063
*ST合泰 ,(SZ:002217),430
拓日新能 ,(SZ:002218),877
恒康医疗 ,(SZ:002219),2701
天宝股份 ,(SZ:002220),784
东华能源 ,(SZ:002221),1016
福晶科技 ,(SZ:002222),952
鱼跃医疗 ,(SZ:002223),3883
三力士 ,(SZ:002224),586
濮耐股份 ,(SZ:002225),644
江南化工 ,(SZ:002226),551
奥特迅 ,(SZ:002227),2616
合兴包装 ,(SZ:002228),1041
鸿博股份 ,(SZ:002229),3023
科大讯飞 ,(SZ:002230),15087
奥维通信 ,(SZ:002231),1108
启明信息 ,(SZ:002232),1719
塔牌集团 ,(SZ:002233),555
*ST民和 ,(SZ:002234),919
安妮股份 ,(SZ:002235),2236
大华股份 ,(SZ:002236),6679
恒邦股份 ,(SZ:002237),678
天威视讯 ,(SZ:002238),590
金飞达 ,(SZ:002239),423
威华股份 ,(SZ:002240),1759
歌尔声学 ,(SZ:002241),8851
九阳股份 ,(SZ:002242),9023
通产丽星 ,(SZ:002243),585
滨江集团 ,(SZ:002244),735
澳洋顺昌 ,(SZ:002245),609
北化股份 ,(SZ:002246),971
帝龙新材 ,(SZ:002247),332
*ST东数 ,(SZ:002248),449
大洋电机 ,(SZ:002249),1131
联化科技 ,(SZ:002250),907
步步高 ,(SZ:002251),1500
上海莱士 ,(SZ:002252),1762
川大智胜 ,(SZ:002253),2981
泰和新材 ,(SZ:002254),1492
海陆重工 ,(SZ:002255),992
彩虹精化 ,(SZ:002256),1252
利尔化学 ,(SZ:002258),406
升达林业 ,(SZ:002259),573
伊立浦 ,(SZ:002260),893
拓维信息 ,(SZ:002261),3496
恩华药业 ,(SZ:002262),2426
大东南 ,(SZ:002263),1155
新华都 ,(SZ:002264),740
西仪股份 ,(SZ:002265),327
浙富控股 ,(SZ:002266),1291
陕天然气 ,(SZ:002267),803
卫士通 ,(SZ:002268),1749
美邦服饰 ,(SZ:002269),2013
法因数控 ,(SZ:002270),659
东方雨虹 ,(SZ:002271),1920
川润股份 ,(SZ:002272),506
水晶光电 ,(SZ:002273),5027
华昌化工 ,(SZ:002274),1121
桂林三金 ,(SZ:002275),3461
万马股份 ,(SZ:002276),1198
友阿股份 ,(SZ:002277),4154
神开股份 ,(SZ:002278),1066
久其软件 ,(SZ:002279),987
新世纪 ,(SZ:002280),1460
光迅科技 ,(SZ:002281),1483
博深工具 ,(SZ:002282),648
天润曲轴 ,(SZ:002283),992
亚太股份 ,(SZ:002284),1076
世联行 ,(SZ:002285),3940
保龄宝 ,(SZ:002286),1068
奇正藏药 ,(SZ:002287),790
超华科技 ,(SZ:002288),957
宇顺电子 ,(SZ:002289),940
禾盛新材 ,(SZ:002290),339
星期六 ,(SZ:002291),613
奥飞动漫 ,(SZ:002292),4754
罗莱家纺 ,(SZ:002293),3153
信立泰 ,(SZ:002294),4630
精艺股份 ,(SZ:002295),318
辉煌科技 ,(SZ:002296),1045
博云新材 ,(SZ:002297),1222
鑫龙电器 ,(SZ:002298),2997
圣农发展 ,(SZ:002299),1645
太阳电缆 ,(SZ:002300),344
齐心集团 ,(SZ:002301),542
西部建设 ,(SZ:002302),589
美盈森 ,(SZ:002303),1564
洋河股份 ,(SZ:002304),5354
南国置业 ,(SZ:002305),556
中科云网 ,(SZ:002306),1449
北新路桥 ,(SZ:002307),1110
威创股份 ,(SZ:002308),1209
中利科技 ,(SZ:002309),1325
东方园林 ,(SZ:002310),3545
海大集团 ,(SZ:002311),835
三泰电子 ,(SZ:002312),26094
日海通讯 ,(SZ:002313),1311
雅致股份 ,(SZ:002314),544
焦点科技 ,(SZ:002315),1445
键桥通讯 ,(SZ:002316),700
众生药业 ,(SZ:002317),1167
久立特材 ,(SZ:002318),2491
乐通股份 ,(SZ:002319),688
海峡股份 ,(SZ:002320),498
华英农业 ,(SZ:002321),709
理工监测 ,(SZ:002322),971
中联电气 ,(SZ:002323),311
普利特 ,(SZ:002324),1013
洪涛股份 ,(SZ:002325),996
永太科技 ,(SZ:002326),1285
富安娜 ,(SZ:002327),3479
新朋股份 ,(SZ:002328),228
皇氏乳业 ,(SZ:002329),946
得利斯 ,(SZ:002330),728
皖通科技 ,(SZ:002331),651
仙琚制药 ,(SZ:002332),681
罗普斯金 ,(SZ:002333),252
英威腾 ,(SZ:002334),1571
科华恒盛 ,(SZ:002335),688
人人乐 ,(SZ:002336),648
赛象科技 ,(SZ:002337),296
奥普光电 ,(SZ:002338),1093
积成电子 ,(SZ:002339),674
格林美 ,(SZ:002340),5086
新纶科技 ,(SZ:002341),686
巨力索具 ,(SZ:002342),743
禾欣股份 ,(SZ:002343),291
海宁皮城 ,(SZ:002344),1771
潮宏基 ,(SZ:002345),839
柘中建设 ,(SZ:002346),282
泰尔重工 ,(SZ:002347),710
高乐股份 ,(SZ:002348),804
精华制药 ,(SZ:002349),646
北京科锐 ,(SZ:002350),458
漫步者 ,(SZ:002351),1433
鼎泰新材 ,(SZ:002352),344
杰瑞股份 ,(SZ:002353),5834
科冕木业 ,(SZ:002354),1038
兴民钢圈 ,(SZ:002355),679
浩宁达 ,(SZ:002356),275
富临运业 ,(SZ:002357),243
森源电气 ,(SZ:002358),1028
齐星铁塔 ,(SZ:002359),348
同德化工 ,(SZ:002360),410
神剑股份 ,(SZ:002361),1369
汉王科技 ,(SZ:002362),2256
隆基机械 ,(SZ:002363),426
中恒电气 ,(SZ:002364),1228
永安药业 ,(SZ:002365),1249
丹甫股份 ,(SZ:002366),1513
康力电梯 ,(SZ:002367),1919
太极股份 ,(SZ:002368),1188
卓翼科技 ,(SZ:002369),1910
亚太药业 ,(SZ:002370),448
七星电子 ,(SZ:002371),457
伟星新材 ,(SZ:002372),1277
千方科技 ,(SZ:002373),1153
丽鹏股份 ,(SZ:002374),513
亚厦股份 ,(SZ:002375),1357
新北洋 ,(SZ:002376),2652
国创高新 ,(SZ:002377),444
章源钨业 ,(SZ:002378),383
鲁丰环保 ,(SZ:002379),893
科远股份 ,(SZ:002380),452
双箭股份 ,(SZ:002381),748
蓝帆医疗 ,(SZ:002382),1141
合众思壮 ,(SZ:002383),2721
东山精密 ,(SZ:002384),482
大北农 ,(SZ:002385),2089
天原集团 ,(SZ:002386),423
黑牛食品 ,(SZ:002387),1091
新亚制程 ,(SZ:002388),974
南洋科技 ,(SZ:002389),1084
信邦制药 ,(SZ:002390),1206
长青股份 ,(SZ:002391),556
北京利尔 ,(SZ:002392),947
力生制药 ,(SZ:002393),1816
联发股份 ,(SZ:002394),544
双象股份 ,(SZ:002395),371
星网锐捷 ,(SZ:002396),3213
梦洁家纺 ,(SZ:002397),850
建研集团 ,(SZ:002398),698
海普瑞 ,(SZ:002399),1619
省广股份 ,(SZ:002400),3161
中海科技 ,(SZ:002401),1191
和而泰 ,(SZ:002402),2125
爱仕达 ,(SZ:002403),591
嘉欣丝绸 ,(SZ:002404),591
四维图新 ,(SZ:002405),6860
远东传动 ,(SZ:002406),671
多氟多 ,(SZ:002407),2082
齐翔腾达 ,(SZ:002408),1123
雅克科技 ,(SZ:002409),447
广联达 ,(SZ:002410),2500
九九久 ,(SZ:002411),823
汉森制药 ,(SZ:002412),933
常发股份 ,(SZ:002413),268
高德红外 ,(SZ:002414),3507
海康威视 ,(SZ:002415),6891
爱施德 ,(SZ:002416),1694
三元达 ,(SZ:002417),715
康盛股份 ,(SZ:002418),415
天虹商场 ,(SZ:002419),1252
毅昌股份 ,(SZ:002420),355
达实智能 ,(SZ:002421),1148
科伦药业 ,(SZ:002422),7243
中原特钢 ,(SZ:002423),963
贵州百灵 ,(SZ:002424),2360
凯撒股份 ,(SZ:002425),479
胜利精密 ,(SZ:002426),973
尤夫股份 ,(SZ:002427),873
云南锗业 ,(SZ:002428),1564
兆驰股份 ,(SZ:002429),1125
杭氧股份 ,(SZ:002430),741
棕榈园林 ,(SZ:002431),3733
九安医疗 ,(SZ:002432),7560
太安堂 ,(SZ:002433),2670
万里扬 ,(SZ:002434),664
长江润发 ,(SZ:002435),253
兴森科技 ,(SZ:002436),922
誉衡药业 ,(SZ:002437),2986
江苏神通 ,(SZ:002438),2623
启明星辰 ,(SZ:002439),5197
闰土股份 ,(SZ:002440),2164
众业达 ,(SZ:002441),1039
龙星化工 ,(SZ:002442),343
金洲管道 ,(SZ:002443),770
巨星科技 ,(SZ:002444),1448
中南重工 ,(SZ:002445),437
盛路通信 ,(SZ:002446),1055
壹桥苗业 ,(SZ:002447),667
中原内配 ,(SZ:002448),969
国星光电 ,(SZ:002449),1359
康得新 ,(SZ:002450),4519
摩恩电气 ,(SZ:002451),536
长高集团 ,(SZ:002452),366
天马精化 ,(SZ:002453),690
松芝股份 ,(SZ:002454),1540
百川股份 ,(SZ:002455),358
欧菲光 ,(SZ:002456),7197
青龙管业 ,(SZ:002457),875
益生股份 ,(SZ:002458),591
*ST天业 ,(SZ:002459),574
赣锋锂业 ,(SZ:002460),1689
珠江啤酒 ,(SZ:002461),654
嘉事堂 ,(SZ:002462),1125
沪电股份 ,(SZ:002463),970
金利科技 ,(SZ:002464),426
海格通信 ,(SZ:002465),5666
天齐锂业 ,(SZ:002466),1813
二六三 ,(SZ:002467),1689
艾迪西 ,(SZ:002468),973
三维工程 ,(SZ:002469),853
金正大 ,(SZ:002470),1226
中超电缆 ,(SZ:002471),611
双环传动 ,(SZ:002472),807
圣莱达 ,(SZ:002473),366
榕基软件 ,(SZ:002474),1171
立讯精密 ,(SZ:002475),1962
宝莫股份 ,(SZ:002476),1162
雏鹰农牧 ,(SZ:002477),2650
常宝股份 ,(SZ:002478),427
富春环保 ,(SZ:002479),641
新筑股份 ,(SZ:002480),491
双塔食品 ,(SZ:002481),842
广田股份 ,(SZ:002482),1101
润邦股份 ,(SZ:002483),489
江海股份 ,(SZ:002484),1835
希努尔 ,(SZ:002485),395
嘉麟杰 ,(SZ:002486),788
大金重工 ,(SZ:002487),639
金固股份 ,(SZ:002488),405
浙江永强 ,(SZ:002489),957
山东墨龙 ,(SZ:002490),959
通鼎光电 ,(SZ:002491),585
恒基达鑫 ,(SZ:002492),392
荣盛石化 ,(SZ:002493),560
华斯股份 ,(SZ:002494),514
佳隆股份 ,(SZ:002495),341
辉丰股份 ,(SZ:002496),705
雅化集团 ,(SZ:002497),492
汉缆股份 ,(SZ:002498),464
科林环保 ,(SZ:002499),970
山西证券 ,(SZ:002500),641
利源精制 ,(SZ:002501),3033
骅威股份 ,(SZ:002502),1293
搜于特 ,(SZ:002503),992
东光微电 ,(SZ:002504),394
大康牧业 ,(SZ:002505),801
*ST超日 ,(SZ:002506),670
涪陵榨菜 ,(SZ:002507),2963
老板电器 ,(SZ:002508),2461
天广消防 ,(SZ:002509),906
天汽模 ,(SZ:002510),1892
中顺洁柔 ,(SZ:002511),1497
达华智能 ,(SZ:002512),949
蓝丰生化 ,(SZ:002513),315
宝馨科技 ,(SZ:002514),603
金字火腿 ,(SZ:002515),792
江苏旷达 ,(SZ:002516),954
泰亚股份 ,(SZ:002517),463
科士达 ,(SZ:002518),1400
银河电子 ,(SZ:002519),716
日发精机 ,(SZ:002520),927
齐峰新材 ,(SZ:002521),1422
浙江众成 ,(SZ:002522),431
天桥起重 ,(SZ:002523),265
光正集团 ,(SZ:002524),816
山东矿机 ,(SZ:002526),1717
新时达 ,(SZ:002527),3756
英飞拓 ,(SZ:002528),1450
海源机械 ,(SZ:002529),774
丰东股份 ,(SZ:002530),247
天顺风能 ,(SZ:002531),1133
新界泵业 ,(SZ:002532),827
金杯电工 ,(SZ:002533),452
杭锅股份 ,(SZ:002534),369
林州重机 ,(SZ:002535),2661
西泵股份 ,(SZ:002536),506
海立美达 ,(SZ:002537),238
司尔特 ,(SZ:002538),238
新都化工 ,(SZ:002539),663
亚太科技 ,(SZ:002540),861
鸿路钢构 ,(SZ:002541),362
中化岩土 ,(SZ:002542),618
万和电气 ,(SZ:002543),451
杰赛科技 ,(SZ:002544),989
东方铁塔 ,(SZ:002545),297
新联电子 ,(SZ:002546),592
春兴精工 ,(SZ:002547),1753
金新农 ,(SZ:002548),545
凯美特气 ,(SZ:002549),1399
千红制药 ,(SZ:002550),1572
尚荣医疗 ,(SZ:002551),2296
宝鼎重工 ,(SZ:002552),828
南方轴承 ,(SZ:002553),590
惠博普 ,(SZ:002554),1482
顺荣股份 ,(SZ:002555),1815
辉隆股份 ,(SZ:002556),2186
洽洽食品 ,(SZ:002557),3251
世纪游轮 ,(SZ:002558),316
亚威股份 ,(SZ:002559),1489
通达股份 ,(SZ:002560),281
徐家汇 ,(SZ:002561),814
兄弟科技 ,(SZ:002562),507
森马服饰 ,(SZ:002563),1004
张化机 ,(SZ:002564),1300
上海绿新 ,(SZ:002565),1831
益盛药业 ,(SZ:002566),1372
唐人神 ,(SZ:002567),796
百润股份 ,(SZ:002568),1818
步森股份 ,(SZ:002569),322
贝因美 ,(SZ:002570),8982
德力股份 ,(SZ:002571),986
索菲亚 ,(SZ:002572),1113
国电清新 ,(SZ:002573),2955
明牌珠宝 ,(SZ:002574),714
群兴玩具 ,(SZ:002575),738
通达动力 ,(SZ:002576),789
雷柏科技 ,(SZ:002577),2590
闽发铝业 ,(SZ:002578),246
中京电子 ,(SZ:002579),1490
圣阳股份 ,(SZ:002580),523
万昌科技 ,(SZ:002581),1360
好想你 ,(SZ:002582),12710
海能达 ,(SZ:002583),1479
西陇化工 ,(SZ:002584),731
双星新材 ,(SZ:002585),936
围海股份 ,(SZ:002586),606
奥拓电子 ,(SZ:002587),3078
史丹利 ,(SZ:002588),1250
瑞康医药 ,(SZ:002589),984
万安科技 ,(SZ:002590),495
恒大高新 ,(SZ:002591),391
八菱科技 ,(SZ:002592),316
日上集团 ,(SZ:002593),206
比亚迪 ,(SZ:002594),25293
豪迈科技 ,(SZ:002595),2627
海南瑞泽 ,(SZ:002596),383
金禾实业 ,(SZ:002597),964
山东章鼓 ,(SZ:002598),555
盛通股份 ,(SZ:002599),566
江粉磁材 ,(SZ:002600),787
佰利联 ,(SZ:002601),1293
世纪华通 ,(SZ:002602),728
以岭药业 ,(SZ:002603),3644
龙力生物 ,(SZ:002604),1462
姚记扑克 ,(SZ:002605),2318
大连电瓷 ,(SZ:002606),576
亚夏汽车 ,(SZ:002607),841
舜天船舶 ,(SZ:002608),659
捷顺科技 ,(SZ:002609),1409
爱康科技 ,(SZ:002610),19156
东方精工 ,(SZ:002611),846
朗姿股份 ,(SZ:002612),1065
北玻股份 ,(SZ:002613),464
蒙发利 ,(SZ:002614),946
哈尔斯 ,(SZ:002615),886
长青集团 ,(SZ:002616),368
露笑科技 ,(SZ:002617),2582
丹邦科技 ,(SZ:002618),1441
巨龙管业 ,(SZ:002619),691
瑞和股份 ,(SZ:002620),346
大连三垒 ,(SZ:002621),291
永大集团 ,(SZ:002622),267
亚玛顿 ,(SZ:002623),1087
金磊股份 ,(SZ:002624),606
龙生股份 ,(SZ:002625),305
金达威 ,(SZ:002626),1088
宜昌交运 ,(SZ:002627),314
成都路桥 ,(SZ:002628),573
仁智油服 ,(SZ:002629),1716
华西能源 ,(SZ:002630),769
德尔家居 ,(SZ:002631),690
道明光学 ,(SZ:002632),629
申科股份 ,(SZ:002633),800
棒杰股份 ,(SZ:002634),333
安洁科技 ,(SZ:002635),2352
金安国纪 ,(SZ:002636),577
赞宇科技 ,(SZ:002637),974
勤上光电 ,(SZ:002638),1283
雪人股份 ,(SZ:002639),762
百圆裤业 ,(SZ:002640),1137
永高股份 ,(SZ:002641),349
荣之联 ,(SZ:002642),2360
烟台万润 ,(SZ:002643),1479
佛慈制药 ,(SZ:002644),1073
华宏科技 ,(SZ:002645),502
青青稞酒 ,(SZ:002646),2673
宏磊股份 ,(SZ:002647),139
卫星石化 ,(SZ:002648),1063
博彦科技 ,(SZ:002649),2357
加加食品 ,(SZ:002650),2154
利君股份 ,(SZ:002651),395
扬子新材 ,(SZ:002652),269
海思科 ,(SZ:002653),2321
万润科技 ,(SZ:002654),949
共达电声 ,(SZ:002655),2363
卡奴迪路 ,(SZ:002656),658
中科金财 ,(SZ:002657),3365
雪迪龙 ,(SZ:002658),1556
中泰桥梁 ,(SZ:002659),291
茂硕电源 ,(SZ:002660),1009
克明面业 ,(SZ:002661),2430
京威股份 ,(SZ:002662),611
普邦园林 ,(SZ:002663),2126
信质电机 ,(SZ:002664),1926
首航节能 ,(SZ:002665),1086
德联集团 ,(SZ:002666),746
鞍重股份 ,(SZ:002667),255
奥马电器 ,(SZ:002668),2000
康达新材 ,(SZ:002669),833
华声股份 ,(SZ:002670),361
龙泉股份 ,(SZ:002671),586
东江环保 ,(SZ:002672),1459
西部证券 ,(SZ:002673),715
兴业科技 ,(SZ:002674),320
东诚药业 ,(SZ:002675),725
顺威股份 ,(SZ:002676),234
浙江美大 ,(SZ:002677),399
珠江钢琴 ,(SZ:002678),1158
福建金森 ,(SZ:002679),553
黄海机械 ,(SZ:002680),486
奋达科技 ,(SZ:002681),4172
龙洲股份 ,(SZ:002682),432
宏大爆破 ,(SZ:002683),573
猛狮科技 ,(SZ:002684),914
华东重机 ,(SZ:002685),305
亿利达 ,(SZ:002686),507
乔治白 ,(SZ:002687),311
金河生物 ,(SZ:002688),479
博林特 ,(SZ:002689),580
美亚光电 ,(SZ:002690),3512
石中装备 ,(SZ:002691),319
远程电缆 ,(SZ:002692),263
双成药业 ,(SZ:002693),971
顾地科技 ,(SZ:002694),360
煌上煌 ,(SZ:002695),1217
百洋股份 ,(SZ:002696),358
红旗连锁 ,(SZ:002697),2060
博实股份 ,(SZ:002698),1979
美盛文化 ,(SZ:002699),587
新疆浩源 ,(SZ:002700),1289
奥瑞金 ,(SZ:002701),3677
海欣食品 ,(SZ:002702),643
浙江世宝 ,(SZ:002703),480
新宝股份 ,(SZ:002705),469
良信电器 ,(SZ:002706),355
众信旅游 ,(SZ:002707),2713
光洋股份 ,(SZ:002708),335
天赐材料 ,(SZ:002709),781
慈铭体检 ,(SZ:002710),312
欧浦钢网 ,(SZ:002711),951
思美传媒 ,(SZ:002712),1809
东易日盛 ,(SZ:002713),791
牧原股份 ,(SZ:002714),679
登云股份 ,(SZ:002715),833
金贵银业 ,(SZ:002716),501
岭南园林 ,(SZ:002717),628
友邦吊顶 ,(SZ:002718),1992
麦趣尔 ,(SZ:002719),348
宏良股份 ,(SZ:002720),14
金一文化 ,(SZ:002721),364
金轮股份 ,(SZ:002722),695
金莱特 ,(SZ:002723),379
跃岭股份 ,(SZ:002725),284
龙大肉食 ,(SZ:002726),862
一心堂 ,(SZ:002727),2356
台城制药 ,(SZ:002728),455
好利来 ,(SZ:002729),461
电光科技 ,(SZ:002730),11
特锐德 ,(SZ:300001),1386
神州泰岳 ,(SZ:300002),2504
乐普医疗 ,(SZ:300003),3604
南风股份 ,(SZ:300004),769
探路者 ,(SZ:300005),5118
莱美药业 ,(SZ:300006),2172
汉威电子 ,(SZ:300007),1722
上海佳豪 ,(SZ:300008),624
安科生物 ,(SZ:300009),2306
立思辰 ,(SZ:300010),1476
鼎汉技术 ,(SZ:300011),1234
华测检测 ,(SZ:300012),2277
新宁物流 ,(SZ:300013),303
亿纬锂能 ,(SZ:300014),3217
爱尔眼科 ,(SZ:300015),5170
北陆药业 ,(SZ:300016),1238
网宿科技 ,(SZ:300017),27468
中元华电 ,(SZ:300018),587
硅宝科技 ,(SZ:300019),473
银江股份 ,(SZ:300020),3134
大禹节水 ,(SZ:300021),1586
吉峰农机 ,(SZ:300022),869
宝德股份 ,(SZ:300023),544
机器人 ,(SZ:300024),10186
华星创业 ,(SZ:300025),990
红日药业 ,(SZ:300026),3681
华谊兄弟 ,(SZ:300027),25304
金亚科技 ,(SZ:300028),2191
天龙光电 ,(SZ:300029),1418
阳普医疗 ,(SZ:300030),1431
宝通带业 ,(SZ:300031),595
金龙机电 ,(SZ:300032),1504
同花顺 ,(SZ:300033),1885
钢研高纳 ,(SZ:300034),3113
中科电气 ,(SZ:300035),608
超图软件 ,(SZ:300036),1680
新宙邦 ,(SZ:300037),2357
梅泰诺 ,(SZ:300038),789
上海凯宝 ,(SZ:300039),3029
九洲电气 ,(SZ:300040),529
回天新材 ,(SZ:300041),1108
朗科科技 ,(SZ:300042),443
互动娱乐 ,(SZ:300043),2007
赛为智能 ,(SZ:300044),2689
华力创通 ,(SZ:300045),2400
台基股份 ,(SZ:300046),640
天源迪科 ,(SZ:300047),2136
合康变频 ,(SZ:300048),961
福瑞股份 ,(SZ:300049),1444
世纪鼎利 ,(SZ:300050),991
三五互联 ,(SZ:300051),1463
中青宝 ,(SZ:300052),4394
欧比特 ,(SZ:300053),2880
鼎龙股份 ,(SZ:300054),3583
万邦达 ,(SZ:300055),1340
三维丝 ,(SZ:300056),1789
万顺股份 ,(SZ:300057),920
蓝色光标 ,(SZ:300058),4934
东方财富 ,(SZ:300059),4254
康耐特 ,(SZ:300061),959
中能电气 ,(SZ:300062),191
天龙集团 ,(SZ:300063),378
豫金刚石 ,(SZ:300064),573
海兰信 ,(SZ:300065),1959
三川股份 ,(SZ:300066),615
安诺其 ,(SZ:300067),1062
南都电源 ,(SZ:300068),3160
金利华电 ,(SZ:300069),259
碧水源 ,(SZ:300070),5126
华谊嘉信 ,(SZ:300071),1144
三聚环保 ,(SZ:300072),2701
当升科技 ,(SZ:300073),1293
华平股份 ,(SZ:300074),3197
数字政通 ,(SZ:300075),2554
GQY视讯 ,(SZ:300076),966
国民技术 ,(SZ:300077),2815
中瑞思创 ,(SZ:300078),1354
数码视讯 ,(SZ:300079),3902
新大新材 ,(SZ:300080),2045
恒信移动 ,(SZ:300081),520
奥克股份 ,(SZ:300082),2922
劲胜精密 ,(SZ:300083),1658
海默科技 ,(SZ:300084),1915
银之杰 ,(SZ:300085),539
康芝药业 ,(SZ:300086),1733
荃银高科 ,(SZ:300087),492
长信科技 ,(SZ:300088),4745
长城集团 ,(SZ:300089),371
盛运股份 ,(SZ:300090),1317
金通灵 ,(SZ:300091),321
科新机电 ,(SZ:300092),643
金刚玻璃 ,(SZ:300093),1795
国联水产 ,(SZ:300094),486
华伍股份 ,(SZ:300095),501
易联众 ,(SZ:300096),738
智云股份 ,(SZ:300097),1532
高新兴 ,(SZ:300098),1884
尤洛卡 ,(SZ:300099),669
双林股份 ,(SZ:300100),321
振芯科技 ,(SZ:300101),4045
乾照光电 ,(SZ:300102),2008
达刚路机 ,(SZ:300103),653
乐视网 ,(SZ:300104),44626
龙源技术 ,(SZ:300105),2042
西部牧业 ,(SZ:300106),661
建新股份 ,(SZ:300107),515
双龙股份 ,(SZ:300108),463
新开源 ,(SZ:300109),422
华仁药业 ,(SZ:300110),1617
向日葵 ,(SZ:300111),1497
万讯自控 ,(SZ:300112),873
顺网科技 ,(SZ:300113),2360
中航电测 ,(SZ:300114),874
长盈精密 ,(SZ:300115),1781
坚瑞消防 ,(SZ:300116),1443
嘉寓股份 ,(SZ:300117),401
东方日升 ,(SZ:300118),1536
瑞普生物 ,(SZ:300119),1389
经纬电材 ,(SZ:300120),309
阳谷华泰 ,(SZ:300121),781
智飞生物 ,(SZ:300122),958
太阳鸟 ,(SZ:300123),951
汇川技术 ,(SZ:300124),5738
易世达 ,(SZ:300125),686
锐奇股份 ,(SZ:300126),521
银河磁体 ,(SZ:300127),643
锦富新材 ,(SZ:300128),1162
泰胜风能 ,(SZ:300129),1140
新国都 ,(SZ:300130),795
英唐智控 ,(SZ:300131),1381
青松股份 ,(SZ:300132),314
华策影视 ,(SZ:300133),2692
大富科技 ,(SZ:300134),4908
宝利沥青 ,(SZ:300135),552
信维通信 ,(SZ:300136),6755
先河环保 ,(SZ:300137),1504
晨光生物 ,(SZ:300138),443
福星晓程 ,(SZ:300139),617
启源装备 ,(SZ:300140),1339
和顺电气 ,(SZ:300141),832
沃森生物 ,(SZ:300142),3762
星河生物 ,(SZ:300143),419
宋城演艺 ,(SZ:300144),2119
南方泵业 ,(SZ:300145),747
汤臣倍健 ,(SZ:300146),7512
香雪制药 ,(SZ:300147),1236
天舟文化 ,(SZ:300148),1315
量子高科 ,(SZ:300149),690
世纪瑞尔 ,(SZ:300150),2451
昌红科技 ,(SZ:300151),613
燃控科技 ,(SZ:300152),1449
科泰电源 ,(SZ:300153),321
瑞凌股份 ,(SZ:300154),860
安居宝 ,(SZ:300155),1631
神雾环保 ,(SZ:300156),1387
恒泰艾普 ,(SZ:300157),1382
振东制药 ,(SZ:300158),4077
新研股份 ,(SZ:300159),1041
秀强股份 ,(SZ:300160),591
华中数控 ,(SZ:300161),1029
雷曼光电 ,(SZ:300162),730
先锋新材 ,(SZ:300163),467
通源石油 ,(SZ:300164),562
天瑞仪器 ,(SZ:300165),1534
东方国信 ,(SZ:300166),1081
迪威视讯 ,(SZ:300167),747
万达信息 ,(SZ:300168),1947
天晟新材 ,(SZ:300169),967
汉得信息 ,(SZ:300170),1705
东富龙 ,(SZ:300171),2054
中电环保 ,(SZ:300172),1062
松德股份 ,(SZ:300173),1189
元力股份 ,(SZ:300174),237
朗源股份 ,(SZ:300175),1328
鸿特精密 ,(SZ:300176),476
中海达 ,(SZ:300177),3624
腾邦国际 ,(SZ:300178),2770
四方达 ,(SZ:300179),334
华峰超纤 ,(SZ:300180),511
佐力药业 ,(SZ:300181),2104
捷成股份 ,(SZ:300182),1252
东软载波 ,(SZ:300183),2564
力源信息 ,(SZ:300184),952
通裕重工 ,(SZ:300185),1035
大华农 ,(SZ:300186),721
永清环保 ,(SZ:300187),1443
美亚柏科 ,(SZ:300188),2198
神农大丰 ,(SZ:300189),817
维尔利 ,(SZ:300190),1722
潜能恒信 ,(SZ:300191),2555
科斯伍德 ,(SZ:300192),519
佳士科技 ,(SZ:300193),810
福安药业 ,(SZ:300194),553
长荣股份 ,(SZ:300195),744
长海股份 ,(SZ:300196),542
铁汉生态 ,(SZ:300197),1761
纳川股份 ,(SZ:300198),625
翰宇药业 ,(SZ:300199),1483
高盟新材 ,(SZ:300200),863
海伦哲 ,(SZ:300201),768
聚龙股份 ,(SZ:300202),2049
聚光科技 ,(SZ:300203),1524
舒泰神 ,(SZ:300204),2373
天喻信息 ,(SZ:300205),3524
理邦仪器 ,(SZ:300206),3711
欣旺达 ,(SZ:300207),2078
恒顺电气 ,(SZ:300208),1159
天泽信息 ,(SZ:300209),712
森远股份 ,(SZ:300210),472
亿通科技 ,(SZ:300211),224
易华录 ,(SZ:300212),2082
佳讯飞鸿 ,(SZ:300213),1189
日科化学 ,(SZ:300214),363
电科院 ,(SZ:300215),3730
千山药机 ,(SZ:300216),5051
东方电热 ,(SZ:300217),569
安利股份 ,(SZ:300218),336
鸿利光电 ,(SZ:300219),1119
金运激光 ,(SZ:300220),1461
银禧科技 ,(SZ:300221),598
科大智能 ,(SZ:300222),757
北京君正 ,(SZ:300223),3135
正海磁材 ,(SZ:300224),696
金力泰 ,(SZ:300225),397
上海钢联 ,(SZ:300226),2494
光韵达 ,(SZ:300227),1188
富瑞特装 ,(SZ:300228),5949
拓尔思 ,(SZ:300229),2548
永利带业 ,(SZ:300230),149
银信科技 ,(SZ:300231),520
洲明科技 ,(SZ:300232),1434
金城医药 ,(SZ:300233),767
开尔新材 ,(SZ:300234),674
方直科技 ,(SZ:300235),1724
上海新阳 ,(SZ:300236),723
美晨科技 ,(SZ:300237),334
冠昊生物 ,(SZ:300238),4767
东宝生物 ,(SZ:300239),640
飞力达 ,(SZ:300240),431
瑞丰光电 ,(SZ:300241),781
明家科技 ,(SZ:300242),395
瑞丰高材 ,(SZ:300243),243
迪安诊断 ,(SZ:300244),5279
天玑科技 ,(SZ:300245),1441
宝莱特 ,(SZ:300246),2704
桑乐金 ,(SZ:300247),1733
新开普 ,(SZ:300248),3660
依米康 ,(SZ:300249),368
初灵信息 ,(SZ:300250),512
光线传媒 ,(SZ:300251),10623
金信诺 ,(SZ:300252),529
卫宁软件 ,(SZ:300253),2625
仟源制药 ,(SZ:300254),749
常山药业 ,(SZ:300255),1812
星星科技 ,(SZ:300256),720
开山股份 ,(SZ:300257),1020
精锻科技 ,(SZ:300258),1423
新天科技 ,(SZ:300259),1443
新莱应材 ,(SZ:300260),753
雅本化学 ,(SZ:300261),859
巴安水务 ,(SZ:300262),1119
隆华节能 ,(SZ:300263),1091
佳创视讯 ,(SZ:300264),787
通光线缆 ,(SZ:300265),385
兴源过滤 ,(SZ:300266),691
尔康制药 ,(SZ:300267),1459
万福生科 ,(SZ:300268),151
联建光电 ,(SZ:300269),729
中威电子 ,(SZ:300270),840
华宇软件 ,(SZ:300271),811
开能环保 ,(SZ:300272),1254
和佳股份 ,(SZ:300273),5138
阳光电源 ,(SZ:300274),3812
梅安森 ,(SZ:300275),879
三丰智能 ,(SZ:300276),1434
海联讯 ,(SZ:300277),244
华昌达 ,(SZ:300278),750
和晶科技 ,(SZ:300279),1303
南通锻压 ,(SZ:300280),368
金明精机 ,(SZ:300281),271
汇冠股份 ,(SZ:300282),505
温州宏丰 ,(SZ:300283),214
苏交科 ,(SZ:300284),855
国瓷材料 ,(SZ:300285),938
安科瑞 ,(SZ:300286),929
飞利信 ,(SZ:300287),661
朗玛信息 ,(SZ:300288),1508
利德曼 ,(SZ:300289),1832
荣科科技 ,(SZ:300290),646
华录百纳 ,(SZ:300291),1593
吴通通讯 ,(SZ:300292),612
蓝英装备 ,(SZ:300293),1044
博雅生物 ,(SZ:300294),2079
三六五网 ,(SZ:300295),1683
利亚德 ,(SZ:300296),3037
蓝盾股份 ,(SZ:300297),1352
三诺生物 ,(SZ:300298),4168
富春通信 ,(SZ:300299),855
汉鼎股份 ,(SZ:300300),993
长方照明 ,(SZ:300301),824
同有科技 ,(SZ:300302),722
聚飞光电 ,(SZ:300303),1319
云意电气 ,(SZ:300304),816
裕兴股份 ,(SZ:300305),276
远方光电 ,(SZ:300306),915
慈星股份 ,(SZ:300307),1186
中际装备 ,(SZ:300308),332
吉艾科技 ,(SZ:300309),1020
宜通世纪 ,(SZ:300310),1069
任子行 ,(SZ:300311),754
邦讯技术 ,(SZ:300312),2782
天山生物 ,(SZ:300313),371
戴维医疗 ,(SZ:300314),1706
掌趣科技 ,(SZ:300315),8933
晶盛机电 ,(SZ:300316),1414
珈伟股份 ,(SZ:300317),558
博晖创新 ,(SZ:300318),2086
麦捷科技 ,(SZ:300319),336
海达股份 ,(SZ:300320),357
同大股份 ,(SZ:300321),396
硕贝德 ,(SZ:300322),5019
华灿光电 ,(SZ:300323),1050
旋极信息 ,(SZ:300324),947
德威新材 ,(SZ:300325),379
凯利泰 ,(SZ:300326),1777
中颖电子 ,(SZ:300327),1495
宜安科技 ,(SZ:300328),1065
海伦钢琴 ,(SZ:300329),1105
华虹计通 ,(SZ:300330),455
苏大维格 ,(SZ:300331),2922
天壕节能 ,(SZ:300332),1358
兆日科技 ,(SZ:300333),1760
津膜科技 ,(SZ:300334),1745
迪森股份 ,(SZ:300335),820
新文化 ,(SZ:300336),1649
银邦股份 ,(SZ:300337),1020
开元仪器 ,(SZ:300338),558
润和软件 ,(SZ:300339),1114
科恒股份 ,(SZ:300340),649
麦迪电气 ,(SZ:300341),438
天银机电 ,(SZ:300342),614
联创节能 ,(SZ:300343),524
太空板业 ,(SZ:300344),569
红宇新材 ,(SZ:300345),221
南大光电 ,(SZ:300346),559
泰格医药 ,(SZ:300347),4340
长亮科技 ,(SZ:300348),427
金卡股份 ,(SZ:300349),906
华鹏飞 ,(SZ:300350),428
永贵电器 ,(SZ:300351),1089
北信源 ,(SZ:300352),1332
东土科技 ,(SZ:300353),571
东华测试 ,(SZ:300354),843
蒙草抗旱 ,(SZ:300355),2016
光一科技 ,(SZ:300356),951
我武生物 ,(SZ:300357),3103
楚天科技 ,(SZ:300358),766
全通教育 ,(SZ:300359),2617
炬华科技 ,(SZ:300360),382
奥赛康 ,(SZ:300361),338
天保重装 ,(SZ:300362),411
博腾股份 ,(SZ:300363),2445
恒华科技 ,(SZ:300365),258
创意信息 ,(SZ:300366),450
东方网力 ,(SZ:300367),1797
汇金股份 ,(SZ:300368),528
绿盟科技 ,(SZ:300369),3297
安控科技 ,(SZ:300370),516
汇中股份 ,(SZ:300371),368
欣泰电气 ,(SZ:300372),179
扬杰科技 ,(SZ:300373),767
鹏翎股份 ,(SZ:300375),312
易事特 ,(SZ:300376),1284
赢时胜 ,(SZ:300377),550
鼎捷软件 ,(SZ:300378),417
东方通 ,(SZ:300379),935
安硕信息 ,(SZ:300380),478
溢多利 ,(SZ:300381),290
斯莱克 ,(SZ:300382),894
光环新网 ,(SZ:300383),2560
三联虹普 ,(SZ:300384),341
雪浪环境 ,(SZ:300385),1064
飞天诚信 ,(SZ:300386),2196
富邦股份 ,(SZ:300387),299
国祯环保 ,(SZ:300388),552
艾比森 ,(SZ:300389),1152
天华超净 ,(SZ:300390),443
康跃科技 ,(SZ:300391),266
腾信股份 ,(SZ:300392),834
中来股份 ,(SZ:300393),383
菲利华 ,(SZ:300395),337
迪瑞医疗 ,(SZ:300396),863
天和防务 ,(SZ:300397),2030
飞凯材料 ,(SZ:300398),16
京天利 ,(SZ:300399),23
劲拓股份 ,(SZ:300400),8
花园生物 ,(SZ:300401),23
宝色股份 ,(SZ:300402),8
浦发银行 ,(SH:600000),48302
白云机场 ,(SH:600004),1902
武钢股份 ,(SH:600005),1013
东风汽车 ,(SH:600006),1650
中国国贸 ,(SH:600007),492
首创股份 ,(SH:600008),1871
上海机场 ,(SH:600009),3807
包钢股份 ,(SH:600010),2708
华能国际 ,(SH:600011),2574
皖通高速 ,(SH:600012),508
华夏银行 ,(SH:600015),3933
民生银行 ,(SH:600016),88926
日照港 ,(SH:600017),731
上港集团 ,(SH:600018),3120
宝钢股份 ,(SH:600019),5678
中原高速 ,(SH:600020),311
上海电力 ,(SH:600021),1021
山东钢铁 ,(SH:600022),477
浙能电力 ,(SH:600023),1276
中海发展 ,(SH:600026),1568
华电国际 ,(SH:600027),1438
中国石化 ,(SH:600028),13349
南方航空 ,(SH:600029),1811
中信证券 ,(SH:600030),16314
三一重工 ,(SH:600031),6733
福建高速 ,(SH:600033),538
楚天高速 ,(SH:600035),231
招商银行 ,(SH:600036),85647
歌华有线 ,(SH:600037),2332
哈飞股份 ,(SH:600038),1583
四川路桥 ,(SH:600039),713
保利地产 ,(SH:600048),7440
中国联通 ,(SH:600050),6709
宁波联合 ,(SH:600051),518
浙江广厦 ,(SH:600052),499
中江地产 ,(SH:600053),290
黄山旅游 ,(SH:600054),1112
华润万东 ,(SH:600055),1025
中国医药 ,(SH:600056),1782
象屿股份 ,(SH:600057),799
五矿发展 ,(SH:600058),915
古越龙山 ,(SH:600059),2896
海信电器 ,(SH:600060),4157
中纺投资 ,(SH:600061),530
华润双鹤 ,(SH:600062),2005
皖维高新 ,(SH:600063),624
南京高科 ,(SH:600064),937
宇通客车 ,(SH:600066),4620
冠城大通 ,(SH:600067),853
葛洲坝 ,(SH:600068),1192
银鸽投资 ,(SH:600069),610
浙江富润 ,(SH:600070),847
凤凰光学 ,(SH:600071),1126
*ST钢构 ,(SH:600072),1022
上海梅林 ,(SH:600073),1599
中达股份 ,(SH:600074),713
*ST新业 ,(SH:600075),536
青鸟华光 ,(SH:600076),364
宋都股份 ,(SH:600077),305
澄星股份 ,(SH:600078),484
人福医药 ,(SH:600079),3061
金花股份 ,(SH:600080),1049
东风科技 ,(SH:600081),794
海泰发展 ,(SH:600082),422
博信股份 ,(SH:600083),160
中葡股份 ,(SH:600084),1016
同仁堂 ,(SH:600085),9251
东方金钰 ,(SH:600086),918
退市长油 ,(SH:600087),936
中视传媒 ,(SH:600088),1417
特变电工 ,(SH:600089),5894
啤酒花 ,(SH:600090),567
ST明科 ,(SH:600091),345
禾嘉股份 ,(SH:600093),419
大名城 ,(SH:600094),247
哈高科 ,(SH:600095),665
云天化 ,(SH:600096),1035
开创国际 ,(SH:600097),373
广州发展 ,(SH:600098),2819
林海股份 ,(SH:600099),440
同方股份 ,(SH:600100),3377
明星电力 ,(SH:600101),454
莱钢股份 ,(SH:600102),9
青山纸业 ,(SH:600103),461
上汽集团 ,(SH:600104),10326
永鼎股份 ,(SH:600105),615
重庆路桥 ,(SH:600106),715
美尔雅 ,(SH:600107),391
亚盛集团 ,(SH:600108),3006
国金证券 ,(SH:600109),5802
中科英华 ,(SH:600110),810
包钢稀土 ,(SH:600111),5876
天成控股 ,(SH:600112),483
浙江东日 ,(SH:600113),505
东睦股份 ,(SH:600114),864
东方航空 ,(SH:600115),1265
三峡水利 ,(SH:600116),490
西宁特钢 ,(SH:600117),467
中国卫星 ,(SH:600118),4255
长江投资 ,(SH:600119),1650
浙江东方 ,(SH:600120),824
郑州煤电 ,(SH:600121),275
宏图高科 ,(SH:600122),1004
兰花科创 ,(SH:600123),1714
铁龙物流 ,(SH:600125),1714
杭钢股份 ,(SH:600126),434
金健米业 ,(SH:600127),745
弘业股份 ,(SH:600128),908
太极集团 ,(SH:600129),1103
波导股份 ,(SH:600130),707
岷江水电 ,(SH:600131),233
重庆啤酒 ,(SH:600132),1223
东湖高新 ,(SH:600133),983
乐凯胶片 ,(SH:600135),1394
道博股份 ,(SH:600136),377
浪莎股份 ,(SH:600137),1512
中青旅 ,(SH:600138),2944
西部资源 ,(SH:600139),1192
兴发集团 ,(SH:600141),795
金发科技 ,(SH:600143),2458
*ST国创 ,(SH:600145),504
大元股份 ,(SH:600146),387
长春一东 ,(SH:600148),402
廊坊发展 ,(SH:600149),2203
中国船舶 ,(SH:600150),3311
航天机电 ,(SH:600151),1915
维科精华 ,(SH:600152),712
建发股份 ,(SH:600153),1910
宝硕股份 ,(SH:600155),1009
华升股份 ,(SH:600156),461
永泰能源 ,(SH:600157),4702
中体产业 ,(SH:600158),3985
大龙地产 ,(SH:600159),332
巨化股份 ,(SH:600160),980
天坛生物 ,(SH:600161),3038
香江控股 ,(SH:600162),547
福建南纸 ,(SH:600163),609
新日恒力 ,(SH:600165),423
福田汽车 ,(SH:600166),1894
联美控股 ,(SH:600167),442
武汉控股 ,(SH:600168),481
太原重工 ,(SH:600169),1574
上海建工 ,(SH:600170),765
上海贝岭 ,(SH:600171),1421
黄河旋风 ,(SH:600172),903
卧龙地产 ,(SH:600173),316
美都控股 ,(SH:600175),1205
中国玻纤 ,(SH:600176),972
雅戈尔 ,(SH:600177),5963
*ST东安 ,(SH:600178),413
黑化股份 ,(SH:600179),311
瑞茂通 ,(SH:600180),4183
S佳通 ,(SH:600182),530
生益科技 ,(SH:600183),1317
光电股份 ,(SH:600184),1612
格力地产 ,(SH:600185),851
莲花味精 ,(SH:600186),572
国中水务 ,(SH:600187),1394
兖州煤业 ,(SH:600188),1073
吉林森工 ,(SH:600189),506
锦州港 ,(SH:600190),308
华资实业 ,(SH:600191),303
长城电工 ,(SH:600192),919
创兴资源 ,(SH:600193),920
中牧股份 ,(SH:600195),1124
复星医药 ,(SH:600196),18282
伊力特 ,(SH:600197),1005
大唐电信 ,(SH:600198),2623
金种子酒 ,(SH:600199),1512
江苏吴中 ,(SH:600200),1783
金宇集团 ,(SH:600201),1294
哈空调 ,(SH:600202),496
福日电子 ,(SH:600203),716
有研新材 ,(SH:600206),812
安彩高科 ,(SH:600207),290
新湖中宝 ,(SH:600208),923
罗顿发展 ,(SH:600209),923
紫江企业 ,(SH:600210),975
西藏药业 ,(SH:600211),893
江泉实业 ,(SH:600212),470
亚星客车 ,(SH:600213),318
长春经开 ,(SH:600215),319
浙江医药 ,(SH:600216),2178
秦岭水泥 ,(SH:600217),1092
全柴动力 ,(SH:600218),609
南山铝业 ,(SH:600219),1763
江苏阳光 ,(SH:600220),1123
海南航空 ,(SH:600221),2083
太龙药业 ,(SH:600222),496
鲁商置业 ,(SH:600223),315
天津松江 ,(SH:600225),728
升华拜克 ,(SH:600226),554
赤天化 ,(SH:600227),244
*ST昌九 ,(SH:600228),2081
青岛碱业 ,(SH:600229),380
沧州大化 ,(SH:600230),503
凌钢股份 ,(SH:600231),241
金鹰股份 ,(SH:600232),366
大杨创世 ,(SH:600233),867
山水文化 ,(SH:600234),1373
民丰特纸 ,(SH:600235),299
桂冠电力 ,(SH:600236),679
铜峰电子 ,(SH:600237),1213
海南椰岛 ,(SH:600238),641
云南城投 ,(SH:600239),722
华业地产 ,(SH:600240),734
时代万恒 ,(SH:600241),234
中昌海运 ,(SH:600242),441
青海华鼎 ,(SH:600243),316
万通地产 ,(SH:600246),826
*ST成城 ,(SH:600247),399
延长化建 ,(SH:600248),294
两面针 ,(SH:600249),716
南纺股份 ,(SH:600250),340
冠农股份 ,(SH:600251),1456
中恒集团 ,(SH:600252),3568
天方药业 ,(SH:600253),92
鑫科材料 ,(SH:600255),825
广汇能源 ,(SH:600256),7460
大湖股份 ,(SH:600257),872
首旅酒店 ,(SH:600258),579
广晟有色 ,(SH:600259),1602
凯乐科技 ,(SH:600260),862
阳光照明 ,(SH:600261),1715
北方股份 ,(SH:600262),955
路桥建设 ,(SH:600263),17
ST景谷 ,(SH:600265),622
北京城建 ,(SH:600266),1248
海正药业 ,(SH:600267),12461
国电南自 ,(SH:600268),1148
赣粤高速 ,(SH:600269),909
外运发展 ,(SH:600270),1983
航天信息 ,(SH:600271),3195
开开实业 ,(SH:600272),529
华芳纺织 ,(SH:600273),553
武昌鱼 ,(SH:600275),389
恒瑞医药 ,(SH:600276),9492
亿利能源 ,(SH:600277),651
东方创业 ,(SH:600278),747
重庆港九 ,(SH:600279),791
中央商场 ,(SH:600280),777
太化股份 ,(SH:600281),186
*ST南钢 ,(SH:600282),330
钱江水利 ,(SH:600283),472
浦东建设 ,(SH:600284),858
羚锐制药 ,(SH:600285),1479
江苏舜天 ,(SH:600287),465
大恒科技 ,(SH:600288),1147
亿阳信通 ,(SH:600289),1268
华仪电气 ,(SH:600290),824
西水股份 ,(SH:600291),867
中电远达 ,(SH:600292),1769
三峡新材 ,(SH:600293),462
鄂尔多斯 ,(SH:600295),560
美罗药业 ,(SH:600297),655
安琪酵母 ,(SH:600298),5515
*ST新材 ,(SH:600299),374
维维股份 ,(SH:600300),1032
ST南化 ,(SH:600301),886
标准股份 ,(SH:600302),243
曙光股份 ,(SH:600303),657
恒顺醋业 ,(SH:600305),2426
*ST商城 ,(SH:600306),513
酒钢宏兴 ,(SH:600307),387
华泰股份 ,(SH:600308),669
万华化学 ,(SH:600309),6255
桂东电力 ,(SH:600310),649
荣华实业 ,(SH:600311),397
平高电气 ,(SH:600312),2542
农发种业 ,(SH:600313),667
上海家化 ,(SH:600315),14467
洪都航空 ,(SH:600316),3719
营口港 ,(SH:600317),2408
巢东股份 ,(SH:600318),341
亚星化学 ,(SH:600319),432
振华重工 ,(SH:600320),1810
国栋建设 ,(SH:600321),337
天房发展 ,(SH:600322),422
瀚蓝环境 ,(SH:600323),1270
华发股份 ,(SH:600325),1493
西藏天路 ,(SH:600326),663
大东方 ,(SH:600327),804
兰太实业 ,(SH:600328),480
中新药业 ,(SH:600329),2680
天通股份 ,(SH:600330),2805
宏达股份 ,(SH:600331),753
白云山 ,(SH:600332),17686
长春燃气 ,(SH:600333),552
国机汽车 ,(SH:600335),1193
澳柯玛 ,(SH:600336),792
美克家居 ,(SH:600337),1063
西藏珠峰 ,(SH:600338),512
天利高新 ,(SH:600339),698
华夏幸福 ,(SH:600340),3589
航天动力 ,(SH:600343),1706
长江通信 ,(SH:600345),1089
大橡塑 ,(SH:600346),398
阳泉煤业 ,(SH:600348),1167
山东高速 ,(SH:600350),561
亚宝药业 ,(SH:600351),1287
浙江龙盛 ,(SH:600352),6889
旭光股份 ,(SH:600353),349
敦煌种业 ,(SH:600354),1124
精伦电子 ,(SH:600355),1632
恒丰纸业 ,(SH:600356),463
国旅联合 ,(SH:600358),348
新农开发 ,(SH:600359),600
华微电子 ,(SH:600360),560
华联综超 ,(SH:600361),448
江西铜业 ,(SH:600362),4783
联创光电 ,(SH:600363),1046
通葡股份 ,(SH:600365),306
宁波韵升 ,(SH:600366),1737
红星发展 ,(SH:600367),744
五洲交通 ,(SH:600368),424
西南证券 ,(SH:600369),770
三房巷 ,(SH:600370),406
万向德农 ,(SH:600371),1288
中航电子 ,(SH:600372),2918
中文传媒 ,(SH:600373),1373
华菱星马 ,(SH:600375),780
首开股份 ,(SH:600376),1140
宁沪高速 ,(SH:600377),2118
天科股份 ,(SH:600378),692
宝光股份 ,(SH:600379),241
健康元 ,(SH:600380),1125
*ST贤成 ,(SH:600381),554
广东明珠 ,(SH:600382),971
金地集团 ,(SH:600383),2860
ST金泰 ,(SH:600385),444
北巴传媒 ,(SH:600386),691
海越股份 ,(SH:600387),2679
龙净环保 ,(SH:600388),4377
江山股份 ,(SH:600389),1339
金瑞科技 ,(SH:600390),3215
成发科技 ,(SH:600391),1807
盛和资源 ,(SH:600392),743
东华实业 ,(SH:600393),172
盘江股份 ,(SH:600395),1229
金山股份 ,(SH:600396),639
安源煤业 ,(SH:600397),585
海澜之家 ,(SH:600398),1156
抚顺特钢 ,(SH:600399),1580
红豆股份 ,(SH:600400),567
海润光伏 ,(SH:600401),3292
大有能源 ,(SH:600403),423
动力源 ,(SH:600405),2820
国电南瑞 ,(SH:600406),4938
安泰集团 ,(SH:600408),384
三友化工 ,(SH:600409),799
华胜天成 ,(SH:600410),2046
小商品城 ,(SH:600415),1389
湘电股份 ,(SH:600416),1602
江淮汽车 ,(SH:600418),4655
天润乳业 ,(SH:600419),502
现代制药 ,(SH:600420),1181
仰帆控股 ,(SH:600421),344
昆明制药 ,(SH:600422),1985
柳化股份 ,(SH:600423),246
青松建化 ,(SH:600425),1000
华鲁恒升 ,(SH:600426),1140
中远航运 ,(SH:600428),1664
三元股份 ,(SH:600429),1814
吉恩镍业 ,(SH:600432),2309
冠豪高新 ,(SH:600433),1422
北方导航 ,(SH:600435),3733
片仔癀 ,(SH:600436),8898
通威股份 ,(SH:600438),832
瑞贝卡 ,(SH:600439),1551
国通管业 ,(SH:600444),260
金证股份 ,(SH:600446),3044
华纺股份 ,(SH:600448),270
宁夏建材 ,(SH:600449),633
涪陵电力 ,(SH:600452),303
博通股份 ,(SH:600455),504
宝钛股份 ,(SH:600456),2500
时代新材 ,(SH:600458),1317
贵研铂业 ,(SH:600459),4056
士兰微 ,(SH:600460),1753
洪城水业 ,(SH:600461),409
石岘纸业 ,(SH:600462),203
空港股份 ,(SH:600463),358
迪康药业 ,(SH:600466),610
好当家 ,(SH:600467),1021
百利电气 ,(SH:600468),763
风神股份 ,(SH:600469),485
六国化工 ,(SH:600470),540
华光股份 ,(SH:600475),583
湘邮科技 ,(SH:600476),1045
杭萧钢构 ,(SH:600477),453
科力远 ,(SH:600478),2394
千金药业 ,(SH:600479),1968
凌云股份 ,(SH:600480),1149
双良节能 ,(SH:600481),1406
风帆股份 ,(SH:600482),1636
福建南纺 ,(SH:600483),434
中创信测 ,(SH:600485),1361
扬农化工 ,(SH:600486),1114
亨通光电 ,(SH:600487),650
天药股份 ,(SH:600488),403
中金黄金 ,(SH:600489),2365
鹏欣资源 ,(SH:600490),902
龙元建设 ,(SH:600491),261
凤竹纺织 ,(SH:600493),470
晋西车轴 ,(SH:600495),2043
精工钢构 ,(SH:600496),521
驰宏锌锗 ,(SH:600497),1794
烽火通信 ,(SH:600498),2727
科达洁能 ,(SH:600499),6250
中化国际 ,(SH:600500),1011
航天晨光 ,(SH:600501),1126
安徽水利 ,(SH:600502),799
华丽家族 ,(SH:600503),1368
西昌电力 ,(SH:600505),211
香梨股份 ,(SH:600506),688
方大特钢 ,(SH:600507),615
上海能源 ,(SH:600508),458
天富能源 ,(SH:600509),1688
黑牡丹 ,(SH:600510),388
国药股份 ,(SH:600511),1920
腾达建设 ,(SH:600512),273
联环药业 ,(SH:600513),700
海岛建设 ,(SH:600515),763
方大炭素 ,(SH:600516),2670
置信电气 ,(SH:600517),1143
康美药业 ,(SH:600518),7430
贵州茅台 ,(SH:600519),87488
中发科技 ,(SH:600520),501
华海药业 ,(SH:600521),8886
中天科技 ,(SH:600522),2639
贵航股份 ,(SH:600523),1249
长园集团 ,(SH:600525),1330
菲达环保 ,(SH:600526),1980
江南高纤 ,(SH:600527),1241
中铁二局 ,(SH:600528),759
山东药玻 ,(SH:600529),651
交大昂立 ,(SH:600530),439
豫光金铅 ,(SH:600531),821
宏达矿业 ,(SH:600532),249
栖霞建设 ,(SH:600533),225
天士力 ,(SH:600535),9516
中国软件 ,(SH:600536),3283
亿晶光电 ,(SH:600537),3692
国发股份 ,(SH:600538),387
狮头股份 ,(SH:600539),280
新赛股份 ,(SH:600540),375
莫高股份 ,(SH:600543),947
新疆城建 ,(SH:600545),1572
山煤国际 ,(SH:600546),908
山东黄金 ,(SH:600547),3370
深高速 ,(SH:600548),470
厦门钨业 ,(SH:600549),2496
*ST天威 ,(SH:600550),1845
时代出版 ,(SH:600551),1841
方兴科技 ,(SH:600552),466
九龙山 ,(SH:600555),369
北生药业 ,(SH:600556),1072
康缘药业 ,(SH:600557),3190
大西洋 ,(SH:600558),368
老白干酒 ,(SH:600559),1327
金自天正 ,(SH:600560),524
江西长运 ,(SH:600561),473
国睿科技 ,(SH:600562),2418
法拉电子 ,(SH:600563),1756
迪马股份 ,(SH:600565),386
洪城股份 ,(SH:600566),714
山鹰纸业 ,(SH:600567),524
中珠控股 ,(SH:600568),1117
安阳钢铁 ,(SH:600569),313
恒生电子 ,(SH:600570),4307
信雅达 ,(SH:600571),837
康恩贝 ,(SH:600572),1882
惠泉啤酒 ,(SH:600573),552
皖江物流 ,(SH:600575),650
万好万家 ,(SH:600576),739
精达股份 ,(SH:600577),344
京能电力 ,(SH:600578),933
天华院 ,(SH:600579),242
卧龙电气 ,(SH:600580),972
八一钢铁 ,(SH:600581),341
天地科技 ,(SH:600582),964
海油工程 ,(SH:600583),3189
长电科技 ,(SH:600584),2656
海螺水泥 ,(SH:600585),8563
金晶科技 ,(SH:600586),758
新华医疗 ,(SH:600587),2676
用友软件 ,(SH:600588),4256
广东榕泰 ,(SH:600589),405
泰豪科技 ,(SH:600590),749
龙溪股份 ,(SH:600592),867
大连圣亚 ,(SH:600593),319
益佰制药 ,(SH:600594),1602
中孚实业 ,(SH:600595),886
新安股份 ,(SH:600596),1840
光明乳业 ,(SH:600597),5835
*ST大荒 ,(SH:600598),5227
熊猫烟花 ,(SH:600599),1734
青岛啤酒 ,(SH:600600),5003
方正科技 ,(SH:600601),1089
仪电电子 ,(SH:600602),809
大洲兴业 ,(SH:600603),445
市北高新 ,(SH:600604),562
汇通能源 ,(SH:600605),321
金丰投资 ,(SH:600606),1832
上海科技 ,(SH:600608),422
金杯汽车 ,(SH:600609),439
S*ST中纺 ,(SH:600610),158
大众交通 ,(SH:600611),1194
老凤祥 ,(SH:600612),1652
神奇制药 ,(SH:600613),1155
鼎立股份 ,(SH:600614),467
丰华股份 ,(SH:600615),454
金枫酒业 ,(SH:600616),832
国新能源 ,(SH:600617),309
氯碱化工 ,(SH:600618),477
海立股份 ,(SH:600619),354
天宸股份 ,(SH:600620),1455
华鑫股份 ,(SH:600621),431
嘉宝集团 ,(SH:600622),376
双钱股份 ,(SH:600623),547
复旦复华 ,(SH:600624),1373
申达股份 ,(SH:600626),1208
新世界 ,(SH:600628),1064
棱光实业 ,(SH:600629),316
龙头股份 ,(SH:600630),928
浙报传媒 ,(SH:600633),4749
中技控股 ,(SH:600634),547
大众公用 ,(SH:600635),1132
三爱富 ,(SH:600636),1586
百视通 ,(SH:600637),7231
新黄浦 ,(SH:600638),560
浦东金桥 ,(SH:600639),1212
号百控股 ,(SH:600640),1974
万业企业 ,(SH:600641),267
申能股份 ,(SH:600642),1673
爱建股份 ,(SH:600643),2353
乐山电力 ,(SH:600644),507
中源协和 ,(SH:600645),3081
同达创业 ,(SH:600647),235
外高桥 ,(SH:600648),3167
城投控股 ,(SH:600649),1557
锦江投资 ,(SH:600650),782
飞乐音响 ,(SH:600651),879
爱使股份 ,(SH:600652),1004
申华控股 ,(SH:600653),470
飞乐股份 ,(SH:600654),754
豫园商城 ,(SH:600655),1921
博元投资 ,(SH:600656),398
信达地产 ,(SH:600657),428
电子城 ,(SH:600658),588
福耀玻璃 ,(SH:600660),9533
新南洋 ,(SH:600661),1495
强生控股 ,(SH:600662),1121
陆家嘴 ,(SH:600663),1582
哈药股份 ,(SH:600664),1659
天地源 ,(SH:600665),502
西南药业 ,(SH:600666),1817
太极实业 ,(SH:600667),924
尖峰集团 ,(SH:600668),1453
天目药业 ,(SH:600671),378
东阳光科 ,(SH:600673),1210
川投能源 ,(SH:600674),3226
中华企业 ,(SH:600675),1001
交运股份 ,(SH:600676),428
航天通信 ,(SH:600677),1975
四川金顶 ,(SH:600678),306
金山开发 ,(SH:600679),676
上海普天 ,(SH:600680),1533
万鸿集团 ,(SH:600681),288
南京新百 ,(SH:600682),414
京投银泰 ,(SH:600683),757
珠江实业 ,(SH:600684),780
广船国际 ,(SH:600685),1013
金龙汽车 ,(SH:600686),862
刚泰控股 ,(SH:600687),368
上海石化 ,(SH:600688),1705
*ST三毛 ,(SH:600689),531
青岛海尔 ,(SH:600690),6410
阳煤化工 ,(SH:600691),558
亚通股份 ,(SH:600692),680
东百集团 ,(SH:600693),315
大商股份 ,(SH:600694),3014
大江股份 ,(SH:600695),371
多伦股份 ,(SH:600696),613
欧亚集团 ,(SH:600697),808
湖南天雁 ,(SH:600698),711
均胜电子 ,(SH:600699),4683
工大高新 ,(SH:600701),492
沱牌舍得 ,(SH:600702),1645
三安光电 ,(SH:600703),3712
物产中大 ,(SH:600704),1524
中航资本 ,(SH:600705),3227
曲江文旅 ,(SH:600706),686
彩虹股份 ,(SH:600707),2052
海博股份 ,(SH:600708),1193
常林股份 ,(SH:600710),344
盛屯矿业 ,(SH:600711),1103
南宁百货 ,(SH:600712),274
南京医药 ,(SH:600713),1418
金瑞矿业 ,(SH:600714),294
松辽汽车 ,(SH:600715),833
凤凰股份 ,(SH:600716),483
天津港 ,(SH:600717),2055
东软集团 ,(SH:600718),5117
大连热电 ,(SH:600719),316
祁连山 ,(SH:600720),838
百花村 ,(SH:600721),244
金牛化工 ,(SH:600722),334
首商股份 ,(SH:600723),424
宁波富达 ,(SH:600724),229
云维股份 ,(SH:600725),627
华电能源 ,(SH:600726),515
鲁北化工 ,(SH:600727),229
佳都科技 ,(SH:600728),737
重庆百货 ,(SH:600729),1123
中国高科 ,(SH:600730),673
湖南海利 ,(SH:600731),285
上海新梅 ,(SH:600732),670
S前锋 ,(SH:600733),298
实达集团 ,(SH:600734),250
新华锦 ,(SH:600735),450
苏州高新 ,(SH:600736),1495
中粮屯河 ,(SH:600737),1413
兰州民百 ,(SH:600738),291
辽宁成大 ,(SH:600739),4541
山西焦化 ,(SH:600740),415
华域汽车 ,(SH:600741),3042
一汽富维 ,(SH:600742),962
华远地产 ,(SH:600743),863
华银电力 ,(SH:600744),218
中茵股份 ,(SH:600745),310
江苏索普 ,(SH:600746),425
大连控股 ,(SH:600747),1758
上实发展 ,(SH:600748),725
西藏旅游 ,(SH:600749),1202
江中药业 ,(SH:600750),6862
天津海运 ,(SH:600751),1186
东方银星 ,(SH:600753),239
锦江股份 ,(SH:600754),1984
厦门国贸 ,(SH:600755),1184
浪潮软件 ,(SH:600756),4126
长江传媒 ,(SH:600757),558
红阳能源 ,(SH:600758),185
洲际油气 ,(SH:600759),1020
中航黑豹 ,(SH:600760),1883
安徽合力 ,(SH:600761),1947
通策医疗 ,(SH:600763),4272
中电广通 ,(SH:600764),226
中航重机 ,(SH:600765),3275
园城黄金 ,(SH:600766),260
运盛实业 ,(SH:600767),1044
宁波富邦 ,(SH:600768),383
祥龙电业 ,(SH:600769),367
综艺股份 ,(SH:600770),1428
广誉远 ,(SH:600771),2594
西藏城投 ,(SH:600773),1026
汉商集团 ,(SH:600774),200
南京熊猫 ,(SH:600775),943
东方通信 ,(SH:600776),890
新潮实业 ,(SH:600777),594
友好集团 ,(SH:600778),613
水井坊 ,(SH:600779),1468
通宝能源 ,(SH:600780),355
辅仁药业 ,(SH:600781),908
新钢股份 ,(SH:600782),380
鲁信创投 ,(SH:600783),2049
鲁银投资 ,(SH:600784),534
新华百货 ,(SH:600785),906
中储股份 ,(SH:600787),2191
鲁抗医药 ,(SH:600789),1285
轻纺城 ,(SH:600790),1569
京能置业 ,(SH:600791),222
云煤能源 ,(SH:600792),273
ST宜纸 ,(SH:600793),204
保税科技 ,(SH:600794),829
国电电力 ,(SH:600795),3322
钱江生化 ,(SH:600796),303
浙大网新 ,(SH:600797),1930
宁波海运 ,(SH:600798),881
天津磁卡 ,(SH:600800),802
华新水泥 ,(SH:600801),1088
福建水泥 ,(SH:600802),584
威远生化 ,(SH:600803),802
鹏博士 ,(SH:600804),5205
悦达投资 ,(SH:600805),2473
昆明机床 ,(SH:600806),298
天业股份 ,(SH:600807),239
马钢股份 ,(SH:600808),587
山西汾酒 ,(SH:600809),3733
神马股份 ,(SH:600810),615
东方集团 ,(SH:600811),1109
华北制药 ,(SH:600812),1110
杭州解百 ,(SH:600814),395
厦工股份 ,(SH:600815),450
安信信托 ,(SH:600816),1643
ST宏盛 ,(SH:600817),582
中路股份 ,(SH:600818),508
耀皮玻璃 ,(SH:600819),310
隧道股份 ,(SH:600820),2177
津劝业 ,(SH:600821),306
上海物贸 ,(SH:600822),1200
世茂股份 ,(SH:600823),1015
益民集团 ,(SH:600824),666
新华传媒 ,(SH:600825),2305
兰生股份 ,(SH:600826),2338
百联股份 ,(SH:600827),2507
成商集团 ,(SH:600828),339
三精制药 ,(SH:600829),677
香溢融通 ,(SH:600830),1443
广电网络 ,(SH:600831),925
东方明珠 ,(SH:600832),3554
第一医药 ,(SH:600833),764
申通地铁 ,(SH:600834),484
上海机电 ,(SH:600835),2808
界龙实业 ,(SH:600836),615
海通证券 ,(SH:600837),7183
上海九百 ,(SH:600838),746
四川长虹 ,(SH:600839),4326
上柴股份 ,(SH:600841),311
上工申贝 ,(SH:600843),533
丹化科技 ,(SH:600844),817
宝信软件 ,(SH:600845),525
同济科技 ,(SH:600846),2267
万里股份 ,(SH:600847),107
自仪股份 ,(SH:600848),358
华东电脑 ,(SH:600850),505
海欣股份 ,(SH:600851),896
龙建股份 ,(SH:600853),318
春兰股份 ,(SH:600854),453
航天长峰 ,(SH:600855),2262
长百集团 ,(SH:600856),290
工大首创 ,(SH:600857),1640
银座股份 ,(SH:600858),929
王府井 ,(SH:600859),2156
*ST京城 ,(SH:600860),441
北京城乡 ,(SH:600861),504
南通科技 ,(SH:600862),741
内蒙华电 ,(SH:600863),1970
哈投股份 ,(SH:600864),560
百大集团 ,(SH:600865),334
星湖科技 ,(SH:600866),1026
通化东宝 ,(SH:600867),6024
梅雁吉祥 ,(SH:600868),694
智慧能源 ,(SH:600869),1200
厦华电子 ,(SH:600870),937
*ST仪化 ,(SH:600871),571
中炬高新 ,(SH:600872),2903
梅花生物 ,(SH:600873),1030
创业环保 ,(SH:600874),1230
东方电气 ,(SH:600875),3539
洛阳玻璃 ,(SH:600876),344
中国嘉陵 ,(SH:600877),1403
航天电子 ,(SH:600879),3031
博瑞传播 ,(SH:600880),4408
亚泰集团 ,(SH:600881),884
华联矿业 ,(SH:600882),275
博闻科技 ,(SH:600883),335
杉杉股份 ,(SH:600884),2529
宏发股份 ,(SH:600885),977
国投电力 ,(SH:600886),28113
伊利股份 ,(SH:600887),21849
新疆众和 ,(SH:600888),534
南京化纤 ,(SH:600889),534
中房股份 ,(SH:600890),342
秋林集团 ,(SH:600891),346
宝诚股份 ,(SH:600892),581
航空动力 ,(SH:600893),4377
广日股份 ,(SH:600894),625
张江高科 ,(SH:600895),1723
中海海盛 ,(SH:600896),458
厦门空港 ,(SH:600897),793
三联商社 ,(SH:600898),886
长江电力 ,(SH:600900),6609
重庆燃气 ,(SH:600917),265
渤海活塞 ,(SH:600960),332
株冶集团 ,(SH:600961),534
国投中鲁 ,(SH:600962),364
岳阳林纸 ,(SH:600963),696
福成五丰 ,(SH:600965),1792
博汇纸业 ,(SH:600966),518
北方创业 ,(SH:600967),1654
郴电国际 ,(SH:600969),226
中材国际 ,(SH:600970),1354
恒源煤电 ,(SH:600971),397
宝胜股份 ,(SH:600973),460
新五丰 ,(SH:600975),493
武汉健民 ,(SH:600976),2839
宜华木业 ,(SH:600978),1512
广安爱众 ,(SH:600979),375
北矿磁材 ,(SH:600980),581
汇鸿股份 ,(SH:600981),156
宁波热电 ,(SH:600982),525
合肥三洋 ,(SH:600983),651
建设机械 ,(SH:600984),209
雷鸣科化 ,(SH:600985),295
科达股份 ,(SH:600986),240
航民股份 ,(SH:600987),597
赤峰黄金 ,(SH:600988),731
四创电子 ,(SH:600990),1768
广汽长丰 ,(SH:600991),25
贵绳股份 ,(SH:600992),198
马应龙 ,(SH:600993),2887
文山电力 ,(SH:600995),414
开滦股份 ,(SH:600997),437
九州通 ,(SH:600998),2461
招商证券 ,(SH:600999),4364
唐山港 ,(SH:601000),3034
大同煤业 ,(SH:601001),951
晋亿实业 ,(SH:601002),1966
柳钢股份 ,(SH:601003),196
重庆钢铁 ,(SH:601005),328
大秦铁路 ,(SH:601006),9470
金陵饭店 ,(SH:601007),552
连云港 ,(SH:601008),2308
南京银行 ,(SH:601009),1640
文峰股份 ,(SH:601010),762
宝泰隆 ,(SH:601011),312
隆基股份 ,(SH:601012),2371
节能风电 ,(SH:601016),445
宁波港 ,(SH:601018),1800
玉龙股份 ,(SH:601028),820
一拖股份 ,(SH:601038),1029
赛轮股份 ,(SH:601058),613
中国神华 ,(SH:601088),10691
中南传媒 ,(SH:601098),1834
太平洋 ,(SH:601099),1292
恒立油缸 ,(SH:601100),521
昊华能源 ,(SH:601101),581
中国一重 ,(SH:601106),1270
四川成渝 ,(SH:601107),388
中国国航 ,(SH:601111),1530
华鼎股份 ,(SH:601113),205
三江购物 ,(SH:601116),283
中国化学 ,(SH:601117),3548
海南橡胶 ,(SH:601118),3231
四方股份 ,(SH:601126),1817
博威合金 ,(SH:601137),384
深圳燃气 ,(SH:601139),1102
重庆水务 ,(SH:601158),1387
兴业银行 ,(SH:601166),83161
西部矿业 ,(SH:601168),1244
北京银行 ,(SH:601169),3681
杭齿前进 ,(SH:601177),335
中国西电 ,(SH:601179),4054
中国铁建 ,(SH:601186),2336
龙江交通 ,(SH:601188),340
江南水务 ,(SH:601199),418
东材科技 ,(SH:601208),1109
内蒙君正 ,(SH:601216),2958
吉鑫科技 ,(SH:601218),800
林洋电子 ,(SH:601222),1158
陕西煤业 ,(SH:601225),592
环旭电子 ,(SH:601231),2318
桐昆股份 ,(SH:601233),737
广汽集团 ,(SH:601238),1648
庞大集团 ,(SH:601258),1055
*ST二重 ,(SH:601268),376
农业银行 ,(SH:601288),4572
中国北车 ,(SH:601299),4392
骆驼股份 ,(SH:601311),1324
江南嘉捷 ,(SH:601313),904
中国平安 ,(SH:601318),63492
交通银行 ,(SH:601328),7801
广深铁路 ,(SH:601333),1981
新华保险 ,(SH:601336),2128
百隆东方 ,(SH:601339),379
陕鼓动力 ,(SH:601369),2935
兴业证券 ,(SH:601377),1592
怡球资源 ,(SH:601388),547
中国中铁 ,(SH:601390),1828
工商银行 ,(SH:601398),9358
东风股份 ,(SH:601515),933
吉林高速 ,(SH:601518),208
大智慧 ,(SH:601519),2209
东吴证券 ,(SH:601555),1203
*ST锐电 ,(SH:601558),1048
九牧王 ,(SH:601566),1306
三星电气 ,(SH:601567),551
会稽山 ,(SH:601579),812
北辰实业 ,(SH:601588),397
鹿港科技 ,(SH:601599),284
中国铝业 ,(SH:601600),1931
中国太保 ,(SH:601601),2794
上海医药 ,(SH:601607),5216
中信重工 ,(SH:601608),776
广电电气 ,(SH:601616),580
中国中冶 ,(SH:601618),995
中国人寿 ,(SH:601628),5121
长城汽车 ,(SH:601633),11391
旗滨集团 ,(SH:601636),383
平煤股份 ,(SH:601666),554
中国建筑 ,(SH:601668),8952
中国电建 ,(SH:601669),1188
明泰铝业 ,(SH:601677),627
滨化股份 ,(SH:601678),729
华泰证券 ,(SH:601688),2644
潞安环能 ,(SH:601699),1813
风范股份 ,(SH:601700),460
郑煤机 ,(SH:601717),999
际华集团 ,(SH:601718),955
上海电气 ,(SH:601727),1486
中国南车 ,(SH:601766),5189
力帆股份 ,(SH:601777),1400
光大证券 ,(SH:601788),2812
宁波建工 ,(SH:601789),388
蓝科高新 ,(SH:601798),696
星宇股份 ,(SH:601799),536
中国交建 ,(SH:601800),1089
皖新传媒 ,(SH:601801),708
中海油服 ,(SH:601808),3747
光大银行 ,(SH:601818),4837
中国石油 ,(SH:601857),5304
中海集运 ,(SH:601866),1590
招商轮船 ,(SH:601872),2071
正泰电器 ,(SH:601877),1513
大连港 ,(SH:601880),1132
江河创建 ,(SH:601886),1329
中国国旅 ,(SH:601888),3886
亚星锚链 ,(SH:601890),770
中煤能源 ,(SH:601898),987
紫金矿业 ,(SH:601899),2475
方正证券 ,(SH:601901),2461
京运通 ,(SH:601908),1063
国投新集 ,(SH:601918),923
中国远洋 ,(SH:601919),3371
凤凰传媒 ,(SH:601928),3151
吉视传媒 ,(SH:601929),946
永辉超市 ,(SH:601933),8194
建设银行 ,(SH:601939),5459
金钼股份 ,(SH:601958),1048
中国汽研 ,(SH:601965),1838
中国银行 ,(SH:601988),5936
中国重工 ,(SH:601989),12627
大唐发电 ,(SH:601991),723
金隅股份 ,(SH:601992),1227
丰林集团 ,(SH:601996),533
中信银行 ,(SH:601998),7183
出版传媒 ,(SH:601999),731
人民网 ,(SH:603000),4184
奥康国际 ,(SH:603001),850
宏昌电子 ,(SH:603002),486
龙宇燃油 ,(SH:603003),533
晶方科技 ,(SH:603005),2658
联明股份 ,(SH:603006),438
喜临门 ,(SH:603008),810
北特科技 ,(SH:603009),713
万盛股份 ,(SH:603010),5
设计股份 ,(SH:603018),10
和邦股份 ,(SH:603077),772
长白山 ,(SH:603099),843
川仪股份 ,(SH:603100),506
康尼机电 ,(SH:603111),2348
翠微股份 ,(SH:603123),390
中材节能 ,(SH:603126),645
华贸物流 ,(SH:603128),816
渤海轮渡 ,(SH:603167),1133
莎普爱思 ,(SH:603168),1554
兰石重装 ,(SH:603169),7
亚邦股份 ,(SH:603188),652
海天味业 ,(SH:603288),5149
华懋科技 ,(SH:603306),187
应流股份 ,(SH:603308),644
依顿电子 ,(SH:603328),842
明星电缆 ,(SH:603333),228
日出东方 ,(SH:603366),870
今世缘 ,(SH:603369),439
新华龙 ,(SH:603399),554
九洲药业 ,(SH:603456),23
贵人鸟 ,(SH:603555),372
东方电缆 ,(SH:603606),11
禾丰牧业 ,(SH:603609),595
石英股份 ,(SH:603688),9
纽威股份 ,(SH:603699),811
隆鑫通用 ,(SH:603766),924
福斯特 ,(SH:603806),615
洛阳钼业 ,(SH:603993),900
