Name,粉丝数
平安银行 (SZ:000001),14226
万科A (SZ:000002),38100
国农科技 (SZ:000004),723
世纪星源 (SZ:000005),248
深振业A (SZ:000006),610
零七股份 (SZ:000007),451
宝利来 (SZ:000008),232
中国宝安 (SZ:000009),3114
深华新 (SZ:000010),483
深物业A (SZ:000011),413
南玻A (SZ:000012),2037
沙河股份 (SZ:000014),626
深康佳A (SZ:000016),732
深中华A (SZ:000017),247
中冠A (SZ:000018),158
深深宝A (SZ:000019),338
深华发A (SZ:000020),141
长城开发 (SZ:000021),724
深赤湾A (SZ:000022),799
深天地A (SZ:000023),94
招商地产 (SZ:000024),3788
特力A (SZ:000025),342
飞亚达A (SZ:000026),843
深圳能源 (SZ:000027),974
国药一致 (SZ:000028),1898
深深房A (SZ:000029),247
富奥股份 (SZ:000030),416
中粮地产 (SZ:000031),1415
深桑达A (SZ:000032),271
*ST新都 (SZ:000033),283
深信泰丰 (SZ:000034),416
中国天楹 (SZ:000035),476
华联控股 (SZ:000036),533
深南电A (SZ:000037),126
深大通 (SZ:000038),218
中集集团 (SZ:000039),3829
宝安地产 (SZ:000040),146
中洲控股 (SZ:000042),290
中航地产 (SZ:000043),549
深纺织A (SZ:000045),501
泛海控股 (SZ:000046),472
康达尔 (SZ:000048),265
德赛电池 (SZ:000049),3263
深天马A (SZ:000050),4802
方大集团 (SZ:000055),461
深国商 (SZ:000056),569
深赛格 (SZ:000058),554
华锦股份 (SZ:000059),1352
中金岭南 (SZ:000060),1425
农产品 (SZ:000061),1391
深圳华强 (SZ:000062),1408
中兴通讯 (SZ:000063),9987
北方国际 (SZ:000065),584
长城电脑 (SZ:000066),563
华控赛格 (SZ:000068),595
华侨城A (SZ:000069),3886
特发信息 (SZ:000070),289
海王生物 (SZ:000078),1204
盐田港 (SZ:000088),1413
深圳机场 (SZ:000089),832
天健集团 (SZ:000090),492
广聚能源 (SZ:000096),873
中信海直 (SZ:000099),1572
TCL集团 (SZ:000100),7611
宜华地产 (SZ:000150),380
中成股份 (SZ:000151),882
丰原药业 (SZ:000153),410
川化股份 (SZ:000155),410
华数传媒 (SZ:000156),3485
中联重科 (SZ:000157),5626
常山股份 (SZ:000158),309
国际实业 (SZ:000159),1035
东方市场 (SZ:000301),360
美的集团 (SZ:000333),6729
潍柴动力 (SZ:000338),4178
许继电气 (SZ:000400),3029
冀东水泥 (SZ:000401),1175
金融街 (SZ:000402),3108
*ST生化 (SZ:000403),3141
华意压缩 (SZ:000404),733
胜利股份 (SZ:000407),605
金谷源 (SZ:000408),167
山东地矿 (SZ:000409),451
沈阳机床 (SZ:000410),1199
英特集团 (SZ:000411),289
东旭光电 (SZ:000413),3028
渤海租赁 (SZ:000415),1365
民生控股 (SZ:000416),572
合肥百货 (SZ:000417),923
小天鹅A (SZ:000418),919
通程控股 (SZ:000419),791
吉林化纤 (SZ:000420),403
南京中北 (SZ:000421),294
湖北宜化 (SZ:000422),900
东阿阿胶 (SZ:000423),11625
徐工机械 (SZ:000425),1975
兴业矿业 (SZ:000426),581
华天酒店 (SZ:000428),729
粤高速A (SZ:000429),237
张家界 (SZ:000430),532
晨鸣纸业 (SZ:000488),836
山东路桥 (SZ:000498),251
鄂武商A (SZ:000501),1958
绿景控股 (SZ:000502),689
海虹控股 (SZ:000503),2689
*ST传媒 (SZ:000504),280
珠江控股 (SZ:000505),577
中润资源 (SZ:000506),364
珠海港 (SZ:000507),1235
华塑控股 (SZ:000509),1001
金路集团 (SZ:000510),1820
烯碳新材 (SZ:000511),3985
丽珠集团 (SZ:000513),1764
渝开发 (SZ:000514),511
开元投资 (SZ:000516),2046
荣安地产 (SZ:000517),156
四环生物 (SZ:000518),909
江南红箭 (SZ:000519),901
*ST凤凰 (SZ:000520),347
美菱电器 (SZ:000521),1210
白云山A (SZ:000522),526
广州浪奇 (SZ:000523),918
东方宾馆 (SZ:000524),341
红太阳 (SZ:000525),999
银润投资 (SZ:000526),362
美的电器 (SZ:000527),1797
柳工 (SZ:000528),1106
广弘控股 (SZ:000529),898
大冷股份 (SZ:000530),1695
穗恒运A (SZ:000531),708
力合股份 (SZ:000532),990
万家乐 (SZ:000533),735
万泽股份 (SZ:000534),293
华映科技 (SZ:000536),922
广宇发展 (SZ:000537),771
云南白药 (SZ:000538),13690
粤电力A (SZ:000539),733
中天城投 (SZ:000540),955
佛山照明 (SZ:000541),2534
皖能电力 (SZ:000543),874
中原环保 (SZ:000544),420
金浦钛业 (SZ:000545),566
光华控股 (SZ:000546),279
闽福发A (SZ:000547),592
湖南投资 (SZ:000548),416
江铃汽车 (SZ:000550),2568
创元科技 (SZ:000551),877
靖远煤电 (SZ:000552),433
沙隆达A (SZ:000553),1225
泰山石油 (SZ:000554),3343
神州信息 (SZ:000555),2064
*ST广夏 (SZ:000557),130
莱茵置业 (SZ:000558),237
万向钱潮 (SZ:000559),18015
昆百大A (SZ:000560),187
烽火电子 (SZ:000561),644
宏源证券 (SZ:000562),3142
陕国投A (SZ:000563),835
西安民生 (SZ:000564),148
渝三峡A (SZ:000565),640
海南海药 (SZ:000566),883
海德股份 (SZ:000567),240
泸州老窖 (SZ:000568),19877
苏常柴A (SZ:000570),425
新大洲A (SZ:000571),435
海马汽车 (SZ:000572),1310
粤宏远A (SZ:000573),214
广东甘化 (SZ:000576),331
威孚高科 (SZ:000581),2755
北部湾港 (SZ:000582),389
友利控股 (SZ:000584),540
东北电气 (SZ:000585),507
汇源通信 (SZ:000586),400
金叶珠宝 (SZ:000587),623
黔轮胎A (SZ:000589),392
紫光古汉 (SZ:000590),911
桐君阁 (SZ:000591),936
平潭发展 (SZ:000592),3048
大通燃气 (SZ:000593),315
*ST国恒 (SZ:000594),418
西北轴承 (SZ:000595),485
古井贡酒 (SZ:000596),2322
东北制药 (SZ:000597),1797
兴蓉投资 (SZ:000598),3022
青岛双星 (SZ:000599),461
建投能源 (SZ:000600),1022
韶能股份 (SZ:000601),627
金马退市 (SZ:000602),72
盛达矿业 (SZ:000603),550
渤海股份 (SZ:000605),312
青海明胶 (SZ:000606),558
华智控股 (SZ:000607),775
阳光股份 (SZ:000608),276
绵世股份 (SZ:000609),906
西安旅游 (SZ:000610),432
四海股份 (SZ:000611),244
焦作万方 (SZ:000612),1113
大东海A (SZ:000613),315
湖北金环 (SZ:000615),336
亿城投资 (SZ:000616),1133
石油济柴 (SZ:000617),343
海螺型材 (SZ:000619),505
新华联 (SZ:000620),773
恒立实业 (SZ:000622),333
吉林敖东 (SZ:000623),4484
长安汽车 (SZ:000625),9469
如意集团 (SZ:000626),333
天茂集团 (SZ:000627),462
高新发展 (SZ:000628),297
攀钢钒钛 (SZ:000629),3232
铜陵有色 (SZ:000630),1237
顺发恒业 (SZ:000631),548
三木集团 (SZ:000632),449
合金投资 (SZ:000633),209
英力特 (SZ:000635),474
风华高科 (SZ:000636),608
茂化实华 (SZ:000637),401
万方发展 (SZ:000638),436
西王食品 (SZ:000639),1357
仁和药业 (SZ:000650),1491
格力电器 (SZ:000651),22326
泰达股份 (SZ:000652),729
金岭矿业 (SZ:000655),369
金科股份 (SZ:000656),688
中钨高新 (SZ:000657),572
*ST中富 (SZ:000659),977
长春高新 (SZ:000661),4980
索芙特 (SZ:000662),400
永安林业 (SZ:000663),778
湖北广电 (SZ:000665),374
经纬纺机 (SZ:000666),730
美好集团 (SZ:000667),551
荣丰控股 (SZ:000668),230
金鸿能源 (SZ:000669),972
盈方微 (SZ:000670),1728
阳光城 (SZ:000671),1212
上峰水泥 (SZ:000672),256
当代东方 (SZ:000673),706
思达高科 (SZ:000676),301
恒天海龙 (SZ:000677),592
襄阳轴承 (SZ:000678),373
大连友谊 (SZ:000679),392
山推股份 (SZ:000680),682
视觉中国 (SZ:000681),1504
东方电子 (SZ:000682),469
远兴能源 (SZ:000683),473
中山公用 (SZ:000685),726
东北证券 (SZ:000686),1059
恒天天鹅 (SZ:000687),806
建新矿业 (SZ:000688),533
宝新能源 (SZ:000690),1167
亚太实业 (SZ:000691),308
惠天热电 (SZ:000692),394
华泽钴镍 (SZ:000693),1300
滨海能源 (SZ:000695),487
炼石有色 (SZ:000697),1075
沈阳化工 (SZ:000698),305
模塑科技 (SZ:000700),1570
厦门信达 (SZ:000701),563
正虹科技 (SZ:000702),316
恒逸石化 (SZ:000703),729
浙江震元 (SZ:000705),1360
双环科技 (SZ:000707),422
大冶特钢 (SZ:000708),600
河北钢铁 (SZ:000709),867
天兴仪表 (SZ:000710),442
天伦置业 (SZ:000711),375
锦龙股份 (SZ:000712),701
丰乐种业 (SZ:000713),435
中兴商业 (SZ:000715),621
南方食品 (SZ:000716),1235
韶钢松山 (SZ:000717),293
苏宁环球 (SZ:000718),899
大地传媒 (SZ:000719),588
新能泰山 (SZ:000720),594
西安饮食 (SZ:000721),820
湖南发展 (SZ:000722),425
美锦能源 (SZ:000723),318
京东方A (SZ:000725),9811
鲁泰A (SZ:000726),5330
华东科技 (SZ:000727),864
国元证券 (SZ:000728),1396
燕京啤酒 (SZ:000729),1815
四川美丰 (SZ:000731),1841
泰禾集团 (SZ:000732),385
振华科技 (SZ:000733),967
罗牛山 (SZ:000735),1396
中房地产 (SZ:000736),214
南风化工 (SZ:000737),361
中航动控 (SZ:000738),1441
普洛药业 (SZ:000739),1329
长城信息 (SZ:000748),712
国海证券 (SZ:000750),1463
锌业股份 (SZ:000751),2039
西藏发展 (SZ:000752),747
漳州发展 (SZ:000753),752
*ST三维 (SZ:000755),309
新华制药 (SZ:000756),1939
浩物股份 (SZ:000757),608
中色股份 (SZ:000758),1025
中百集团 (SZ:000759),1149
斯太尔 (SZ:000760),868
本钢板材 (SZ:000761),450
西藏矿业 (SZ:000762),1515
通化金马 (SZ:000766),499
漳泽电力 (SZ:000767),556
中航飞机 (SZ:000768),2685
广发证券 (SZ:000776),3196
中核科技 (SZ:000777),2382
新兴铸管 (SZ:000778),1263
*ST派神 (SZ:000779),349
平庄能源 (SZ:000780),370
美达股份 (SZ:000782),236
长江证券 (SZ:000783),3146
武汉中商 (SZ:000785),320
北新建材 (SZ:000786),2141
*ST创智 (SZ:000787),24
北大医药 (SZ:000788),2623
江西水泥 (SZ:000789),568
华神集团 (SZ:000790),1270
甘肃电投 (SZ:000791),194
盐湖股份 (SZ:000792),2612
华闻传媒 (SZ:000793),1766
太原刚玉 (SZ:000795),543
易食股份 (SZ:000796),340
中国武夷 (SZ:000797),655
中水渔业 (SZ:000798),452
酒鬼酒 (SZ:000799),3570
一汽轿车 (SZ:000800),2900
四川九洲 (SZ:000801),862
北京旅游 (SZ:000802),1473
金宇车城 (SZ:000803),290
银河投资 (SZ:000806),529
云铝股份 (SZ:000807),668
铁岭新城 (SZ:000809),255
华润锦华 (SZ:000810),403
烟台冰轮 (SZ:000811),2637
陕西金叶 (SZ:000812),966
天山纺织 (SZ:000813),364
美利纸业 (SZ:000815),195
江淮动力 (SZ:000816),536
方大化工 (SZ:000818),347
岳阳兴长 (SZ:000819),457
金城股份 (SZ:000820),227
京山轻机 (SZ:000821),851
*ST海化 (SZ:000822),502
超声电子 (SZ:000823),1717
太钢不锈 (SZ:000825),829
桑德环境 (SZ:000826),4263
东莞控股 (SZ:000828),456
天音控股 (SZ:000829),2912
鲁西化工 (SZ:000830),622
五矿稀土 (SZ:000831),1748
贵糖股份 (SZ:000833),489
四川圣达 (SZ:000835),316
鑫茂科技 (SZ:000836),281
秦川发展 (SZ:000837),1116
国兴地产 (SZ:000838),209
中信国安 (SZ:000839),1810
承德露露 (SZ:000848),4554
华茂股份 (SZ:000850),557
高鸿股份 (SZ:000851),3756
江钻股份 (SZ:000852),892
冀东装备 (SZ:000856),527
五粮液 (SZ:000858),25811
国风塑业 (SZ:000859),513
顺鑫农业 (SZ:000860),1750
海印股份 (SZ:000861),693
银星能源 (SZ:000862),448
三湘股份 (SZ:000863),335
安凯客车 (SZ:000868),917
张裕A (SZ:000869),8498
吉电股份 (SZ:000875),494
新希望 (SZ:000876),4103
天山股份 (SZ:000877),828
云南铜业 (SZ:000878),1229
潍柴重机 (SZ:000880),512
大连国际 (SZ:000881),430
华联股份 (SZ:000882),571
湖北能源 (SZ:000883),883
同力水泥 (SZ:000885),290
海南高速 (SZ:000886),576
中鼎股份 (SZ:000887),1151
峨眉山A (SZ:000888),636
茂业物流 (SZ:000889),496
法尔胜 (SZ:000890),234
星美联合 (SZ:000892),262
东凌粮油 (SZ:000893),473
双汇发展 (SZ:000895),7214
津滨发展 (SZ:000897),2197
鞍钢股份 (SZ:000898),1287
赣能股份 (SZ:000899),262
现代投资 (SZ:000900),478
航天科技 (SZ:000901),2506
新洋丰 (SZ:000902),378
云内动力 (SZ:000903),791
厦门港务 (SZ:000905),1088
物产中拓 (SZ:000906),1234
天一科技 (SZ:000908),495
数源科技 (SZ:000909),483
大亚科技 (SZ:000910),685
南宁糖业 (SZ:000911),1332
泸天化 (SZ:000912),345
钱江摩托 (SZ:000913),360
山大华特 (SZ:000915),1662
华北高速 (SZ:000916),492
电广传媒 (SZ:000917),3452
嘉凯城 (SZ:000918),295
金陵药业 (SZ:000919),1404
南方汇通 (SZ:000920),743
海信科龙 (SZ:000921),943
佳电股份 (SZ:000922),1164
河北宣工 (SZ:000923),405
众合机电 (SZ:000925),454
福星股份 (SZ:000926),936
一汽夏利 (SZ:000927),747
*ST吉炭 (SZ:000928),462
兰州黄河 (SZ:000929),333
中粮生化 (SZ:000930),1078
中关村 (SZ:000931),757
华菱钢铁 (SZ:000932),446
神火股份 (SZ:000933),640
四川双马 (SZ:000935),353
华西股份 (SZ:000936),306
冀中能源 (SZ:000937),886
紫光股份 (SZ:000938),2360
凯迪电力 (SZ:000939),1181
南天信息 (SZ:000948),836
新乡化纤 (SZ:000949),449
建峰化工 (SZ:000950),207
中国重汽 (SZ:000951),694
广济药业 (SZ:000952),683
河池化工 (SZ:000953),274
欣龙控股 (SZ:000955),254
中通客车 (SZ:000957),1450
东方热电 (SZ:000958),1162
首钢股份 (SZ:000959),581
锡业股份 (SZ:000960),1447
中南建设 (SZ:000961),669
东方钽业 (SZ:000962),857
华东医药 (SZ:000963),1223
天保基建 (SZ:000965),407
长源电力 (SZ:000966),687
上风高科 (SZ:000967),233
煤气化 (SZ:000968),593
安泰科技 (SZ:000969),1892
中科三环 (SZ:000970),2672
蓝鼎控股 (SZ:000971),393
新中基 (SZ:000972),491
佛塑科技 (SZ:000973),1868
银泰资源 (SZ:000975),648
春晖股份 (SZ:000976),231
浪潮信息 (SZ:000977),5120
桂林旅游 (SZ:000978),645
中弘股份 (SZ:000979),1411
金马股份 (SZ:000980),491
银亿股份 (SZ:000981),242
中银绒业 (SZ:000982),882
西山煤电 (SZ:000983),1350
大庆华科 (SZ:000985),231
广州友谊 (SZ:000987),1434
华工科技 (SZ:000988),1954
九芝堂 (SZ:000989),1396
诚志股份 (SZ:000990),552
闽东电力 (SZ:000993),258
皇台酒业 (SZ:000995),374
中国中期 (SZ:000996),1246
新大陆 (SZ:000997),6551
隆平高科 (SZ:000998),1825
华润三九 (SZ:000999),5742
宗申动力 (SZ:001696),1607
新和成 (SZ:002001),1924
鸿达兴业 (SZ:002002),249
伟星股份 (SZ:002003),2884
华邦颖泰 (SZ:002004),862
德豪润达 (SZ:002005),1943
*ST精功 (SZ:002006),1170
华兰生物 (SZ:002007),4468
大族激光 (SZ:002008),6097
天奇股份 (SZ:002009),1175
传化股份 (SZ:002010),398
盾安环境 (SZ:002011),925
凯恩股份 (SZ:002012),630
中航机电 (SZ:002013),1438
永新股份 (SZ:002014),666
*ST霞客 (SZ:002015),386
世荣兆业 (SZ:002016),428
东信和平 (SZ:002017),1421
华星化工 (SZ:002018),782
鑫富药业 (SZ:002019),1048
京新药业 (SZ:002020),1774
中捷股份 (SZ:002021),539
科华生物 (SZ:002022),3366
海特高新 (SZ:002023),2660
苏宁云商 (SZ:002024),130367
航天电器 (SZ:002025),1356
山东威达 (SZ:002026),624
七喜控股 (SZ:002027),584
思源电气 (SZ:002028),1553
七匹狼 (SZ:002029),3510
达安基因 (SZ:002030),8587
巨轮股份 (SZ:002031),1164
苏泊尔 (SZ:002032),2102
丽江旅游 (SZ:002033),1628
美欣达 (SZ:002034),447
华帝股份 (SZ:002035),1039
宜科科技 (SZ:002036),1002
久联发展 (SZ:002037),615
双鹭药业 (SZ:002038),8813
黔源电力 (SZ:002039),1283
南京港 (SZ:002040),503
登海种业 (SZ:002041),1510
华孚色纺 (SZ:002042),711
兔宝宝 (SZ:002043),741
江苏三友 (SZ:002044),341
国光电器 (SZ:002045),691
轴研科技 (SZ:002046),868
宝鹰股份 (SZ:002047),314
宁波华翔 (SZ:002048),2335
同方国芯 (SZ:002049),4062
三花股份 (SZ:002050),692
中工国际 (SZ:002051),760
同洲电子 (SZ:002052),2379
云南盐化 (SZ:002053),443
德美化工 (SZ:002054),352
得润电子 (SZ:002055),1760
横店东磁 (SZ:002056),1687
中钢天源 (SZ:002057),420
威尔泰 (SZ:002058),408
云南旅游 (SZ:002059),291
粤水电 (SZ:002060),765
江山化工 (SZ:002061),397
宏润建设 (SZ:002062),349
远光软件 (SZ:002063),3211
华峰氨纶 (SZ:002064),1375
东华软件 (SZ:002065),2226
瑞泰科技 (SZ:002066),624
景兴纸业 (SZ:002067),1301
黑猫股份 (SZ:002068),512
獐子岛 (SZ:002069),2681
众和股份 (SZ:002070),1401
长城影视 (SZ:002071),1259
德棉股份 (SZ:002072),426
软控股份 (SZ:002073),1968
东源电器 (SZ:002074),796
沙钢股份 (SZ:002075),462
雪莱特 (SZ:002076),809
大港股份 (SZ:002077),337
太阳纸业 (SZ:002078),697
苏州固锝 (SZ:002079),2313
中材科技 (SZ:002080),1055
金螳螂 (SZ:002081),6876
栋梁新材 (SZ:002082),331
孚日股份 (SZ:002083),660
海鸥卫浴 (SZ:002084),421
万丰奥威 (SZ:002085),673
东方海洋 (SZ:002086),639
新野纺织 (SZ:002087),316
鲁阳股份 (SZ:002088),313
新海宜 (SZ:002089),1143
金智科技 (SZ:002090),548
江苏国泰 (SZ:002091),1490
中泰化学 (SZ:002092),1610
国脉科技 (SZ:002093),633
青岛金王 (SZ:002094),1505
生意宝 (SZ:002095),3069
南岭民爆 (SZ:002096),297
山河智能 (SZ:002097),1233
浔兴股份 (SZ:002098),523
海翔药业 (SZ:002099),776
天康生物 (SZ:002100),620
广东鸿图 (SZ:002101),708
冠福股份 (SZ:002102),960
广博股份 (SZ:002103),229
恒宝股份 (SZ:002104),3625
信隆实业 (SZ:002105),427
莱宝高科 (SZ:002106),2337
沃华医药 (SZ:002107),1133
沧州明珠 (SZ:002108),2300
兴化股份 (SZ:002109),192
三钢闽光 (SZ:002110),201
威海广泰 (SZ:002111),706
三变科技 (SZ:002112),328
天润控股 (SZ:002113),413
罗平锌电 (SZ:002114),1301
三维通信 (SZ:002115),934
中国海诚 (SZ:002116),961
东港股份 (SZ:002117),1769
紫鑫药业 (SZ:002118),1877
康强电子 (SZ:002119),420
新海股份 (SZ:002120),839
科陆电子 (SZ:002121),1549
天马股份 (SZ:002122),716
荣信股份 (SZ:002123),1819
天邦股份 (SZ:002124),396
湘潭电化 (SZ:002125),546
银轮股份 (SZ:002126),1817
*ST新民 (SZ:002127),356
露天煤业 (SZ:002128),542
中环股份 (SZ:002129),4340
沃尔核材 (SZ:002130),2299
利欧股份 (SZ:002131),1046
恒星科技 (SZ:002132),670
广宇集团 (SZ:002133),266
*ST普林 (SZ:002134),256
东南网架 (SZ:002135),557
安纳达 (SZ:002136),565
实益达 (SZ:002137),330
顺络电子 (SZ:002138),2713
拓邦股份 (SZ:002139),1552
东华科技 (SZ:002140),1008
蓉胜超微 (SZ:002141),240
宁波银行 (SZ:002142),2441
高金食品 (SZ:002143),949
宏达高科 (SZ:002144),870
中核钛白 (SZ:002145),614
荣盛发展 (SZ:002146),2186
方圆支承 (SZ:002147),646
北纬通信 (SZ:002148),2812
西部材料 (SZ:002149),663
通润装备 (SZ:002150),195
北斗星通 (SZ:002151),3642
广电运通 (SZ:002152),2759
石基信息 (SZ:002153),1408
报喜鸟 (SZ:002154),1107
辰州矿业 (SZ:002155),908
通富微电 (SZ:002156),1300
正邦科技 (SZ:002157),663
汉钟精机 (SZ:002158),1654
三特索道 (SZ:002159),336
*ST常铝 (SZ:002160),406
远望谷 (SZ:002161),2303
斯米克 (SZ:002162),593
*ST三鑫 (SZ:002163),962
*ST东力 (SZ:002164),225
红宝丽 (SZ:002165),717
莱茵生物 (SZ:002166),1375
东方锆业 (SZ:002167),1798
深圳惠程 (SZ:002168),1279
智光电气 (SZ:002169),538
芭田股份 (SZ:002170),949
精诚铜业 (SZ:002171),438
澳洋科技 (SZ:002172),443
千足珍珠 (SZ:002173),498
游族网络 (SZ:002174),1777
广陆数测 (SZ:002175),278
江特电机 (SZ:002176),1261
御银股份 (SZ:002177),1415
延华智能 (SZ:002178),979
中航光电 (SZ:002179),1190
万力达 (SZ:002180),795
粤传媒 (SZ:002181),2621
云海金属 (SZ:002182),764
怡亚通 (SZ:002183),12057
海得控制 (SZ:002184),475
华天科技 (SZ:002185),2915
全聚德 (SZ:002186),2753
广百股份 (SZ:002187),569
新嘉联 (SZ:002188),457
利达光电 (SZ:002189),1025
成飞集成 (SZ:002190),5685
劲嘉股份 (SZ:002191),1429
路翔股份 (SZ:002192),2161
山东如意 (SZ:002193),292
武汉凡谷 (SZ:002194),2231
海隆软件 (SZ:002195),1367
方正电机 (SZ:002196),605
证通电子 (SZ:002197),1765
嘉应制药 (SZ:002198),982
东晶电子 (SZ:002199),1977
云投生态 (SZ:002200),451
九鼎新材 (SZ:002201),457
金风科技 (SZ:002202),5471
海亮股份 (SZ:002203),545
大连重工 (SZ:002204),2312
国统股份 (SZ:002205),558
海利得 (SZ:002206),716
准油股份 (SZ:002207),909
合肥城建 (SZ:002208),333
达意隆 (SZ:002209),328
飞马国际 (SZ:002210),826
宏达新材 (SZ:002211),429
南洋股份 (SZ:002212),778
特尔佳 (SZ:002213),442
大立科技 (SZ:002214),1039
诺普信 (SZ:002215),3081
三全食品 (SZ:002216),5046
*ST合泰 (SZ:002217),406
拓日新能 (SZ:002218),881
恒康医疗 (SZ:002219),2666
天宝股份 (SZ:002220),776
东华能源 (SZ:002221),1015
福晶科技 (SZ:002222),920
鱼跃医疗 (SZ:002223),3810
三力士 (SZ:002224),540
濮耐股份 (SZ:002225),619
江南化工 (SZ:002226),553
奥特迅 (SZ:002227),2562
合兴包装 (SZ:002228),1037
鸿博股份 (SZ:002229),3009
科大讯飞 (SZ:002230),14872
奥维通信 (SZ:002231),1084
启明信息 (SZ:002232),1652
塔牌集团 (SZ:002233),546
*ST民和 (SZ:002234),899
安妮股份 (SZ:002235),2228
大华股份 (SZ:002236),6327
恒邦股份 (SZ:002237),655
天威视讯 (SZ:002238),571
金飞达 (SZ:002239),423
威华股份 (SZ:002240),1732
歌尔声学 (SZ:002241),8779
九阳股份 (SZ:002242),9006
通产丽星 (SZ:002243),578
滨江集团 (SZ:002244),721
澳洋顺昌 (SZ:002245),603
北化股份 (SZ:002246),957
帝龙新材 (SZ:002247),327
*ST东数 (SZ:002248),421
大洋电机 (SZ:002249),1116
联化科技 (SZ:002250),902
步步高 (SZ:002251),1378
上海莱士 (SZ:002252),1751
川大智胜 (SZ:002253),2590
泰和新材 (SZ:002254),1485
海陆重工 (SZ:002255),968
彩虹精化 (SZ:002256),1091
利尔化学 (SZ:002258),401
升达林业 (SZ:002259),546
伊立浦 (SZ:002260),857
拓维信息 (SZ:002261),3469
恩华药业 (SZ:002262),2407
大东南 (SZ:002263),1146
新华都 (SZ:002264),738
西仪股份 (SZ:002265),311
浙富控股 (SZ:002266),1263
陕天然气 (SZ:002267),788
卫士通 (SZ:002268),1723
美邦服饰 (SZ:002269),1723
法因数控 (SZ:002270),622
东方雨虹 (SZ:002271),1909
川润股份 (SZ:002272),478
水晶光电 (SZ:002273),5012
华昌化工 (SZ:002274),1128
桂林三金 (SZ:002275),3454
万马股份 (SZ:002276),1122
友阿股份 (SZ:002277),4014
神开股份 (SZ:002278),887
久其软件 (SZ:002279),890
新世纪 (SZ:002280),1409
光迅科技 (SZ:002281),1464
博深工具 (SZ:002282),639
天润曲轴 (SZ:002283),995
亚太股份 (SZ:002284),1105
世联行 (SZ:002285),3907
保龄宝 (SZ:002286),1055
奇正藏药 (SZ:002287),751
超华科技 (SZ:002288),943
宇顺电子 (SZ:002289),905
禾盛新材 (SZ:002290),337
星期六 (SZ:002291),611
奥飞动漫 (SZ:002292),4747
罗莱家纺 (SZ:002293),2492
信立泰 (SZ:002294),4542
精艺股份 (SZ:002295),308
辉煌科技 (SZ:002296),1039
博云新材 (SZ:002297),1170
鑫龙电器 (SZ:002298),2991
圣农发展 (SZ:002299),1575
太阳电缆 (SZ:002300),341
齐心文具 (SZ:002301),539
西部建设 (SZ:002302),572
美盈森 (SZ:002303),1564
洋河股份 (SZ:002304),5342
南国置业 (SZ:002305),547
中科云网 (SZ:002306),1407
北新路桥 (SZ:002307),1115
威创股份 (SZ:002308),1185
中利科技 (SZ:002309),1331
东方园林 (SZ:002310),3505
海大集团 (SZ:002311),828
三泰电子 (SZ:002312),26047
日海通讯 (SZ:002313),1304
雅致股份 (SZ:002314),529
焦点科技 (SZ:002315),1420
键桥通讯 (SZ:002316),687
众生药业 (SZ:002317),1144
久立特材 (SZ:002318),2470
乐通股份 (SZ:002319),678
海峡股份 (SZ:002320),481
华英农业 (SZ:002321),657
理工监测 (SZ:002322),984
中联电气 (SZ:002323),297
普利特 (SZ:002324),1016
洪涛股份 (SZ:002325),975
永太科技 (SZ:002326),1269
富安娜 (SZ:002327),3340
新朋股份 (SZ:002328),227
皇氏乳业 (SZ:002329),948
得利斯 (SZ:002330),722
皖通科技 (SZ:002331),619
仙琚制药 (SZ:002332),665
罗普斯金 (SZ:002333),231
英威腾 (SZ:002334),1561
科华恒盛 (SZ:002335),688
人人乐 (SZ:002336),632
赛象科技 (SZ:002337),294
奥普光电 (SZ:002338),1020
积成电子 (SZ:002339),662
格林美 (SZ:002340),4702
新纶科技 (SZ:002341),679
巨力索具 (SZ:002342),703
禾欣股份 (SZ:002343),287
海宁皮城 (SZ:002344),1748
潮宏基 (SZ:002345),828
柘中建设 (SZ:002346),285
泰尔重工 (SZ:002347),664
高乐股份 (SZ:002348),792
精华制药 (SZ:002349),638
北京科锐 (SZ:002350),454
漫步者 (SZ:002351),1418
鼎泰新材 (SZ:002352),272
杰瑞股份 (SZ:002353),5798
科冕木业 (SZ:002354),1030
兴民钢圈 (SZ:002355),663
浩宁达 (SZ:002356),275
富临运业 (SZ:002357),239
森源电气 (SZ:002358),1025
齐星铁塔 (SZ:002359),327
同德化工 (SZ:002360),398
神剑股份 (SZ:002361),1255
汉王科技 (SZ:002362),2204
隆基机械 (SZ:002363),421
中恒电气 (SZ:002364),1228
永安药业 (SZ:002365),1237
丹甫股份 (SZ:002366),1519
康力电梯 (SZ:002367),1860
太极股份 (SZ:002368),1184
卓翼科技 (SZ:002369),1833
亚太药业 (SZ:002370),409
七星电子 (SZ:002371),446
伟星新材 (SZ:002372),1277
千方科技 (SZ:002373),1157
丽鹏股份 (SZ:002374),509
亚厦股份 (SZ:002375),1293
新北洋 (SZ:002376),2508
国创高新 (SZ:002377),411
章源钨业 (SZ:002378),371
鲁丰环保 (SZ:002379),879
科远股份 (SZ:002380),445
双箭股份 (SZ:002381),742
蓝帆医疗 (SZ:002382),1131
合众思壮 (SZ:002383),2422
东山精密 (SZ:002384),451
大北农 (SZ:002385),2059
天原集团 (SZ:002386),413
黑牛食品 (SZ:002387),1054
新亚制程 (SZ:002388),972
南洋科技 (SZ:002389),1035
信邦制药 (SZ:002390),1168
长青股份 (SZ:002391),548
北京利尔 (SZ:002392),926
力生制药 (SZ:002393),1775
联发股份 (SZ:002394),525
双象股份 (SZ:002395),371
星网锐捷 (SZ:002396),3198
梦洁家纺 (SZ:002397),824
建研集团 (SZ:002398),678
海普瑞 (SZ:002399),1576
省广股份 (SZ:002400),3174
中海科技 (SZ:002401),1122
和而泰 (SZ:002402),2097
爱仕达 (SZ:002403),577
嘉欣丝绸 (SZ:002404),560
四维图新 (SZ:002405),6679
远东传动 (SZ:002406),652
多氟多 (SZ:002407),2070
齐翔腾达 (SZ:002408),1105
雅克科技 (SZ:002409),444
广联达 (SZ:002410),2464
九九久 (SZ:002411),804
汉森制药 (SZ:002412),931
常发股份 (SZ:002413),267
高德红外 (SZ:002414),3386
海康威视 (SZ:002415),6705
爱施德 (SZ:002416),1682
三元达 (SZ:002417),684
康盛股份 (SZ:002418),414
天虹商场 (SZ:002419),1217
毅昌股份 (SZ:002420),349
达实智能 (SZ:002421),1151
科伦药业 (SZ:002422),6738
中原特钢 (SZ:002423),895
贵州百灵 (SZ:002424),2345
凯撒股份 (SZ:002425),454
胜利精密 (SZ:002426),964
尤夫股份 (SZ:002427),867
云南锗业 (SZ:002428),1519
兆驰股份 (SZ:002429),1110
杭氧股份 (SZ:002430),725
棕榈园林 (SZ:002431),1684
九安医疗 (SZ:002432),7534
太安堂 (SZ:002433),2607
万里扬 (SZ:002434),680
长江润发 (SZ:002435),248
兴森科技 (SZ:002436),920
誉衡药业 (SZ:002437),2954
江苏神通 (SZ:002438),2625
启明星辰 (SZ:002439),5203
闰土股份 (SZ:002440),2126
众业达 (SZ:002441),928
龙星化工 (SZ:002442),309
金洲管道 (SZ:002443),762
巨星科技 (SZ:002444),1351
中南重工 (SZ:002445),419
盛路通信 (SZ:002446),1056
壹桥苗业 (SZ:002447),663
中原内配 (SZ:002448),922
国星光电 (SZ:002449),1353
康得新 (SZ:002450),4484
摩恩电气 (SZ:002451),532
长高集团 (SZ:002452),358
天马精化 (SZ:002453),678
松芝股份 (SZ:002454),1529
百川股份 (SZ:002455),352
欧菲光 (SZ:002456),7209
青龙管业 (SZ:002457),795
益生股份 (SZ:002458),580
*ST天业 (SZ:002459),551
赣锋锂业 (SZ:002460),1678
珠江啤酒 (SZ:002461),644
嘉事堂 (SZ:002462),1033
沪电股份 (SZ:002463),884
金利科技 (SZ:002464),400
海格通信 (SZ:002465),5427
天齐锂业 (SZ:002466),1783
二六三 (SZ:002467),1670
艾迪西 (SZ:002468),946
三维工程 (SZ:002469),844
金正大 (SZ:002470),1218
中超电缆 (SZ:002471),576
双环传动 (SZ:002472),797
圣莱达 (SZ:002473),362
榕基软件 (SZ:002474),1145
立讯精密 (SZ:002475),1949
宝莫股份 (SZ:002476),1118
雏鹰农牧 (SZ:002477),2649
常宝股份 (SZ:002478),402
富春环保 (SZ:002479),631
新筑股份 (SZ:002480),470
双塔食品 (SZ:002481),821
广田股份 (SZ:002482),1081
润邦股份 (SZ:002483),482
江海股份 (SZ:002484),1828
希努尔 (SZ:002485),390
嘉麟杰 (SZ:002486),785
大金重工 (SZ:002487),620
金固股份 (SZ:002488),364
浙江永强 (SZ:002489),953
山东墨龙 (SZ:002490),726
通鼎光电 (SZ:002491),590
恒基达鑫 (SZ:002492),384
荣盛石化 (SZ:002493),552
华斯股份 (SZ:002494),470
佳隆股份 (SZ:002495),324
辉丰股份 (SZ:002496),697
雅化集团 (SZ:002497),490
汉缆股份 (SZ:002498),461
科林环保 (SZ:002499),960
山西证券 (SZ:002500),590
利源精制 (SZ:002501),2961
骅威股份 (SZ:002502),1280
搜于特 (SZ:002503),999
东光微电 (SZ:002504),393
大康牧业 (SZ:002505),776
*ST超日 (SZ:002506),661
涪陵榨菜 (SZ:002507),2926
老板电器 (SZ:002508),2410
天广消防 (SZ:002509),903
天汽模 (SZ:002510),1811
中顺洁柔 (SZ:002511),1493
达华智能 (SZ:002512),934
蓝丰生化 (SZ:002513),270
宝馨科技 (SZ:002514),590
金字火腿 (SZ:002515),791
江苏旷达 (SZ:002516),942
泰亚股份 (SZ:002517),364
科士达 (SZ:002518),1396
银河电子 (SZ:002519),686
日发精机 (SZ:002520),948
齐峰新材 (SZ:002521),1350
浙江众成 (SZ:002522),408
天桥起重 (SZ:002523),259
光正集团 (SZ:002524),772
山东矿机 (SZ:002526),1619
新时达 (SZ:002527),3742
英飞拓 (SZ:002528),1449
海源机械 (SZ:002529),747
丰东股份 (SZ:002530),236
天顺风能 (SZ:002531),1135
新界泵业 (SZ:002532),813
金杯电工 (SZ:002533),438
杭锅股份 (SZ:002534),363
林州重机 (SZ:002535),2670
西泵股份 (SZ:002536),507
海立美达 (SZ:002537),230
司尔特 (SZ:002538),235
新都化工 (SZ:002539),661
亚太科技 (SZ:002540),844
鸿路钢构 (SZ:002541),348
中化岩土 (SZ:002542),614
万和电气 (SZ:002543),447
杰赛科技 (SZ:002544),986
东方铁塔 (SZ:002545),286
新联电子 (SZ:002546),598
春兴精工 (SZ:002547),1551
金新农 (SZ:002548),457
凯美特气 (SZ:002549),1410
千红制药 (SZ:002550),1511
尚荣医疗 (SZ:002551),2171
宝鼎重工 (SZ:002552),806
南方轴承 (SZ:002553),580
惠博普 (SZ:002554),1465
顺荣股份 (SZ:002555),1807
辉隆股份 (SZ:002556),2127
洽洽食品 (SZ:002557),3221
世纪游轮 (SZ:002558),294
亚威股份 (SZ:002559),1433
通达股份 (SZ:002560),201
徐家汇 (SZ:002561),814
兄弟科技 (SZ:002562),492
森马服饰 (SZ:002563),997
张化机 (SZ:002564),1160
上海绿新 (SZ:002565),1796
益盛药业 (SZ:002566),1356
唐人神 (SZ:002567),780
百润股份 (SZ:002568),1130
步森股份 (SZ:002569),313
贝因美 (SZ:002570),8670
德力股份 (SZ:002571),974
索菲亚 (SZ:002572),1091
国电清新 (SZ:002573),2924
明牌珠宝 (SZ:002574),659
群兴玩具 (SZ:002575),731
通达动力 (SZ:002576),778
雷柏科技 (SZ:002577),2432
闽发铝业 (SZ:002578),227
中京电子 (SZ:002579),1486
圣阳股份 (SZ:002580),491
万昌科技 (SZ:002581),991
好想你 (SZ:002582),12733
海能达 (SZ:002583),1417
西陇化工 (SZ:002584),710
双星新材 (SZ:002585),897
围海股份 (SZ:002586),537
奥拓电子 (SZ:002587),3064
史丹利 (SZ:002588),1239
瑞康医药 (SZ:002589),981
万安科技 (SZ:002590),497
恒大高新 (SZ:002591),384
八菱科技 (SZ:002592),315
日上集团 (SZ:002593),209
比亚迪 (SZ:002594),25201
豪迈科技 (SZ:002595),2598
海南瑞泽 (SZ:002596),357
金禾实业 (SZ:002597),983
山东章鼓 (SZ:002598),548
盛通股份 (SZ:002599),568
江粉磁材 (SZ:002600),761
佰利联 (SZ:002601),1224
世纪华通 (SZ:002602),721
以岭药业 (SZ:002603),3592
龙力生物 (SZ:002604),1423
姚记扑克 (SZ:002605),2194
大连电瓷 (SZ:002606),542
亚夏汽车 (SZ:002607),850
舜天船舶 (SZ:002608),635
捷顺科技 (SZ:002609),1391
爱康科技 (SZ:002610),17861
东方精工 (SZ:002611),830
朗姿股份 (SZ:002612),1067
北玻股份 (SZ:002613),458
蒙发利 (SZ:002614),909
哈尔斯 (SZ:002615),874
长青集团 (SZ:002616),362
露笑科技 (SZ:002617),2629
丹邦科技 (SZ:002618),1450
巨龙管业 (SZ:002619),682
瑞和股份 (SZ:002620),319
大连三垒 (SZ:002621),265
永大集团 (SZ:002622),246
亚玛顿 (SZ:002623),1077
金磊股份 (SZ:002624),553
龙生股份 (SZ:002625),302
金达威 (SZ:002626),1082
宜昌交运 (SZ:002627),296
成都路桥 (SZ:002628),536
仁智油服 (SZ:002629),1694
华西能源 (SZ:002630),741
德尔家居 (SZ:002631),687
道明光学 (SZ:002632),601
申科股份 (SZ:002633),786
棒杰股份 (SZ:002634),314
安洁科技 (SZ:002635),2353
金安国纪 (SZ:002636),579
赞宇科技 (SZ:002637),922
勤上光电 (SZ:002638),1271
雪人股份 (SZ:002639),741
百圆裤业 (SZ:002640),1157
永高股份 (SZ:002641),351
荣之联 (SZ:002642),2310
烟台万润 (SZ:002643),1461
佛慈制药 (SZ:002644),1066
华宏科技 (SZ:002645),499
青青稞酒 (SZ:002646),2639
宏磊股份 (SZ:002647),135
卫星石化 (SZ:002648),1063
博彦科技 (SZ:002649),2341
加加食品 (SZ:002650),2139
利君股份 (SZ:002651),368
扬子新材 (SZ:002652),262
海思科 (SZ:002653),2266
万润科技 (SZ:002654),896
共达电声 (SZ:002655),2411
卡奴迪路 (SZ:002656),651
中科金财 (SZ:002657),3333
雪迪龙 (SZ:002658),1518
中泰桥梁 (SZ:002659),289
茂硕电源 (SZ:002660),1007
克明面业 (SZ:002661),2418
京威股份 (SZ:002662),598
普邦园林 (SZ:002663),2052
信质电机 (SZ:002664),1929
首航节能 (SZ:002665),1083
德联集团 (SZ:002666),741
鞍重股份 (SZ:002667),248
奥马电器 (SZ:002668),1943
康达新材 (SZ:002669),826
华声股份 (SZ:002670),328
龙泉股份 (SZ:002671),571
东江环保 (SZ:002672),1373
西部证券 (SZ:002673),699
兴业科技 (SZ:002674),313
东诚药业 (SZ:002675),694
顺威股份 (SZ:002676),233
浙江美大 (SZ:002677),394
珠江钢琴 (SZ:002678),1118
福建金森 (SZ:002679),457
黄海机械 (SZ:002680),426
奋达科技 (SZ:002681),3960
龙洲股份 (SZ:002682),422
宏大爆破 (SZ:002683),572
猛狮科技 (SZ:002684),937
华东重机 (SZ:002685),293
亿利达 (SZ:002686),495
乔治白 (SZ:002687),309
金河生物 (SZ:002688),480
博林特 (SZ:002689),560
美亚光电 (SZ:002690),3435
石中装备 (SZ:002691),314
远程电缆 (SZ:002692),257
双成药业 (SZ:002693),973
顾地科技 (SZ:002694),345
煌上煌 (SZ:002695),1210
百洋股份 (SZ:002696),333
红旗连锁 (SZ:002697),1838
博实股份 (SZ:002698),1953
美盛文化 (SZ:002699),589
新疆浩源 (SZ:002700),1268
奥瑞金 (SZ:002701),3516
海欣食品 (SZ:002702),643
浙江世宝 (SZ:002703),460
新宝股份 (SZ:002705),439
良信电器 (SZ:002706),342
众信旅游 (SZ:002707),2697
光洋股份 (SZ:002708),331
天赐材料 (SZ:002709),766
慈铭体检 (SZ:002710),251
欧浦钢网 (SZ:002711),873
思美传媒 (SZ:002712),1789
东易日盛 (SZ:002713),789
牧原股份 (SZ:002714),682
登云股份 (SZ:002715),773
金贵银业 (SZ:002716),491
岭南园林 (SZ:002717),615
友邦吊顶 (SZ:002718),1971
麦趣尔 (SZ:002719),334
宏良股份 (SZ:002720),14
金一文化 (SZ:002721),356
金轮股份 (SZ:002722),635
金莱特 (SZ:002723),352
跃岭股份 (SZ:002725),269
龙大肉食 (SZ:002726),864
一心堂 (SZ:002727),2077
台城制药 (SZ:002728),447
好利来 (SZ:002729),282
特锐德 (SZ:300001),1362
神州泰岳 (SZ:300002),2506
乐普医疗 (SZ:300003),3580
南风股份 (SZ:300004),754
探路者 (SZ:300005),5099
莱美药业 (SZ:300006),2148
汉威电子 (SZ:300007),1694
上海佳豪 (SZ:300008),604
安科生物 (SZ:300009),2262
立思辰 (SZ:300010),1474
鼎汉技术 (SZ:300011),1218
华测检测 (SZ:300012),2258
新宁物流 (SZ:300013),299
亿纬锂能 (SZ:300014),3233
爱尔眼科 (SZ:300015),5146
北陆药业 (SZ:300016),1205
网宿科技 (SZ:300017),27407
中元华电 (SZ:300018),571
硅宝科技 (SZ:300019),463
银江股份 (SZ:300020),3057
大禹节水 (SZ:300021),1466
吉峰农机 (SZ:300022),834
宝德股份 (SZ:300023),546
机器人 (SZ:300024),9781
华星创业 (SZ:300025),932
红日药业 (SZ:300026),3656
华谊兄弟 (SZ:300027),25191
金亚科技 (SZ:300028),2173
天龙光电 (SZ:300029),1429
阳普医疗 (SZ:300030),1381
宝通带业 (SZ:300031),594
金龙机电 (SZ:300032),1464
同花顺 (SZ:300033),1869
钢研高纳 (SZ:300034),3076
中科电气 (SZ:300035),590
超图软件 (SZ:300036),1619
新宙邦 (SZ:300037),2339
梅泰诺 (SZ:300038),768
上海凯宝 (SZ:300039),2935
九洲电气 (SZ:300040),508
回天新材 (SZ:300041),1094
朗科科技 (SZ:300042),419
互动娱乐 (SZ:300043),2011
赛为智能 (SZ:300044),2688
华力创通 (SZ:300045),1778
台基股份 (SZ:300046),629
天源迪科 (SZ:300047),2128
合康变频 (SZ:300048),869
福瑞股份 (SZ:300049),1414
世纪鼎利 (SZ:300050),985
三五互联 (SZ:300051),1445
中青宝 (SZ:300052),4329
欧比特 (SZ:300053),2860
鼎龙股份 (SZ:300054),3075
万邦达 (SZ:300055),1322
三维丝 (SZ:300056),1794
万顺股份 (SZ:300057),903
蓝色光标 (SZ:300058),4902
东方财富 (SZ:300059),4154
康耐特 (SZ:300061),939
中能电气 (SZ:300062),177
天龙集团 (SZ:300063),351
豫金刚石 (SZ:300064),565
海兰信 (SZ:300065),1837
三川股份 (SZ:300066),611
安诺其 (SZ:300067),1065
南都电源 (SZ:300068),3137
金利华电 (SZ:300069),246
碧水源 (SZ:300070),5053
华谊嘉信 (SZ:300071),1126
三聚环保 (SZ:300072),2686
当升科技 (SZ:300073),1299
华平股份 (SZ:300074),3007
数字政通 (SZ:300075),2538
GQY视讯 (SZ:300076),903
国民技术 (SZ:300077),2756
中瑞思创 (SZ:300078),1287
数码视讯 (SZ:300079),3850
新大新材 (SZ:300080),1918
恒信移动 (SZ:300081),518
奥克股份 (SZ:300082),2896
劲胜精密 (SZ:300083),1649
海默科技 (SZ:300084),1855
银之杰 (SZ:300085),524
康芝药业 (SZ:300086),1720
荃银高科 (SZ:300087),472
长信科技 (SZ:300088),4733
长城集团 (SZ:300089),311
盛运股份 (SZ:300090),1224
金通灵 (SZ:300091),319
科新机电 (SZ:300092),618
金刚玻璃 (SZ:300093),1799
国联水产 (SZ:300094),477
华伍股份 (SZ:300095),480
易联众 (SZ:300096),682
智云股份 (SZ:300097),1492
高新兴 (SZ:300098),1839
尤洛卡 (SZ:300099),641
双林股份 (SZ:300100),297
振芯科技 (SZ:300101),3871
乾照光电 (SZ:300102),1950
达刚路机 (SZ:300103),646
乐视网 (SZ:300104),42235
龙源技术 (SZ:300105),2037
西部牧业 (SZ:300106),623
建新股份 (SZ:300107),509
双龙股份 (SZ:300108),456
新开源 (SZ:300109),418
华仁药业 (SZ:300110),1615
向日葵 (SZ:300111),1443
万讯自控 (SZ:300112),871
顺网科技 (SZ:300113),2316
中航电测 (SZ:300114),863
长盈精密 (SZ:300115),1764
坚瑞消防 (SZ:300116),1439
嘉寓股份 (SZ:300117),396
东方日升 (SZ:300118),1411
瑞普生物 (SZ:300119),1388
经纬电材 (SZ:300120),281
阳谷华泰 (SZ:300121),739
智飞生物 (SZ:300122),932
太阳鸟 (SZ:300123),927
汇川技术 (SZ:300124),5634
易世达 (SZ:300125),571
锐奇股份 (SZ:300126),515
银河磁体 (SZ:300127),647
锦富新材 (SZ:300128),1073
泰胜风能 (SZ:300129),1132
新国都 (SZ:300130),713
英唐智控 (SZ:300131),1368
青松股份 (SZ:300132),262
华策影视 (SZ:300133),2689
大富科技 (SZ:300134),4944
宝利沥青 (SZ:300135),544
信维通信 (SZ:300136),6349
先河环保 (SZ:300137),1496
晨光生物 (SZ:300138),423
福星晓程 (SZ:300139),584
启源装备 (SZ:300140),1308
和顺电气 (SZ:300141),838
沃森生物 (SZ:300142),3753
星河生物 (SZ:300143),399
宋城演艺 (SZ:300144),2101
南方泵业 (SZ:300145),744
汤臣倍健 (SZ:300146),7412
香雪制药 (SZ:300147),1215
天舟文化 (SZ:300148),1322
量子高科 (SZ:300149),644
世纪瑞尔 (SZ:300150),2450
昌红科技 (SZ:300151),605
燃控科技 (SZ:300152),1336
科泰电源 (SZ:300153),308
瑞凌股份 (SZ:300154),842
安居宝 (SZ:300155),1560
神雾环保 (SZ:300156),1371
恒泰艾普 (SZ:300157),1378
振东制药 (SZ:300158),4100
新研股份 (SZ:300159),1012
秀强股份 (SZ:300160),504
华中数控 (SZ:300161),884
雷曼光电 (SZ:300162),731
先锋新材 (SZ:300163),475
通源石油 (SZ:300164),551
天瑞仪器 (SZ:300165),1502
东方国信 (SZ:300166),1075
迪威视讯 (SZ:300167),722
万达信息 (SZ:300168),1875
天晟新材 (SZ:300169),985
汉得信息 (SZ:300170),1672
东富龙 (SZ:300171),2031
中电环保 (SZ:300172),1026
松德股份 (SZ:300173),1181
元力股份 (SZ:300174),229
朗源股份 (SZ:300175),1333
鸿特精密 (SZ:300176),449
中海达 (SZ:300177),3450
腾邦国际 (SZ:300178),2612
四方达 (SZ:300179),318
华峰超纤 (SZ:300180),507
佐力药业 (SZ:300181),2108
捷成股份 (SZ:300182),1236
东软载波 (SZ:300183),2534
力源信息 (SZ:300184),947
通裕重工 (SZ:300185),903
大华农 (SZ:300186),708
永清环保 (SZ:300187),1443
美亚柏科 (SZ:300188),2127
神农大丰 (SZ:300189),808
维尔利 (SZ:300190),1637
潜能恒信 (SZ:300191),2540
科斯伍德 (SZ:300192),492
佳士科技 (SZ:300193),713
福安药业 (SZ:300194),551
长荣股份 (SZ:300195),720
长海股份 (SZ:300196),513
铁汉生态 (SZ:300197),1745
纳川股份 (SZ:300198),608
翰宇药业 (SZ:300199),1459
高盟新材 (SZ:300200),865
海伦哲 (SZ:300201),698
聚龙股份 (SZ:300202),2050
聚光科技 (SZ:300203),1481
舒泰神 (SZ:300204),2350
天喻信息 (SZ:300205),3396
理邦仪器 (SZ:300206),3687
欣旺达 (SZ:300207),2077
恒顺电气 (SZ:300208),1175
天泽信息 (SZ:300209),699
森远股份 (SZ:300210),462
亿通科技 (SZ:300211),227
易华录 (SZ:300212),2045
佳讯飞鸿 (SZ:300213),1131
日科化学 (SZ:300214),361
电科院 (SZ:300215),3725
千山药机 (SZ:300216),4825
东方电热 (SZ:300217),535
安利股份 (SZ:300218),333
鸿利光电 (SZ:300219),1104
金运激光 (SZ:300220),1363
银禧科技 (SZ:300221),568
科大智能 (SZ:300222),742
北京君正 (SZ:300223),3091
正海磁材 (SZ:300224),700
金力泰 (SZ:300225),374
上海钢联 (SZ:300226),2486
光韵达 (SZ:300227),1153
富瑞特装 (SZ:300228),5848
拓尔思 (SZ:300229),2198
永利带业 (SZ:300230),146
银信科技 (SZ:300231),503
洲明科技 (SZ:300232),1429
金城医药 (SZ:300233),744
开尔新材 (SZ:300234),649
方直科技 (SZ:300235),1729
上海新阳 (SZ:300236),724
美晨科技 (SZ:300237),333
冠昊生物 (SZ:300238),4750
东宝生物 (SZ:300239),633
飞力达 (SZ:300240),399
瑞丰光电 (SZ:300241),770
明家科技 (SZ:300242),340
瑞丰高材 (SZ:300243),240
迪安诊断 (SZ:300244),5112
天玑科技 (SZ:300245),1426
宝莱特 (SZ:300246),2657
桑乐金 (SZ:300247),1741
新开普 (SZ:300248),3443
依米康 (SZ:300249),347
初灵信息 (SZ:300250),513
光线传媒 (SZ:300251),10601
金信诺 (SZ:300252),497
卫宁软件 (SZ:300253),2596
仟源制药 (SZ:300254),740
常山药业 (SZ:300255),1805
星星科技 (SZ:300256),718
开山股份 (SZ:300257),1016
精锻科技 (SZ:300258),1422
新天科技 (SZ:300259),1431
新莱应材 (SZ:300260),716
雅本化学 (SZ:300261),858
巴安水务 (SZ:300262),1081
隆华节能 (SZ:300263),1089
佳创视讯 (SZ:300264),758
通光线缆 (SZ:300265),389
兴源过滤 (SZ:300266),693
尔康制药 (SZ:300267),1463
万福生科 (SZ:300268),151
联建光电 (SZ:300269),729
中威电子 (SZ:300270),801
华宇软件 (SZ:300271),779
开能环保 (SZ:300272),1262
和佳股份 (SZ:300273),5069
阳光电源 (SZ:300274),3796
梅安森 (SZ:300275),843
三丰智能 (SZ:300276),1423
海联讯 (SZ:300277),236
华昌达 (SZ:300278),753
和晶科技 (SZ:300279),1278
南通锻压 (SZ:300280),370
金明精机 (SZ:300281),272
汇冠股份 (SZ:300282),513
温州宏丰 (SZ:300283),208
苏交科 (SZ:300284),793
国瓷材料 (SZ:300285),938
安科瑞 (SZ:300286),877
飞利信 (SZ:300287),666
朗玛信息 (SZ:300288),1498
利德曼 (SZ:300289),1819
荣科科技 (SZ:300290),654
华录百纳 (SZ:300291),1598
吴通通讯 (SZ:300292),614
蓝英装备 (SZ:300293),1020
博雅生物 (SZ:300294),2027
三六五网 (SZ:300295),1668
利亚德 (SZ:300296),3007
蓝盾股份 (SZ:300297),1346
三诺生物 (SZ:300298),4154
富春通信 (SZ:300299),846
汉鼎股份 (SZ:300300),976
长方照明 (SZ:300301),819
同有科技 (SZ:300302),686
聚飞光电 (SZ:300303),1311
云意电气 (SZ:300304),820
裕兴股份 (SZ:300305),241
远方光电 (SZ:300306),881
慈星股份 (SZ:300307),1109
中际装备 (SZ:300308),300
吉艾科技 (SZ:300309),1012
宜通世纪 (SZ:300310),1073
任子行 (SZ:300311),755
邦讯技术 (SZ:300312),2040
天山生物 (SZ:300313),363
戴维医疗 (SZ:300314),1697
掌趣科技 (SZ:300315),8925
晶盛机电 (SZ:300316),1405
珈伟股份 (SZ:300317),516
博晖创新 (SZ:300318),2092
麦捷科技 (SZ:300319),335
海达股份 (SZ:300320),355
同大股份 (SZ:300321),387
硕贝德 (SZ:300322),4909
华灿光电 (SZ:300323),1052
旋极信息 (SZ:300324),903
德威新材 (SZ:300325),376
凯利泰 (SZ:300326),1770
中颖电子 (SZ:300327),1503
宜安科技 (SZ:300328),1027
海伦钢琴 (SZ:300329),1080
华虹计通 (SZ:300330),450
苏大维格 (SZ:300331),2864
天壕节能 (SZ:300332),1357
兆日科技 (SZ:300333),1758
津膜科技 (SZ:300334),1689
迪森股份 (SZ:300335),803
新文化 (SZ:300336),1561
银邦股份 (SZ:300337),1017
开元仪器 (SZ:300338),563
润和软件 (SZ:300339),1033
科恒股份 (SZ:300340),632
麦迪电气 (SZ:300341),438
天银机电 (SZ:300342),615
联创节能 (SZ:300343),522
太空板业 (SZ:300344),543
红宇新材 (SZ:300345),221
南大光电 (SZ:300346),548
泰格医药 (SZ:300347),4290
长亮科技 (SZ:300348),425
金卡股份 (SZ:300349),897
华鹏飞 (SZ:300350),424
永贵电器 (SZ:300351),1056
北信源 (SZ:300352),1301
东土科技 (SZ:300353),569
东华测试 (SZ:300354),684
蒙草抗旱 (SZ:300355),1990
光一科技 (SZ:300356),954
我武生物 (SZ:300357),2994
楚天科技 (SZ:300358),772
全通教育 (SZ:300359),2582
炬华科技 (SZ:300360),364
奥赛康 (SZ:300361),344
天保重装 (SZ:300362),396
博腾股份 (SZ:300363),2416
恒华科技 (SZ:300365),241
创意信息 (SZ:300366),426
东方网力 (SZ:300367),1798
汇金股份 (SZ:300368),526
绿盟科技 (SZ:300369),3315
安控科技 (SZ:300370),511
汇中股份 (SZ:300371),304
欣泰电气 (SZ:300372),170
扬杰科技 (SZ:300373),753
鹏翎股份 (SZ:300375),304
易事特 (SZ:300376),1171
赢时胜 (SZ:300377),529
鼎捷软件 (SZ:300378),403
东方通 (SZ:300379),904
安硕信息 (SZ:300380),467
溢多利 (SZ:300381),265
斯莱克 (SZ:300382),844
光环新网 (SZ:300383),2530
三联虹普 (SZ:300384),345
雪浪环境 (SZ:300385),1058
飞天诚信 (SZ:300386),2148
富邦股份 (SZ:300387),296
国祯环保 (SZ:300388),512
艾比森 (SZ:300389),1099
天华超净 (SZ:300390),437
康跃科技 (SZ:300391),265
腾信股份 (SZ:300392),659
中来股份 (SZ:300393),225
菲利华 (SZ:300395),271
迪瑞医疗 (SZ:300396),634
天和防务 (SZ:300397),1752
浦发银行 (SH:600000),45857
白云机场 (SH:600004),1845
武钢股份 (SH:600005),981
东风汽车 (SH:600006),1606
中国国贸 (SH:600007),492
首创股份 (SH:600008),1709
上海机场 (SH:600009),3609
包钢股份 (SH:600010),2491
华能国际 (SH:600011),2538
皖通高速 (SH:600012),500
华夏银行 (SH:600015),3917
民生银行 (SH:600016),87313
日照港 (SH:600017),686
上港集团 (SH:600018),3069
宝钢股份 (SH:600019),5654
中原高速 (SH:600020),251
上海电力 (SH:600021),973
山东钢铁 (SH:600022),431
浙能电力 (SH:600023),1257
中海发展 (SH:600026),1561
华电国际 (SH:600027),1412
中国石化 (SH:600028),12247
南方航空 (SH:600029),1686
中信证券 (SH:600030),16111
三一重工 (SH:600031),6648
福建高速 (SH:600033),501
楚天高速 (SH:600035),214
招商银行 (SH:600036),83592
歌华有线 (SH:600037),2283
哈飞股份 (SH:600038),1523
四川路桥 (SH:600039),685
保利地产 (SH:600048),7379
中国联通 (SH:600050),6621
宁波联合 (SH:600051),494
浙江广厦 (SH:600052),465
中江地产 (SH:600053),271
黄山旅游 (SH:600054),1077
华润万东 (SH:600055),935
中国医药 (SH:600056),1746
象屿股份 (SH:600057),756
五矿发展 (SH:600058),884
古越龙山 (SH:600059),2892
海信电器 (SH:600060),3580
中纺投资 (SH:600061),528
华润双鹤 (SH:600062),1946
皖维高新 (SH:600063),590
南京高科 (SH:600064),938
宇通客车 (SH:600066),4579
冠城大通 (SH:600067),834
葛洲坝 (SH:600068),1154
银鸽投资 (SH:600069),606
浙江富润 (SH:600070),802
凤凰光学 (SH:600071),1105
*ST钢构 (SH:600072),991
上海梅林 (SH:600073),1581
中达股份 (SH:600074),690
*ST新业 (SH:600075),514
青鸟华光 (SH:600076),336
宋都股份 (SH:600077),305
澄星股份 (SH:600078),473
人福医药 (SH:600079),3011
金花股份 (SH:600080),1021
东风科技 (SH:600081),787
海泰发展 (SH:600082),407
博信股份 (SH:600083),153
中葡股份 (SH:600084),1023
同仁堂 (SH:600085),9218
东方金钰 (SH:600086),899
退市长油 (SH:600087),932
中视传媒 (SH:600088),1428
特变电工 (SH:600089),5656
啤酒花 (SH:600090),563
ST明科 (SH:600091),352
禾嘉股份 (SH:600093),420
大名城 (SH:600094),243
哈高科 (SH:600095),628
云天化 (SH:600096),1005
开创国际 (SH:600097),338
广州发展 (SH:600098),2137
林海股份 (SH:600099),403
同方股份 (SH:600100),3325
明星电力 (SH:600101),427
莱钢股份 (SH:600102),9
青山纸业 (SH:600103),333
上汽集团 (SH:600104),10228
永鼎股份 (SH:600105),599
重庆路桥 (SH:600106),677
美尔雅 (SH:600107),359
亚盛集团 (SH:600108),2935
国金证券 (SH:600109),5665
中科英华 (SH:600110),784
包钢稀土 (SH:600111),5850
天成控股 (SH:600112),481
浙江东日 (SH:600113),500
东睦股份 (SH:600114),864
东方航空 (SH:600115),1217
三峡水利 (SH:600116),464
西宁特钢 (SH:600117),468
中国卫星 (SH:600118),3908
长江投资 (SH:600119),1647
浙江东方 (SH:600120),810
郑州煤电 (SH:600121),269
宏图高科 (SH:600122),978
兰花科创 (SH:600123),1694
铁龙物流 (SH:600125),1669
杭钢股份 (SH:600126),429
金健米业 (SH:600127),717
弘业股份 (SH:600128),535
太极集团 (SH:600129),1017
波导股份 (SH:600130),699
岷江水电 (SH:600131),220
重庆啤酒 (SH:600132),1199
东湖高新 (SH:600133),964
乐凯胶片 (SH:600135),1374
道博股份 (SH:600136),382
浪莎股份 (SH:600137),1511
中青旅 (SH:600138),2873
西部资源 (SH:600139),1137
兴发集团 (SH:600141),791
金发科技 (SH:600143),2391
*ST国创 (SH:600145),469
大元股份 (SH:600146),383
长春一东 (SH:600148),401
廊坊发展 (SH:600149),2200
中国船舶 (SH:600150),3008
航天机电 (SH:600151),1878
维科精华 (SH:600152),715
建发股份 (SH:600153),1878
宝硕股份 (SH:600155),999
华升股份 (SH:600156),440
永泰能源 (SH:600157),4713
中体产业 (SH:600158),3925
大龙地产 (SH:600159),310
巨化股份 (SH:600160),966
天坛生物 (SH:600161),2987
香江控股 (SH:600162),540
福建南纸 (SH:600163),607
新日恒力 (SH:600165),405
福田汽车 (SH:600166),1699
联美控股 (SH:600167),424
武汉控股 (SH:600168),455
太原重工 (SH:600169),1518
上海建工 (SH:600170),729
上海贝岭 (SH:600171),1385
黄河旋风 (SH:600172),889
卧龙地产 (SH:600173),309
美都控股 (SH:600175),1198
中国玻纤 (SH:600176),944
雅戈尔 (SH:600177),5920
*ST东安 (SH:600178),385
黑化股份 (SH:600179),295
瑞茂通 (SH:600180),4120
S佳通 (SH:600182),530
生益科技 (SH:600183),1311
光电股份 (SH:600184),1580
格力地产 (SH:600185),848
莲花味精 (SH:600186),459
国中水务 (SH:600187),1368
兖州煤业 (SH:600188),1058
吉林森工 (SH:600189),489
锦州港 (SH:600190),290
华资实业 (SH:600191),289
长城电工 (SH:600192),904
创兴资源 (SH:600193),851
中牧股份 (SH:600195),1101
复星医药 (SH:600196),18165
伊力特 (SH:600197),993
大唐电信 (SH:600198),2489
金种子酒 (SH:600199),1512
江苏吴中 (SH:600200),1776
金宇集团 (SH:600201),1190
哈空调 (SH:600202),458
福日电子 (SH:600203),715
有研新材 (SH:600206),809
安彩高科 (SH:600207),268
新湖中宝 (SH:600208),840
罗顿发展 (SH:600209),914
紫江企业 (SH:600210),965
西藏药业 (SH:600211),895
江泉实业 (SH:600212),263
亚星客车 (SH:600213),317
长春经开 (SH:600215),266
浙江医药 (SH:600216),2095
秦岭水泥 (SH:600217),1080
全柴动力 (SH:600218),600
南山铝业 (SH:600219),1721
江苏阳光 (SH:600220),1028
海南航空 (SH:600221),1945
太龙药业 (SH:600222),445
鲁商置业 (SH:600223),300
天津松江 (SH:600225),723
升华拜克 (SH:600226),549
赤天化 (SH:600227),232
*ST昌九 (SH:600228),2057
青岛碱业 (SH:600229),375
沧州大化 (SH:600230),485
凌钢股份 (SH:600231),218
金鹰股份 (SH:600232),338
大杨创世 (SH:600233),859
山水文化 (SH:600234),1392
民丰特纸 (SH:600235),286
桂冠电力 (SH:600236),553
铜峰电子 (SH:600237),1203
海南椰岛 (SH:600238),615
云南城投 (SH:600239),639
华业地产 (SH:600240),710
时代万恒 (SH:600241),231
中昌海运 (SH:600242),422
青海华鼎 (SH:600243),308
万通地产 (SH:600246),831
*ST成城 (SH:600247),376
延长化建 (SH:600248),272
两面针 (SH:600249),651
南纺股份 (SH:600250),322
冠农股份 (SH:600251),1390
中恒集团 (SH:600252),3514
天方药业 (SH:600253),92
鑫科材料 (SH:600255),813
广汇能源 (SH:600256),7437
大湖股份 (SH:600257),821
首旅酒店 (SH:600258),582
广晟有色 (SH:600259),1614
凯乐科技 (SH:600260),684
阳光照明 (SH:600261),1716
北方股份 (SH:600262),914
路桥建设 (SH:600263),16
ST景谷 (SH:600265),592
北京城建 (SH:600266),1166
海正药业 (SH:600267),12310
国电南自 (SH:600268),1115
赣粤高速 (SH:600269),860
外运发展 (SH:600270),1861
航天信息 (SH:600271),3145
开开实业 (SH:600272),499
华芳纺织 (SH:600273),555
武昌鱼 (SH:600275),384
恒瑞医药 (SH:600276),9385
亿利能源 (SH:600277),638
东方创业 (SH:600278),696
重庆港九 (SH:600279),775
中央商场 (SH:600280),779
太化股份 (SH:600281),174
*ST南钢 (SH:600282),325
钱江水利 (SH:600283),433
浦东建设 (SH:600284),818
羚锐制药 (SH:600285),1495
江苏舜天 (SH:600287),445
大恒科技 (SH:600288),1131
亿阳信通 (SH:600289),1265
华仪电气 (SH:600290),806
西水股份 (SH:600291),858
中电远达 (SH:600292),1742
三峡新材 (SH:600293),298
鄂尔多斯 (SH:600295),551
美罗药业 (SH:600297),635
安琪酵母 (SH:600298),5417
*ST新材 (SH:600299),373
维维股份 (SH:600300),909
ST南化 (SH:600301),864
标准股份 (SH:600302),213
曙光股份 (SH:600303),636
恒顺醋业 (SH:600305),2414
*ST商城 (SH:600306),480
酒钢宏兴 (SH:600307),378
华泰股份 (SH:600308),463
万华化学 (SH:600309),6144
桂东电力 (SH:600310),657
荣华实业 (SH:600311),377
平高电气 (SH:600312),2553
农发种业 (SH:600313),657
上海家化 (SH:600315),14445
洪都航空 (SH:600316),3463
营口港 (SH:600317),2214
巢东股份 (SH:600318),336
亚星化学 (SH:600319),412
振华重工 (SH:600320),1756
国栋建设 (SH:600321),261
天房发展 (SH:600322),393
瀚蓝环境 (SH:600323),1154
华发股份 (SH:600325),1443
西藏天路 (SH:600326),656
大东方 (SH:600327),782
兰太实业 (SH:600328),472
中新药业 (SH:600329),2657
天通股份 (SH:600330),2821
宏达股份 (SH:600331),750
白云山 (SH:600332),17527
长春燃气 (SH:600333),534
国机汽车 (SH:600335),1185
澳柯玛 (SH:600336),775
美克家居 (SH:600337),1020
西藏珠峰 (SH:600338),490
天利高新 (SH:600339),694
华夏幸福 (SH:600340),3567
航天动力 (SH:600343),1685
长江通信 (SH:600345),1036
大橡塑 (SH:600346),393
阳泉煤业 (SH:600348),1150
山东高速 (SH:600350),541
亚宝药业 (SH:600351),1276
浙江龙盛 (SH:600352),6902
旭光股份 (SH:600353),331
敦煌种业 (SH:600354),1099
精伦电子 (SH:600355),1569
恒丰纸业 (SH:600356),447
国旅联合 (SH:600358),335
新农开发 (SH:600359),544
华微电子 (SH:600360),522
华联综超 (SH:600361),424
江西铜业 (SH:600362),2766
联创光电 (SH:600363),1022
通葡股份 (SH:600365),293
宁波韵升 (SH:600366),1742
红星发展 (SH:600367),731
五洲交通 (SH:600368),404
西南证券 (SH:600369),752
三房巷 (SH:600370),383
万向德农 (SH:600371),1238
中航电子 (SH:600372),2845
中文传媒 (SH:600373),1358
华菱星马 (SH:600375),749
首开股份 (SH:600376),1107
宁沪高速 (SH:600377),2101
天科股份 (SH:600378),683
宝光股份 (SH:600379),239
健康元 (SH:600380),1057
*ST贤成 (SH:600381),543
广东明珠 (SH:600382),945
金地集团 (SH:600383),2853
ST金泰 (SH:600385),380
北巴传媒 (SH:600386),678
海越股份 (SH:600387),2691
龙净环保 (SH:600388),4326
江山股份 (SH:600389),1347
金瑞科技 (SH:600390),3230
成发科技 (SH:600391),1749
盛和资源 (SH:600392),751
东华实业 (SH:600393),158
盘江股份 (SH:600395),1230
金山股份 (SH:600396),634
安源煤业 (SH:600397),580
海澜之家 (SH:600398),1138
抚顺特钢 (SH:600399),1534
红豆股份 (SH:600400),565
海润光伏 (SH:600401),3256
大有能源 (SH:600403),404
动力源 (SH:600405),2798
国电南瑞 (SH:600406),4847
安泰集团 (SH:600408),321
三友化工 (SH:600409),768
华胜天成 (SH:600410),1895
小商品城 (SH:600415),1351
湘电股份 (SH:600416),1558
江淮汽车 (SH:600418),4632
天润乳业 (SH:600419),503
现代制药 (SH:600420),1162
仰帆控股 (SH:600421),346
昆明制药 (SH:600422),1925
柳化股份 (SH:600423),230
青松建化 (SH:600425),997
华鲁恒升 (SH:600426),1142
中远航运 (SH:600428),1612
三元股份 (SH:600429),1788
吉恩镍业 (SH:600432),2320
冠豪高新 (SH:600433),1417
北方导航 (SH:600435),3607
片仔癀 (SH:600436),8862
通威股份 (SH:600438),799
瑞贝卡 (SH:600439),1503
国通管业 (SH:600444),259
金证股份 (SH:600446),3017
华纺股份 (SH:600448),257
宁夏建材 (SH:600449),595
涪陵电力 (SH:600452),294
博通股份 (SH:600455),509
宝钛股份 (SH:600456),2437
时代新材 (SH:600458),1273
贵研铂业 (SH:600459),4065
士兰微 (SH:600460),1718
洪城水业 (SH:600461),406
石岘纸业 (SH:600462),202
空港股份 (SH:600463),341
迪康药业 (SH:600466),520
好当家 (SH:600467),953
百利电气 (SH:600468),537
风神股份 (SH:600469),474
六国化工 (SH:600470),538
华光股份 (SH:600475),552
湘邮科技 (SH:600476),1055
杭萧钢构 (SH:600477),449
科力远 (SH:600478),2353
千金药业 (SH:600479),1940
凌云股份 (SH:600480),1157
双良节能 (SH:600481),1380
风帆股份 (SH:600482),1570
福建南纺 (SH:600483),430
中创信测 (SH:600485),1260
扬农化工 (SH:600486),1109
亨通光电 (SH:600487),649
天药股份 (SH:600488),386
中金黄金 (SH:600489),2295
鹏欣资源 (SH:600490),868
龙元建设 (SH:600491),243
凤竹纺织 (SH:600493),438
晋西车轴 (SH:600495),1984
精工钢构 (SH:600496),510
驰宏锌锗 (SH:600497),1787
烽火通信 (SH:600498),2704
科达洁能 (SH:600499),6270
中化国际 (SH:600500),995
航天晨光 (SH:600501),1105
安徽水利 (SH:600502),726
华丽家族 (SH:600503),1332
西昌电力 (SH:600505),203
香梨股份 (SH:600506),631
方大特钢 (SH:600507),593
上海能源 (SH:600508),442
天富能源 (SH:600509),1670
黑牡丹 (SH:600510),369
国药股份 (SH:600511),1911
腾达建设 (SH:600512),202
联环药业 (SH:600513),667
海岛建设 (SH:600515),751
方大炭素 (SH:600516),2637
置信电气 (SH:600517),1141
康美药业 (SH:600518),7314
贵州茅台 (SH:600519),85989
中发科技 (SH:600520),462
华海药业 (SH:600521),8918
中天科技 (SH:600522),2578
贵航股份 (SH:600523),1113
长园集团 (SH:600525),1319
菲达环保 (SH:600526),1914
江南高纤 (SH:600527),1182
中铁二局 (SH:600528),738
山东药玻 (SH:600529),641
交大昂立 (SH:600530),427
豫光金铅 (SH:600531),800
宏达矿业 (SH:600532),248
栖霞建设 (SH:600533),209
天士力 (SH:600535),9475
中国软件 (SH:600536),3280
亿晶光电 (SH:600537),3550
国发股份 (SH:600538),379
狮头股份 (SH:600539),267
新赛股份 (SH:600540),343
莫高股份 (SH:600543),921
新疆城建 (SH:600545),1547
山煤国际 (SH:600546),885
山东黄金 (SH:600547),3356
深高速 (SH:600548),437
厦门钨业 (SH:600549),2491
*ST天威 (SH:600550),1769
时代出版 (SH:600551),1836
方兴科技 (SH:600552),458
九龙山 (SH:600555),359
北生药业 (SH:600556),985
康缘药业 (SH:600557),3167
大西洋 (SH:600558),362
老白干酒 (SH:600559),1325
金自天正 (SH:600560),483
江西长运 (SH:600561),436
国睿科技 (SH:600562),2337
法拉电子 (SH:600563),1754
迪马股份 (SH:600565),380
洪城股份 (SH:600566),712
山鹰纸业 (SH:600567),473
中珠控股 (SH:600568),1116
安阳钢铁 (SH:600569),302
恒生电子 (SH:600570),4174
信雅达 (SH:600571),831
康恩贝 (SH:600572),1859
惠泉啤酒 (SH:600573),516
皖江物流 (SH:600575),640
万好万家 (SH:600576),753
精达股份 (SH:600577),339
京能电力 (SH:600578),879
天华院 (SH:600579),246
卧龙电气 (SH:600580),911
八一钢铁 (SH:600581),320
天地科技 (SH:600582),973
海油工程 (SH:600583),3045
长电科技 (SH:600584),2575
海螺水泥 (SH:600585),8518
金晶科技 (SH:600586),704
新华医疗 (SH:600587),2667
用友软件 (SH:600588),4192
广东榕泰 (SH:600589),377
泰豪科技 (SH:600590),740
龙溪股份 (SH:600592),836
大连圣亚 (SH:600593),271
益佰制药 (SH:600594),1578
中孚实业 (SH:600595),883
新安股份 (SH:600596),1840
光明乳业 (SH:600597),5789
*ST大荒 (SH:600598),5145
熊猫烟花 (SH:600599),1694
青岛啤酒 (SH:600600),4976
方正科技 (SH:600601),1055
仪电电子 (SH:600602),788
大洲兴业 (SH:600603),420
市北高新 (SH:600604),553
汇通能源 (SH:600605),302
金丰投资 (SH:600606),1762
上海科技 (SH:600608),381
金杯汽车 (SH:600609),417
S*ST中纺 (SH:600610),155
大众交通 (SH:600611),1167
老凤祥 (SH:600612),1613
神奇制药 (SH:600613),1098
鼎立股份 (SH:600614),446
丰华股份 (SH:600615),415
金枫酒业 (SH:600616),809
国新能源 (SH:600617),296
氯碱化工 (SH:600618),463
海立股份 (SH:600619),289
天宸股份 (SH:600620),1435
华鑫股份 (SH:600621),403
嘉宝集团 (SH:600622),365
双钱股份 (SH:600623),553
复旦复华 (SH:600624),1363
申达股份 (SH:600626),1145
新世界 (SH:600628),1038
棱光实业 (SH:600629),316
龙头股份 (SH:600630),909
浙报传媒 (SH:600633),4661
中技控股 (SH:600634),547
大众公用 (SH:600635),1079
三爱富 (SH:600636),1566
百视通 (SH:600637),7197
新黄浦 (SH:600638),546
浦东金桥 (SH:600639),1172
号百控股 (SH:600640),1977
万业企业 (SH:600641),252
申能股份 (SH:600642),1599
爱建股份 (SH:600643),2167
乐山电力 (SH:600644),471
中源协和 (SH:600645),3000
同达创业 (SH:600647),228
外高桥 (SH:600648),3102
城投控股 (SH:600649),1522
锦江投资 (SH:600650),740
飞乐音响 (SH:600651),847
爱使股份 (SH:600652),967
申华控股 (SH:600653),426
飞乐股份 (SH:600654),746
豫园商城 (SH:600655),1895
博元投资 (SH:600656),387
信达地产 (SH:600657),413
电子城 (SH:600658),578
福耀玻璃 (SH:600660),9474
新南洋 (SH:600661),1504
强生控股 (SH:600662),1049
陆家嘴 (SH:600663),1540
哈药股份 (SH:600664),1636
天地源 (SH:600665),190
西南药业 (SH:600666),1734
太极实业 (SH:600667),897
尖峰集团 (SH:600668),1384
天目药业 (SH:600671),341
东阳光科 (SH:600673),1202
川投能源 (SH:600674),3156
中华企业 (SH:600675),962
交运股份 (SH:600676),407
航天通信 (SH:600677),1934
四川金顶 (SH:600678),303
金山开发 (SH:600679),676
上海普天 (SH:600680),1550
万鸿集团 (SH:600681),250
南京新百 (SH:600682),393
京投银泰 (SH:600683),734
珠江实业 (SH:600684),759
广船国际 (SH:600685),964
金龙汽车 (SH:600686),853
刚泰控股 (SH:600687),347
上海石化 (SH:600688),1650
*ST三毛 (SH:600689),522
青岛海尔 (SH:600690),6332
阳煤化工 (SH:600691),509
亚通股份 (SH:600692),598
东百集团 (SH:600693),314
大商股份 (SH:600694),2896
大江股份 (SH:600695),355
多伦股份 (SH:600696),604
欧亚集团 (SH:600697),792
湖南天雁 (SH:600698),711
均胜电子 (SH:600699),4700
工大高新 (SH:600701),466
沱牌舍得 (SH:600702),1641
三安光电 (SH:600703),3668
物产中大 (SH:600704),1478
中航资本 (SH:600705),3187
曲江文旅 (SH:600706),665
彩虹股份 (SH:600707),2033
海博股份 (SH:600708),1150
常林股份 (SH:600710),303
盛屯矿业 (SH:600711),1107
南宁百货 (SH:600712),253
南京医药 (SH:600713),1393
金瑞矿业 (SH:600714),292
松辽汽车 (SH:600715),825
凤凰股份 (SH:600716),469
天津港 (SH:600717),2008
东软集团 (SH:600718),4928
大连热电 (SH:600719),279
祁连山 (SH:600720),819
百花村 (SH:600721),219
金牛化工 (SH:600722),314
首商股份 (SH:600723),404
宁波富达 (SH:600724),228
云维股份 (SH:600725),478
华电能源 (SH:600726),508
鲁北化工 (SH:600727),211
佳都科技 (SH:600728),738
重庆百货 (SH:600729),1115
中国高科 (SH:600730),664
湖南海利 (SH:600731),281
上海新梅 (SH:600732),660
S前锋 (SH:600733),294
实达集团 (SH:600734),234
新华锦 (SH:600735),447
苏州高新 (SH:600736),1425
中粮屯河 (SH:600737),1341
兰州民百 (SH:600738),285
辽宁成大 (SH:600739),4452
山西焦化 (SH:600740),415
华域汽车 (SH:600741),3034
一汽富维 (SH:600742),948
华远地产 (SH:600743),847
华银电力 (SH:600744),215
中茵股份 (SH:600745),306
江苏索普 (SH:600746),411
大连控股 (SH:600747),645
上实发展 (SH:600748),712
西藏旅游 (SH:600749),1194
江中药业 (SH:600750),6818
天津海运 (SH:600751),1172
东方银星 (SH:600753),238
锦江股份 (SH:600754),1963
厦门国贸 (SH:600755),1117
浪潮软件 (SH:600756),4115
长江传媒 (SH:600757),556
红阳能源 (SH:600758),172
洲际油气 (SH:600759),1021
中航黑豹 (SH:600760),1562
安徽合力 (SH:600761),1842
通策医疗 (SH:600763),4264
中电广通 (SH:600764),224
中航重机 (SH:600765),3132
园城黄金 (SH:600766),236
运盛实业 (SH:600767),1023
宁波富邦 (SH:600768),363
祥龙电业 (SH:600769),348
综艺股份 (SH:600770),1409
广誉远 (SH:600771),2586
西藏城投 (SH:600773),1031
汉商集团 (SH:600774),190
南京熊猫 (SH:600775),869
东方通信 (SH:600776),862
新潮实业 (SH:600777),575
友好集团 (SH:600778),591
水井坊 (SH:600779),1452
通宝能源 (SH:600780),325
辅仁药业 (SH:600781),865
新钢股份 (SH:600782),365
鲁信创投 (SH:600783),2041
鲁银投资 (SH:600784),511
新华百货 (SH:600785),879
中储股份 (SH:600787),2098
鲁抗医药 (SH:600789),1262
轻纺城 (SH:600790),1579
京能置业 (SH:600791),209
云煤能源 (SH:600792),270
ST宜纸 (SH:600793),182
保税科技 (SH:600794),796
国电电力 (SH:600795),3182
钱江生化 (SH:600796),281
浙大网新 (SH:600797),1890
宁波海运 (SH:600798),850
天津磁卡 (SH:600800),780
华新水泥 (SH:600801),1079
福建水泥 (SH:600802),557
威远生化 (SH:600803),801
鹏博士 (SH:600804),5174
悦达投资 (SH:600805),2443
昆明机床 (SH:600806),282
天业股份 (SH:600807),225
马钢股份 (SH:600808),499
山西汾酒 (SH:600809),3694
神马股份 (SH:600810),609
东方集团 (SH:600811),1087
华北制药 (SH:600812),1084
杭州解百 (SH:600814),387
厦工股份 (SH:600815),426
安信信托 (SH:600816),1614
ST宏盛 (SH:600817),537
中路股份 (SH:600818),481
耀皮玻璃 (SH:600819),308
隧道股份 (SH:600820),2150
津劝业 (SH:600821),286
上海物贸 (SH:600822),1167
世茂股份 (SH:600823),1002
益民集团 (SH:600824),644
新华传媒 (SH:600825),2290
兰生股份 (SH:600826),2331
百联股份 (SH:600827),2499
成商集团 (SH:600828),311
三精制药 (SH:600829),663
香溢融通 (SH:600830),1403
广电网络 (SH:600831),729
东方明珠 (SH:600832),3511
第一医药 (SH:600833),757
申通地铁 (SH:600834),467
上海机电 (SH:600835),2738
界龙实业 (SH:600836),609
海通证券 (SH:600837),7113
上海九百 (SH:600838),733
四川长虹 (SH:600839),4235
上柴股份 (SH:600841),266
上工申贝 (SH:600843),527
丹化科技 (SH:600844),733
宝信软件 (SH:600845),523
同济科技 (SH:600846),2284
万里股份 (SH:600847),107
自仪股份 (SH:600848),354
华东电脑 (SH:600850),412
海欣股份 (SH:600851),867
龙建股份 (SH:600853),284
春兰股份 (SH:600854),449
航天长峰 (SH:600855),2224
长百集团 (SH:600856),257
工大首创 (SH:600857),1640
银座股份 (SH:600858),883
王府井 (SH:600859),2147
*ST京城 (SH:600860),432
北京城乡 (SH:600861),493
南通科技 (SH:600862),353
内蒙华电 (SH:600863),1903
哈投股份 (SH:600864),539
百大集团 (SH:600865),317
星湖科技 (SH:600866),995
通化东宝 (SH:600867),5800
梅雁吉祥 (SH:600868),539
智慧能源 (SH:600869),1145
厦华电子 (SH:600870),930
*ST仪化 (SH:600871),328
中炬高新 (SH:600872),2863
梅花生物 (SH:600873),1049
创业环保 (SH:600874),1201
东方电气 (SH:600875),3502
洛阳玻璃 (SH:600876),340
中国嘉陵 (SH:600877),1294
航天电子 (SH:600879),2931
博瑞传播 (SH:600880),4277
亚泰集团 (SH:600881),825
华联矿业 (SH:600882),261
博闻科技 (SH:600883),314
杉杉股份 (SH:600884),2531
宏发股份 (SH:600885),979
国投电力 (SH:600886),27285
伊利股份 (SH:600887),19503
新疆众和 (SH:600888),504
南京化纤 (SH:600889),517
中房股份 (SH:600890),338
秋林集团 (SH:600891),302
宝诚股份 (SH:600892),506
航空动力 (SH:600893),4329
广日股份 (SH:600894),628
张江高科 (SH:600895),1438
中海海盛 (SH:600896),371
厦门空港 (SH:600897),773
三联商社 (SH:600898),604
长江电力 (SH:600900),6500
重庆燃气 (SH:600917),209
渤海活塞 (SH:600960),329
株冶集团 (SH:600961),529
国投中鲁 (SH:600962),355
岳阳林纸 (SH:600963),678
福成五丰 (SH:600965),959
博汇纸业 (SH:600966),500
北方创业 (SH:600967),1628
郴电国际 (SH:600969),213
中材国际 (SH:600970),1261
恒源煤电 (SH:600971),385
宝胜股份 (SH:600973),455
新五丰 (SH:600975),445
武汉健民 (SH:600976),2808
宜华木业 (SH:600978),1509
广安爱众 (SH:600979),372
北矿磁材 (SH:600980),526
汇鸿股份 (SH:600981),151
宁波热电 (SH:600982),529
合肥三洋 (SH:600983),624
建设机械 (SH:600984),196
雷鸣科化 (SH:600985),246
科达股份 (SH:600986),243
航民股份 (SH:600987),598
赤峰黄金 (SH:600988),719
四创电子 (SH:600990),1697
广汽长丰 (SH:600991),25
贵绳股份 (SH:600992),196
马应龙 (SH:600993),2824
文山电力 (SH:600995),408
开滦股份 (SH:600997),403
九州通 (SH:600998),2277
招商证券 (SH:600999),4305
唐山港 (SH:601000),2945
大同煤业 (SH:601001),925
晋亿实业 (SH:601002),1884
柳钢股份 (SH:601003),191
重庆钢铁 (SH:601005),297
大秦铁路 (SH:601006),9371
金陵饭店 (SH:601007),543
连云港 (SH:601008),2196
南京银行 (SH:601009),1624
文峰股份 (SH:601010),701
宝泰隆 (SH:601011),295
隆基股份 (SH:601012),2341
节能风电 (SH:601016),312
宁波港 (SH:601018),1652
玉龙股份 (SH:601028),789
一拖股份 (SH:601038),1012
赛轮股份 (SH:601058),602
中国神华 (SH:601088),10590
中南传媒 (SH:601098),1819
太平洋 (SH:601099),1273
恒立油缸 (SH:601100),514
昊华能源 (SH:601101),570
中国一重 (SH:601106),833
四川成渝 (SH:601107),366
中国国航 (SH:601111),1505
华鼎股份 (SH:601113),193
三江购物 (SH:601116),270
中国化学 (SH:601117),3532
海南橡胶 (SH:601118),3108
四方股份 (SH:601126),1817
博威合金 (SH:601137),339
深圳燃气 (SH:601139),1087
重庆水务 (SH:601158),1066
兴业银行 (SH:601166),81335
西部矿业 (SH:601168),1212
北京银行 (SH:601169),3620
杭齿前进 (SH:601177),327
中国西电 (SH:601179),3968
中国铁建 (SH:601186),2296
龙江交通 (SH:601188),326
江南水务 (SH:601199),398
东材科技 (SH:601208),1108
内蒙君正 (SH:601216),2902
吉鑫科技 (SH:601218),780
林洋电子 (SH:601222),1134
陕西煤业 (SH:601225),563
环旭电子 (SH:601231),2299
桐昆股份 (SH:601233),734
广汽集团 (SH:601238),1632
庞大集团 (SH:601258),1037
*ST二重 (SH:601268),374
农业银行 (SH:601288),4516
中国北车 (SH:601299),4322
骆驼股份 (SH:601311),1289
江南嘉捷 (SH:601313),901
中国平安 (SH:601318),63288
交通银行 (SH:601328),7474
广深铁路 (SH:601333),1925
新华保险 (SH:601336),2118
百隆东方 (SH:601339),374
陕鼓动力 (SH:601369),2860
兴业证券 (SH:601377),1533
怡球资源 (SH:601388),526
中国中铁 (SH:601390),1750
工商银行 (SH:601398),9264
东风股份 (SH:601515),923
吉林高速 (SH:601518),177
大智慧 (SH:601519),2190
东吴证券 (SH:601555),1177
*ST锐电 (SH:601558),1009
九牧王 (SH:601566),1294
三星电气 (SH:601567),545
会稽山 (SH:601579),810
北辰实业 (SH:601588),377
鹿港科技 (SH:601599),283
中国铝业 (SH:601600),1876
中国太保 (SH:601601),2786
上海医药 (SH:601607),5142
中信重工 (SH:601608),379
广电电气 (SH:601616),543
中国中冶 (SH:601618),799
中国人寿 (SH:601628),5088
长城汽车 (SH:601633),11344
旗滨集团 (SH:601636),382
平煤股份 (SH:601666),538
中国建筑 (SH:601668),8760
中国电建 (SH:601669),1171
明泰铝业 (SH:601677),632
滨化股份 (SH:601678),719
华泰证券 (SH:601688),2607
潞安环能 (SH:601699),1797
风范股份 (SH:601700),452
郑煤机 (SH:601717),973
际华集团 (SH:601718),869
上海电气 (SH:601727),1426
中国南车 (SH:601766),5121
力帆股份 (SH:601777),1391
光大证券 (SH:601788),2791
宁波建工 (SH:601789),380
蓝科高新 (SH:601798),680
星宇股份 (SH:601799),533
中国交建 (SH:601800),1006
皖新传媒 (SH:601801),694
中海油服 (SH:601808),3672
光大银行 (SH:601818),4791
中国石油 (SH:601857),5211
中海集运 (SH:601866),1551
招商轮船 (SH:601872),2019
正泰电器 (SH:601877),1515
大连港 (SH:601880),996
江河创建 (SH:601886),1289
中国国旅 (SH:601888),3810
亚星锚链 (SH:601890),747
中煤能源 (SH:601898),954
紫金矿业 (SH:601899),2379
方正证券 (SH:601901),2449
京运通 (SH:601908),1051
国投新集 (SH:601918),827
中国远洋 (SH:601919),3278
凤凰传媒 (SH:601928),3149
吉视传媒 (SH:601929),933
永辉超市 (SH:601933),8166
建设银行 (SH:601939),5415
金钼股份 (SH:601958),1045
中国汽研 (SH:601965),1825
中国银行 (SH:601988),5797
中国重工 (SH:601989),12284
大唐发电 (SH:601991),708
金隅股份 (SH:601992),1205
丰林集团 (SH:601996),492
中信银行 (SH:601998),7067
出版传媒 (SH:601999),731
人民网 (SH:603000),4142
奥康国际 (SH:603001),834
宏昌电子 (SH:603002),465
龙宇燃油 (SH:603003),529
晶方科技 (SH:603005),2533
联明股份 (SH:603006),433
喜临门 (SH:603008),781
北特科技 (SH:603009),711
和邦股份 (SH:603077),740
长白山 (SH:603099),866
川仪股份 (SH:603100),493
康尼机电 (SH:603111),1333
翠微股份 (SH:603123),387
中材节能 (SH:603126),653
华贸物流 (SH:603128),798
渤海轮渡 (SH:603167),1037
莎普爱思 (SH:603168),1519
亚邦股份 (SH:603188),483
海天味业 (SH:603288),5048
华懋科技 (SH:603306),127
应流股份 (SH:603308),648
依顿电子 (SH:603328),859
明星电缆 (SH:603333),224
日出东方 (SH:603366),863
今世缘 (SH:603369),437
新华龙 (SH:603399),531
贵人鸟 (SH:603555),367
禾丰牧业 (SH:603609),601
石英股份 (SH:603688),9
纽威股份 (SH:603699),785
隆鑫通用 (SH:603766),869
福斯特 (SH:603806),475
洛阳钼业 (SH:603993),904
